,neurons,activation,learning_rate,accuracy,task,target,epochs,batch_size
0,10,relu,0.001,0.790191570881226,vs_Weak,Q96GD4,10,8
0,10,relu,0.001,0.7710673234811166,vs_Weak,Q96GD4,20,8
0,10,relu,0.001,0.7863711001642035,vs_Weak,Q96GD4,30,8
0,10,relu,0.001,0.795927750410509,vs_Weak,Q96GD4,40,8
0,10,relu,0.001,0.7768253968253968,vs_Weak,Q96GD4,100,8
0,10,relu,0.001,0.7728845101258894,vs_Weak,Q96GD4,10,16
0,10,relu,0.001,0.79400109469075,vs_Weak,Q96GD4,20,16
0,10,relu,0.001,0.784488232074439,vs_Weak,Q96GD4,30,16
0,10,relu,0.001,0.7825615763546798,vs_Weak,Q96GD4,40,16
0,10,relu,0.001,0.7844225506294471,vs_Weak,Q96GD4,100,16
0,10,relu,0.001,0.755632183908046,vs_Weak,Q96GD4,10,32
0,10,relu,0.001,0.7863492063492062,vs_Weak,Q96GD4,20,32
0,10,relu,0.001,0.7940229885057472,vs_Weak,Q96GD4,30,32
0,10,relu,0.001,0.7959605911330049,vs_Weak,Q96GD4,40,32
0,10,relu,0.001,0.77871921182266,vs_Weak,Q96GD4,100,32
0,10,relu,0.001,0.7288341543513956,vs_Weak,Q96GD4,10,64
0,10,relu,0.001,0.7729392446633826,vs_Weak,Q96GD4,20,64
0,10,relu,0.001,0.7901477832512316,vs_Weak,Q96GD4,30,64
0,10,relu,0.001,0.7997372742200328,vs_Weak,Q96GD4,40,64
0,10,relu,0.001,0.7863601532567049,vs_Weak,Q96GD4,100,64
0,10,relu,0.001,0.8054515599343186,vs_all,Q96GD4,10,8
0,10,relu,0.001,0.8073015873015873,vs_all,Q96GD4,20,8
0,10,relu,0.001,0.7977558839627804,vs_all,Q96GD4,30,8
0,10,relu,0.001,0.8092501368363437,vs_all,Q96GD4,40,8
0,10,relu,0.001,0.807312534209086,vs_all,Q96GD4,100,8
0,10,relu,0.001,0.7997153804050355,vs_all,Q96GD4,10,16
0,10,relu,0.001,0.8054187192118226,vs_all,Q96GD4,20,16
0,10,relu,0.001,0.8130706075533661,vs_all,Q96GD4,30,16
0,10,relu,0.001,0.8207115489874112,vs_all,Q96GD4,40,16
0,10,relu,0.001,0.7996387520525451,vs_all,Q96GD4,100,16
0,10,relu,0.001,0.7767049808429118,vs_all,Q96GD4,10,32
0,10,relu,0.001,0.8073344280240832,vs_all,Q96GD4,20,32
0,10,relu,0.001,0.8149863163656268,vs_all,Q96GD4,30,32
0,10,relu,0.001,0.8054296661193213,vs_all,Q96GD4,40,32
0,10,relu,0.001,0.8054296661193212,vs_all,Q96GD4,100,32
0,10,relu,0.001,0.7709140667761357,vs_all,Q96GD4,10,64
0,10,relu,0.001,0.7978106185002737,vs_all,Q96GD4,20,64
0,10,relu,0.001,0.8111877394636015,vs_all,Q96GD4,30,64
0,10,relu,0.001,0.8111658456486043,vs_all,Q96GD4,40,64
0,10,relu,0.001,0.8054187192118226,vs_all,Q96GD4,100,64
0,10,relu,0.001,0.8378325123152709,vs_Non-binder,Q96GD4,10,8
0,10,relu,0.001,0.8493267651888342,vs_Non-binder,Q96GD4,20,8
0,10,relu,0.001,0.8435905856595513,vs_Non-binder,Q96GD4,30,8
0,10,relu,0.001,0.845528188286809,vs_Non-binder,Q96GD4,40,8
0,10,relu,0.001,0.8378325123152709,vs_Non-binder,Q96GD4,100,8
0,10,relu,0.001,0.8339901477832513,vs_Non-binder,Q96GD4,10,16
0,10,relu,0.001,0.8512315270935961,vs_Non-binder,Q96GD4,20,16
0,10,relu,0.001,0.8340339354132458,vs_Non-binder,Q96GD4,30,16
0,10,relu,0.001,0.8378544061302682,vs_Non-binder,Q96GD4,40,16
0,10,relu,0.001,0.8225287356321839,vs_Non-binder,Q96GD4,100,16
0,10,relu,0.001,0.8320525451559934,vs_Non-binder,Q96GD4,10,32
0,10,relu,0.001,0.8416967706622879,vs_Non-binder,Q96GD4,20,32
0,10,relu,0.001,0.8550519978106186,vs_Non-binder,Q96GD4,30,32
0,10,relu,0.001,0.8569786535303777,vs_Non-binder,Q96GD4,40,32
0,10,relu,0.001,0.8550629447181172,vs_Non-binder,Q96GD4,100,32
0,10,relu,0.001,0.809064039408867,vs_Non-binder,Q96GD4,10,64
0,10,relu,0.001,0.8397591680350301,vs_Non-binder,Q96GD4,20,64
0,10,relu,0.001,0.8397372742200329,vs_Non-binder,Q96GD4,30,64
0,10,relu,0.001,0.8512315270935961,vs_Non-binder,Q96GD4,40,64
0,10,relu,0.001,0.8378544061302682,vs_Non-binder,Q96GD4,100,64
0,10,relu,0.001,0.751855500821018,shuffled_weak,Q96GD4,10,8
0,10,relu,0.001,0.7652764094143404,shuffled_weak,Q96GD4,20,8
0,10,relu,0.001,0.7672249589490968,shuffled_weak,Q96GD4,30,8
0,10,relu,0.001,0.7557416529830322,shuffled_weak,Q96GD4,40,8
0,10,relu,0.001,0.7442583470169678,shuffled_weak,Q96GD4,100,8
0,10,relu,0.001,0.7498850574712644,shuffled_weak,Q96GD4,10,16
0,10,relu,0.001,0.7576683087027914,shuffled_weak,Q96GD4,20,16
0,10,relu,0.001,0.76336070060208,shuffled_weak,Q96GD4,30,16
0,10,relu,0.001,0.7729392446633826,shuffled_weak,Q96GD4,40,16
0,10,relu,0.001,0.761455938697318,shuffled_weak,Q96GD4,100,16
0,10,relu,0.001,0.7345155993431854,shuffled_weak,Q96GD4,10,32
0,10,relu,0.001,0.7575807334428024,shuffled_weak,Q96GD4,20,32
0,10,relu,0.001,0.7557525998905309,shuffled_weak,Q96GD4,30,32
0,10,relu,0.001,0.7652873563218391,shuffled_weak,Q96GD4,40,32
0,10,relu,0.001,0.7595621237000548,shuffled_weak,Q96GD4,100,32
0,10,relu,0.001,0.7230103995621238,shuffled_weak,Q96GD4,10,64
0,10,relu,0.001,0.7346469622331689,shuffled_weak,Q96GD4,20,64
0,10,relu,0.001,0.7518773946360153,shuffled_weak,Q96GD4,30,64
0,10,relu,0.001,0.7518992884510126,shuffled_weak,Q96GD4,40,64
0,10,relu,0.001,0.7748330596606459,shuffled_weak,Q96GD4,100,64
0,10,relu,0.001,0.8240867637852562,vs_Weak,P49841,10,8
0,10,relu,0.001,0.8156946347901122,vs_Weak,P49841,20,8
0,10,relu,0.001,0.8056190041114665,vs_Weak,P49841,30,8
0,10,relu,0.001,0.8072855861800585,vs_Weak,P49841,40,8
0,10,relu,0.001,0.7972437947312319,vs_Weak,P49841,100,8
0,10,relu,0.001,0.8055682452667376,vs_Weak,P49841,10,16
0,10,relu,0.001,0.8106610493545167,vs_Weak,P49841,20,16
0,10,relu,0.001,0.8173781364736138,vs_Weak,P49841,30,16
0,10,relu,0.001,0.81402805272152,vs_Weak,P49841,40,16
0,10,relu,0.001,0.8039439622354195,vs_Weak,P49841,100,16
0,10,relu,0.001,0.7820669001573525,vs_Weak,P49841,10,32
0,10,relu,0.001,0.8173781364736138,vs_Weak,P49841,20,32
0,10,relu,0.001,0.8106779689694262,vs_Weak,P49841,30,32
0,10,relu,0.001,0.8157115544050217,vs_Weak,P49841,40,32
0,10,relu,0.001,0.8156946347901122,vs_Weak,P49841,100,32
0,10,relu,0.001,0.753557349034736,vs_Weak,P49841,10,64
0,10,relu,0.001,0.8223948022942998,vs_Weak,P49841,20,64
0,10,relu,0.001,0.8157200142124764,vs_Weak,P49841,30,64
0,10,relu,0.001,0.8140449723364296,vs_Weak,P49841,40,64
0,10,relu,0.001,0.8056528433412856,vs_Weak,P49841,100,64
0,10,relu,0.001,0.8139772938767914,vs_all,P49841,10,8
0,10,relu,0.001,0.8274283877298952,vs_all,P49841,20,8
0,10,relu,0.001,0.8475627294722772,vs_all,P49841,30,8
0,10,relu,0.001,0.8257618056613031,vs_all,P49841,40,8
0,10,relu,0.001,0.8039101230056004,vs_all,P49841,100,8
0,10,relu,0.001,0.7938344923269547,vs_all,P49841,10,16
0,10,relu,0.001,0.8341454748489925,vs_all,P49841,20,16
0,10,relu,0.001,0.8156777151752026,vs_all,P49841,30,16
0,10,relu,0.001,0.8190616381571155,vs_all,P49841,40,16
0,10,relu,0.001,0.8157030945975668,vs_all,P49841,100,16
0,10,relu,0.001,0.7820922795797167,vs_all,P49841,10,32
0,10,relu,0.001,0.8274199279224405,vs_all,P49841,20,32
0,10,relu,0.001,0.8207113006107981,vs_all,P49841,30,32
0,10,relu,0.001,0.8190447185422061,vs_all,P49841,40,32
0,10,relu,0.001,0.8173696766661592,vs_all,P49841,100,32
0,10,relu,0.001,0.7485068439842308,vs_all,P49841,10,64
0,10,relu,0.001,0.8056020844965568,vs_all,P49841,20,64
0,10,relu,0.001,0.8240529245554371,vs_all,P49841,30,64
0,10,relu,0.001,0.8290949697984874,vs_all,P49841,40,64
0,10,relu,0.001,0.8207366800331624,vs_all,P49841,100,64
0,10,relu,0.001,0.8290526707612136,vs_Non-binder,P49841,10,8
0,10,relu,0.001,0.8441788064903643,vs_Non-binder,P49841,20,8
0,10,relu,0.001,0.8374532595638122,vs_Non-binder,P49841,30,8
0,10,relu,0.001,0.8357612980728558,vs_Non-binder,P49841,40,8
0,10,relu,0.001,0.8223609630644807,vs_Non-binder,P49841,100,8
0,10,relu,0.001,0.8323689152834882,vs_Non-binder,P49841,10,16
0,10,relu,0.001,0.8374617193712671,vs_Non-binder,P49841,20,16
0,10,relu,0.001,0.8357697578803106,vs_Non-binder,P49841,30,16
0,10,relu,0.001,0.8357782176877654,vs_Non-binder,P49841,40,16
0,10,relu,0.001,0.8273776288851667,vs_Non-binder,P49841,100,16
0,10,relu,0.001,0.8055344060369186,vs_Non-binder,P49841,10,32
0,10,relu,0.001,0.8374532595638122,vs_Non-binder,P49841,20,32
0,10,relu,0.001,0.8324281339356716,vs_Non-binder,P49841,30,32
0,10,relu,0.001,0.8391283014398591,vs_Non-binder,P49841,40,32
0,10,relu,0.001,0.8307361724447152,vs_Non-binder,P49841,100,32
0,10,relu,0.001,0.7954418557433632,vs_Non-binder,P49841,10,64
0,10,relu,0.001,0.8240106255181633,vs_Non-binder,P49841,20,64
0,10,relu,0.001,0.844153427068,vs_Non-binder,P49841,30,64
0,10,relu,0.001,0.8374447997563577,vs_Non-binder,P49841,40,64
0,10,relu,0.001,0.8341116356191733,vs_Non-binder,P49841,100,64
0,10,relu,0.001,0.7887755274689949,shuffled_weak,P49841,10,8
0,10,relu,0.001,0.8290865099910326,shuffled_weak,P49841,20,8
0,10,relu,0.001,0.8173442972437948,shuffled_weak,P49841,30,8
0,10,relu,0.001,0.8055513256518282,shuffled_weak,P49841,40,8
0,10,relu,0.001,0.8055767050741925,shuffled_weak,P49841,100,8
0,10,relu,0.001,0.78876706766154,shuffled_weak,P49841,10,16
0,10,relu,0.001,0.834120095426628,shuffled_weak,P49841,20,16
0,10,relu,0.001,0.8274114681149857,shuffled_weak,P49841,30,16
0,10,relu,0.001,0.8257364262389388,shuffled_weak,P49841,40,16
0,10,relu,0.001,0.8240698441703467,shuffled_weak,P49841,100,16
0,10,relu,0.001,0.7468233423007292,shuffled_weak,P49841,10,32
0,10,relu,0.001,0.8139772938767914,shuffled_weak,P49841,20,32
0,10,relu,0.001,0.8240698441703467,shuffled_weak,P49841,30,32
0,10,relu,0.001,0.8274283877298952,shuffled_weak,P49841,40,32
0,10,relu,0.001,0.8257448860463935,shuffled_weak,P49841,100,32
0,10,relu,0.001,0.7317310458013976,shuffled_weak,P49841,10,64
0,10,relu,0.001,0.7938175727120451,shuffled_weak,P49841,20,64
0,10,relu,0.001,0.8106187503172428,shuffled_weak,P49841,30,64
0,10,relu,0.001,0.8140111331066104,shuffled_weak,P49841,40,64
0,10,relu,0.001,0.8206943809958885,shuffled_weak,P49841,100,64
0,10,relu,0.001,0.8272118778142875,vs_Weak,Q13627,10,8
0,10,relu,0.001,0.8192040890836072,vs_Weak,Q13627,20,8
0,10,relu,0.001,0.8433248144091517,vs_Weak,Q13627,30,8
0,10,relu,0.001,0.8252403553608373,vs_Weak,Q13627,40,8
0,10,relu,0.001,0.8211756115370572,vs_Weak,Q13627,100,8
0,10,relu,0.001,0.8211877814287453,vs_Weak,Q13627,10,16
0,10,relu,0.001,0.8352561762200317,vs_Weak,Q13627,20,16
0,10,relu,0.001,0.8292564196178654,vs_Weak,Q13627,30,16
0,10,relu,0.001,0.8292564196178654,vs_Weak,Q13627,40,16
0,10,relu,0.001,0.8171595472800292,vs_Weak,Q13627,100,16
0,10,relu,0.001,0.7950225142996228,vs_Weak,Q13627,10,32
0,10,relu,0.001,0.8352683461117195,vs_Weak,Q13627,20,32
0,10,relu,0.001,0.851356942923208,vs_Weak,Q13627,30,32
0,10,relu,0.001,0.8252281854691493,vs_Weak,Q13627,40,32
0,10,relu,0.001,0.8252160155774613,vs_Weak,Q13627,100,32
0,10,relu,0.001,0.7728368017524644,vs_Weak,Q13627,10,64
0,10,relu,0.001,0.8191554095168554,vs_Weak,Q13627,20,64
0,10,relu,0.001,0.8312401119630035,vs_Weak,Q13627,30,64
0,10,relu,0.001,0.8312644517463794,vs_Weak,Q13627,40,64
0,10,relu,0.001,0.8352805160034076,vs_Weak,Q13627,100,64
0,10,relu,0.001,0.801022270901789,vs_all,Q13627,10,8
0,10,relu,0.001,0.8010466106851649,vs_all,Q13627,20,8
0,10,relu,0.001,0.7929779724960447,vs_all,Q13627,30,8
0,10,relu,0.001,0.805050505050505,vs_all,Q13627,40,8
0,10,relu,0.001,0.7889862480223927,vs_all,Q13627,100,8
0,10,relu,0.001,0.7869782158938786,vs_all,Q13627,10,16
0,10,relu,0.001,0.8010344407934769,vs_all,Q13627,20,16
0,10,relu,0.001,0.799002068881587,vs_all,Q13627,30,16
0,10,relu,0.001,0.8010466106851649,vs_all,Q13627,40,16
0,10,relu,0.001,0.7950225142996228,vs_all,Q13627,100,16
0,10,relu,0.001,0.7788974078130705,vs_all,Q13627,10,32
0,10,relu,0.001,0.809115248874285,vs_all,Q13627,20,32
0,10,relu,0.001,0.8031033223804308,vs_all,Q13627,30,32
0,10,relu,0.001,0.8051113545089449,vs_all,Q13627,40,32
0,10,relu,0.001,0.7930388219544846,vs_all,Q13627,100,32
0,10,relu,0.001,0.7527199707922599,vs_all,Q13627,10,64
0,10,relu,0.001,0.7929901423877328,vs_all,Q13627,20,64
0,10,relu,0.001,0.7990629183400267,vs_all,Q13627,30,64
0,10,relu,0.001,0.7970427163198247,vs_all,Q13627,40,64
0,10,relu,0.001,0.7909821102592187,vs_all,Q13627,100,64
0,10,relu,0.001,0.8311914323962517,vs_Non-binder,Q13627,10,8
0,10,relu,0.001,0.8331994645247658,vs_Non-binder,Q13627,20,8
0,10,relu,0.001,0.8372763782402336,vs_Non-binder,Q13627,30,8
0,10,relu,0.001,0.8311914323962517,vs_Non-binder,Q13627,40,8
0,10,relu,0.001,0.8251551661190216,vs_Non-binder,Q13627,100,8
0,10,relu,0.001,0.8211634416453694,vs_Non-binder,Q13627,10,16
0,10,relu,0.001,0.8432883047340879,vs_Non-binder,Q13627,20,16
0,10,relu,0.001,0.8332116344164536,vs_Non-binder,Q13627,30,16
0,10,relu,0.001,0.8392479006936838,vs_Non-binder,Q13627,40,16
0,10,relu,0.001,0.8231471339905075,vs_Non-binder,Q13627,100,16
0,10,relu,0.001,0.8291712303760496,vs_Non-binder,Q13627,10,32
0,10,relu,0.001,0.8412802726055738,vs_Non-binder,Q13627,20,32
0,10,relu,0.001,0.8412924424972618,vs_Non-binder,Q13627,30,32
0,10,relu,0.001,0.8392722404770598,vs_Non-binder,Q13627,40,32
0,10,relu,0.001,0.8292077400511135,vs_Non-binder,Q13627,100,32
0,10,relu,0.001,0.7808689302665206,vs_Non-binder,Q13627,10,64
0,10,relu,0.001,0.8311914323962517,vs_Non-binder,Q13627,20,64
0,10,relu,0.001,0.8211269319703055,vs_Non-binder,Q13627,30,64
0,10,relu,0.001,0.8312157721796276,vs_Non-binder,Q13627,40,64
0,10,relu,0.001,0.8332116344164536,vs_Non-binder,Q13627,100,64
0,10,relu,0.001,0.7849701837653645,shuffled_weak,Q13627,10,8
0,10,relu,0.001,0.7669465741754898,shuffled_weak,Q13627,20,8
0,10,relu,0.001,0.7810271388584642,shuffled_weak,Q13627,30,8
0,10,relu,0.001,0.7870147255689425,shuffled_weak,Q13627,40,8
0,10,relu,0.001,0.7285749056833394,shuffled_weak,Q13627,100,8
0,10,relu,0.001,0.7407204575879275,shuffled_weak,Q13627,10,16
0,10,relu,0.001,0.779006936838262,shuffled_weak,Q13627,20,16
0,10,relu,0.001,0.7749543629061701,shuffled_weak,Q13627,30,16
0,10,relu,0.001,0.7810027990750883,shuffled_weak,Q13627,40,16
0,10,relu,0.001,0.775027382256298,shuffled_weak,Q13627,100,16
0,10,relu,0.001,0.722623828647925,shuffled_weak,Q13627,10,32
0,10,relu,0.001,0.7689180966289401,shuffled_weak,Q13627,20,32
0,10,relu,0.001,0.7891079469392722,shuffled_weak,Q13627,30,32
0,10,relu,0.001,0.7669709139588657,shuffled_weak,Q13627,40,32
0,10,relu,0.001,0.777035414384812,shuffled_weak,Q13627,100,32
0,10,relu,0.001,0.6963977120603627,shuffled_weak,Q13627,10,64
0,10,relu,0.001,0.7668613849336742,shuffled_weak,Q13627,20,64
0,10,relu,0.001,0.770938298649142,shuffled_weak,Q13627,30,64
0,10,relu,0.001,0.772970670561032,shuffled_weak,Q13627,40,64
0,10,relu,0.001,0.7729585006693439,shuffled_weak,Q13627,100,64
0,10,relu,0.001,0.8146945135895413,vs_Weak,P06239,10,8
0,10,relu,0.001,0.8331309574403497,vs_Weak,P06239,20,8
0,10,relu,0.001,0.8110517475158359,vs_Weak,P06239,30,8
0,10,relu,0.001,0.8202800882358893,vs_Weak,P06239,40,8
0,10,relu,0.001,0.8239329731042438,vs_Weak,P06239,100,8
0,10,relu,0.001,0.7981604031327788,vs_Weak,P06239,10,16
0,10,relu,0.001,0.8257948313196932,vs_Weak,P06239,20,16
0,10,relu,0.001,0.8276162143565458,vs_Weak,P06239,30,16
0,10,relu,0.001,0.8165867281889381,vs_Weak,P06239,40,16
0,10,relu,0.001,0.8073583874688847,vs_Weak,P06239,100,16
0,10,relu,0.001,0.7778722198611702,vs_Weak,P06239,10,32
0,10,relu,0.001,0.8239329731042438,vs_Weak,P06239,20,32
0,10,relu,0.001,0.812893368141987,vs_Weak,P06239,30,32
0,10,relu,0.001,0.8331410762349988,vs_Weak,P06239,40,32
0,10,relu,0.001,0.8165462530103413,vs_Weak,P06239,100,32
0,10,relu,0.001,0.7410802825167466,vs_Weak,P06239,10,64
0,10,relu,0.001,0.8092101268896849,vs_Weak,P06239,20,64
0,10,relu,0.001,0.8037156213951794,vs_Weak,P06239,30,64
0,10,relu,0.001,0.8202902070305385,vs_Weak,P06239,40,64
0,10,relu,0.001,0.8128832493473377,vs_Weak,P06239,100,64
0,10,relu,0.001,0.8330601258778055,vs_all,P06239,10,8
0,10,relu,0.001,0.8330803634671038,vs_all,P06239,20,8
0,10,relu,0.001,0.8422884665978588,vs_all,P06239,30,8
0,10,relu,0.001,0.8201890190840467,vs_all,P06239,40,8
0,10,relu,0.001,0.8349118652986056,vs_all,P06239,100,8
0,10,relu,0.001,0.8091696517110881,vs_all,P06239,10,16
0,10,relu,0.001,0.8404468459717078,vs_all,P06239,20,16
0,10,relu,0.001,0.8422581102139114,vs_all,P06239,30,16
0,10,relu,0.001,0.831248861635602,vs_all,P06239,40,16
0,10,relu,0.001,0.8276060955618966,vs_all,P06239,100,16
0,10,relu,0.001,0.7944468054965294,vs_all,P06239,10,32
0,10,relu,0.001,0.8330803634671038,vs_all,P06239,20,32
0,10,relu,0.001,0.8349219840932548,vs_all,P06239,30,32
0,10,relu,0.001,0.8330702446724546,vs_all,P06239,40,32
0,10,relu,0.001,0.8220609960941453,vs_all,P06239,100,32
0,10,relu,0.001,0.7723979519559631,vs_all,P06239,10,64
0,10,relu,0.001,0.8312387428409528,vs_all,P06239,20,64
0,10,relu,0.001,0.8367534859247567,vs_all,P06239,30,64
0,10,relu,0.001,0.8367534859247567,vs_all,P06239,40,64
0,10,relu,0.001,0.8202092566733451,vs_all,P06239,100,64
0,10,relu,0.001,0.8496245927185154,vs_Non-binder,P06239,10,8
0,10,relu,0.001,0.8606743164754215,vs_Non-binder,P06239,20,8
0,10,relu,0.001,0.8569809564284702,vs_Non-binder,P06239,30,8
0,10,relu,0.001,0.8532774775868699,vs_Non-binder,P06239,40,8
0,10,relu,0.001,0.8514459757553681,vs_Non-binder,P06239,100,8
0,10,relu,0.001,0.8495942363345678,vs_Non-binder,P06239,10,16
0,10,relu,0.001,0.8533280715601158,vs_Non-binder,P06239,20,16
0,10,relu,0.001,0.8569809564284703,vs_Non-binder,P06239,30,16
0,10,relu,0.001,0.8551494545969685,vs_Non-binder,P06239,40,16
0,10,relu,0.001,0.8404164895877603,vs_Non-binder,P06239,100,16
0,10,relu,0.001,0.8238419039524012,vs_Non-binder,P06239,10,32
0,10,relu,0.001,0.8624855807176249,vs_Non-binder,P06239,20,32
0,10,relu,0.001,0.8569809564284702,vs_Non-binder,P06239,30,32
0,10,relu,0.001,0.8514662133446663,vs_Non-binder,P06239,40,32
0,10,relu,0.001,0.8404063707931111,vs_Non-binder,P06239,100,32
0,10,relu,0.001,0.8109505595693441,vs_Non-binder,P06239,10,64
0,10,relu,0.001,0.8551494545969685,vs_Non-binder,P06239,20,64
0,10,relu,0.001,0.8514662133446663,vs_Non-binder,P06239,30,64
0,10,relu,0.001,0.8533078339708174,vs_Non-binder,P06239,40,64
0,10,relu,0.001,0.8422581102139114,vs_Non-binder,P06239,100,64
0,10,relu,0.001,0.75772569971465,shuffled_weak,P06239,10,8
0,10,relu,0.001,0.7816971242385607,shuffled_weak,P06239,20,8
0,10,relu,0.001,0.7780442393702063,shuffled_weak,P06239,30,8
0,10,relu,0.001,0.7798656224070588,shuffled_weak,P06239,40,8
0,10,relu,0.001,0.7577560560985975,shuffled_weak,P06239,100,8
0,10,relu,0.001,0.7430129722947402,shuffled_weak,P06239,10,16
0,10,relu,0.001,0.7927468479954668,shuffled_weak,P06239,20,16
0,10,relu,0.001,0.7798656224070588,shuffled_weak,P06239,30,16
0,10,relu,0.001,0.7964098516584704,shuffled_weak,P06239,40,16
0,10,relu,0.001,0.7706575192763038,shuffled_weak,P06239,100,16
0,10,relu,0.001,0.7282901260801813,shuffled_weak,P06239,10,32
0,10,relu,0.001,0.7835387448647118,shuffled_weak,P06239,20,32
0,10,relu,0.001,0.7872118673223646,shuffled_weak,P06239,30,32
0,10,relu,0.001,0.7743407605286059,shuffled_weak,P06239,40,32
0,10,relu,0.001,0.7817173618278591,shuffled_weak,P06239,100,32
0,10,relu,0.001,0.7025276749033655,shuffled_weak,P06239,10,64
0,10,relu,0.001,0.7724789023131563,shuffled_weak,P06239,20,64
0,10,relu,0.001,0.7853904842855118,shuffled_weak,P06239,30,64
0,10,relu,0.001,0.7853601279015644,shuffled_weak,P06239,40,64
0,10,relu,0.001,0.770667638070953,shuffled_weak,P06239,100,64
0,10,relu,0.001,0.7974580712788261,vs_Weak,Q13464,10,8
0,10,relu,0.001,0.8037735849056604,vs_Weak,Q13464,20,8
0,10,relu,0.001,0.7996462264150944,vs_Weak,Q13464,30,8
0,10,relu,0.001,0.8017688679245283,vs_Weak,Q13464,40,8
0,10,relu,0.001,0.7703485324947589,vs_Weak,Q13464,100,8
0,10,relu,0.001,0.7764281970649897,vs_Weak,Q13464,10,16
0,10,relu,0.001,0.8079795597484276,vs_Weak,Q13464,20,16
0,10,relu,0.001,0.8142688679245284,vs_Weak,Q13464,30,16
0,10,relu,0.001,0.7996593291404612,vs_Weak,Q13464,40,16
0,10,relu,0.001,0.7954664570230608,vs_Weak,Q13464,100,16
0,10,relu,0.001,0.7429376310272536,vs_Weak,Q13464,10,32
0,10,relu,0.001,0.8059093291404613,vs_Weak,Q13464,20,32
0,10,relu,0.001,0.8121986373165618,vs_Weak,Q13464,30,32
0,10,relu,0.001,0.8122248427672956,vs_Weak,Q13464,40,32
0,10,relu,0.001,0.7954795597484278,vs_Weak,Q13464,100,32
0,10,relu,0.001,0.7114779874213837,vs_Weak,Q13464,10,64
0,10,relu,0.001,0.7995938155136267,vs_Weak,Q13464,20,64
0,10,relu,0.001,0.7996331236897275,vs_Weak,Q13464,30,64
0,10,relu,0.001,0.8037997903563942,vs_Weak,Q13464,40,64
0,10,relu,0.001,0.8059093291404613,vs_Weak,Q13464,100,64
0,10,relu,0.001,0.785075995807128,vs_all,Q13464,10,8
0,10,relu,0.001,0.8039308176100629,vs_all,Q13464,20,8
0,10,relu,0.001,0.8081367924528302,vs_all,Q13464,30,8
0,10,relu,0.001,0.799685534591195,vs_all,Q13464,40,8
0,10,relu,0.001,0.8017688679245283,vs_all,Q13464,100,8
0,10,relu,0.001,0.7955188679245282,vs_all,Q13464,10,16
0,10,relu,0.001,0.7997248427672957,vs_all,Q13464,20,16
0,10,relu,0.001,0.7997772536687631,vs_all,Q13464,30,16
0,10,relu,0.001,0.795545073375262,vs_all,Q13464,40,16
0,10,relu,0.001,0.7955057651991614,vs_all,Q13464,100,16
0,10,relu,0.001,0.7766378406708595,vs_all,Q13464,10,32
0,10,relu,0.001,0.7976546121593291,vs_all,Q13464,20,32
0,10,relu,0.001,0.7934486373165619,vs_all,Q13464,30,32
0,10,relu,0.001,0.7976284067085954,vs_all,Q13464,40,32
0,10,relu,0.001,0.8018212788259959,vs_all,Q13464,100,32
0,10,relu,0.001,0.747248427672956,vs_all,Q13464,10,64
0,10,relu,0.001,0.7871724318658281,vs_all,Q13464,20,64
0,10,relu,0.001,0.7913390985324948,vs_all,Q13464,30,64
0,10,relu,0.001,0.7976415094339622,vs_all,Q13464,40,64
0,10,relu,0.001,0.795545073375262,vs_all,Q13464,100,64
0,10,relu,0.001,0.8497248427672955,vs_Non-binder,Q13464,10,8
0,10,relu,0.001,0.8518343815513627,vs_Non-binder,Q13464,20,8
0,10,relu,0.001,0.8497772536687632,vs_Non-binder,Q13464,30,8
0,10,relu,0.001,0.8497641509433963,vs_Non-binder,Q13464,40,8
0,10,relu,0.001,0.8476284067085954,vs_Non-binder,Q13464,100,8
0,10,relu,0.001,0.8434093291404613,vs_Non-binder,Q13464,10,16
0,10,relu,0.001,0.8601808176100629,vs_Non-binder,Q13464,20,16
0,10,relu,0.001,0.8518343815513627,vs_Non-binder,Q13464,30,16
0,10,relu,0.001,0.8476546121593292,vs_Non-binder,Q13464,40,16
0,10,relu,0.001,0.8476415094339623,vs_Non-binder,Q13464,100,16
0,10,relu,0.001,0.8287604821802935,vs_Non-binder,Q13464,10,32
0,10,relu,0.001,0.8560010482180292,vs_Non-binder,Q13464,20,32
0,10,relu,0.001,0.8581105870020965,vs_Non-binder,Q13464,30,32
0,10,relu,0.001,0.8602070230607968,vs_Non-binder,Q13464,40,32
0,10,relu,0.001,0.8518212788259958,vs_Non-binder,Q13464,100,32
0,10,relu,0.001,0.7743972746331238,vs_Non-binder,Q13464,10,64
0,10,relu,0.001,0.839308176100629,vs_Non-binder,Q13464,20,64
0,10,relu,0.001,0.8497510482180294,vs_Non-binder,Q13464,30,64
0,10,relu,0.001,0.853917714884696,vs_Non-binder,Q13464,40,64
0,10,relu,0.001,0.8706629979035639,vs_Non-binder,Q13464,100,64
0,10,relu,0.001,0.7662735849056604,shuffled_weak,Q13464,10,8
0,10,relu,0.001,0.7704402515723271,shuffled_weak,Q13464,20,8
0,10,relu,0.001,0.7704664570230607,shuffled_weak,Q13464,30,8
0,10,relu,0.001,0.774685534591195,shuffled_weak,Q13464,40,8
0,10,relu,0.001,0.7578616352201258,shuffled_weak,Q13464,100,8
0,10,relu,0.001,0.7347746331236897,shuffled_weak,Q13464,10,16
0,10,relu,0.001,0.7704533542976938,shuffled_weak,Q13464,20,16
0,10,relu,0.001,0.7683700209643606,shuffled_weak,Q13464,30,16
0,10,relu,0.001,0.7641771488469602,shuffled_weak,Q13464,40,16
0,10,relu,0.001,0.7788915094339623,shuffled_weak,Q13464,100,16
0,10,relu,0.001,0.7180555555555556,shuffled_weak,Q13464,10,32
0,10,relu,0.001,0.7808962264150944,shuffled_weak,Q13464,20,32
0,10,relu,0.001,0.7704664570230607,shuffled_weak,Q13464,30,32
0,10,relu,0.001,0.766312893081761,shuffled_weak,Q13464,40,32
0,10,relu,0.001,0.76833071278826,shuffled_weak,Q13464,100,32
0,10,relu,0.001,0.7096305031446541,shuffled_weak,Q13464,10,64
0,10,relu,0.001,0.7641509433962265,shuffled_weak,Q13464,20,64
0,10,relu,0.001,0.7683438155136267,shuffled_weak,Q13464,30,64
0,10,relu,0.001,0.7620545073375262,shuffled_weak,Q13464,40,64
0,10,relu,0.001,0.753708071278826,shuffled_weak,Q13464,100,64
0,10,relu,0.001,0.7659176029962547,vs_Weak,P11309,10,8
0,10,relu,0.001,0.7790262172284644,vs_Weak,P11309,20,8
0,10,relu,0.001,0.7734082397003745,vs_Weak,P11309,30,8
0,10,relu,0.001,0.7771535580524344,vs_Weak,P11309,40,8
0,10,relu,0.001,0.745318352059925,vs_Weak,P11309,100,8
0,10,relu,0.001,0.7771535580524344,vs_Weak,P11309,10,16
0,10,relu,0.001,0.7752808988764045,vs_Weak,P11309,20,16
0,10,relu,0.001,0.7790262172284644,vs_Weak,P11309,30,16
0,10,relu,0.001,0.7640449438202247,vs_Weak,P11309,40,16
0,10,relu,0.001,0.7621722846441946,vs_Weak,P11309,100,16
0,10,relu,0.001,0.7640449438202248,vs_Weak,P11309,10,32
0,10,relu,0.001,0.7696629213483147,vs_Weak,P11309,20,32
0,10,relu,0.001,0.7715355805243446,vs_Weak,P11309,30,32
0,10,relu,0.001,0.7715355805243446,vs_Weak,P11309,40,32
0,10,relu,0.001,0.7677902621722846,vs_Weak,P11309,100,32
0,10,relu,0.001,0.745318352059925,vs_Weak,P11309,10,64
0,10,relu,0.001,0.7715355805243446,vs_Weak,P11309,20,64
0,10,relu,0.001,0.7640449438202248,vs_Weak,P11309,30,64
0,10,relu,0.001,0.7640449438202248,vs_Weak,P11309,40,64
0,10,relu,0.001,0.7621722846441948,vs_Weak,P11309,100,64
0,10,relu,0.001,0.8033707865168539,vs_all,P11309,10,8
0,10,relu,0.001,0.8258426966292135,vs_all,P11309,20,8
0,10,relu,0.001,0.8202247191011236,vs_all,P11309,30,8
0,10,relu,0.001,0.8258426966292135,vs_all,P11309,40,8
0,10,relu,0.001,0.8108614232209738,vs_all,P11309,100,8
0,10,relu,0.001,0.8033707865168539,vs_all,P11309,10,16
0,10,relu,0.001,0.8258426966292136,vs_all,P11309,20,16
0,10,relu,0.001,0.8089887640449439,vs_all,P11309,30,16
0,10,relu,0.001,0.8089887640449439,vs_all,P11309,40,16
0,10,relu,0.001,0.8033707865168539,vs_all,P11309,100,16
0,10,relu,0.001,0.7715355805243446,vs_all,P11309,10,32
0,10,relu,0.001,0.8127340823970037,vs_all,P11309,20,32
0,10,relu,0.001,0.8183520599250936,vs_all,P11309,30,32
0,10,relu,0.001,0.801498127340824,vs_all,P11309,40,32
0,10,relu,0.001,0.8127340823970037,vs_all,P11309,100,32
0,10,relu,0.001,0.7734082397003745,vs_all,P11309,10,64
0,10,relu,0.001,0.8127340823970037,vs_all,P11309,20,64
0,10,relu,0.001,0.8052434456928839,vs_all,P11309,30,64
0,10,relu,0.001,0.8277153558052435,vs_all,P11309,40,64
0,10,relu,0.001,0.8127340823970037,vs_all,P11309,100,64
0,10,relu,0.001,0.8370786516853932,vs_Non-binder,P11309,10,8
0,10,relu,0.001,0.8314606741573033,vs_Non-binder,P11309,20,8
0,10,relu,0.001,0.8239700374531834,vs_Non-binder,P11309,30,8
0,10,relu,0.001,0.8389513108614232,vs_Non-binder,P11309,40,8
0,10,relu,0.001,0.8146067415730337,vs_Non-binder,P11309,100,8
0,10,relu,0.001,0.8164794007490638,vs_Non-binder,P11309,10,16
0,10,relu,0.001,0.8314606741573033,vs_Non-binder,P11309,20,16
0,10,relu,0.001,0.8277153558052435,vs_Non-binder,P11309,30,16
0,10,relu,0.001,0.8314606741573033,vs_Non-binder,P11309,40,16
0,10,relu,0.001,0.8239700374531834,vs_Non-binder,P11309,100,16
0,10,relu,0.001,0.797752808988764,vs_Non-binder,P11309,10,32
0,10,relu,0.001,0.8389513108614232,vs_Non-binder,P11309,20,32
0,10,relu,0.001,0.8220973782771536,vs_Non-binder,P11309,30,32
0,10,relu,0.001,0.8352059925093632,vs_Non-binder,P11309,40,32
0,10,relu,0.001,0.8277153558052435,vs_Non-binder,P11309,100,32
0,10,relu,0.001,0.7846441947565542,vs_Non-binder,P11309,10,64
0,10,relu,0.001,0.8314606741573035,vs_Non-binder,P11309,20,64
0,10,relu,0.001,0.8445692883895131,vs_Non-binder,P11309,30,64
0,10,relu,0.001,0.840823970037453,vs_Non-binder,P11309,40,64
0,10,relu,0.001,0.8258426966292135,vs_Non-binder,P11309,100,64
0,10,relu,0.001,0.7602996254681648,shuffled_weak,P11309,10,8
0,10,relu,0.001,0.7509363295880149,shuffled_weak,P11309,20,8
0,10,relu,0.001,0.7640449438202247,shuffled_weak,P11309,30,8
0,10,relu,0.001,0.7322097378277154,shuffled_weak,P11309,40,8
0,10,relu,0.001,0.7434456928838952,shuffled_weak,P11309,100,8
0,10,relu,0.001,0.7303370786516853,shuffled_weak,P11309,10,16
0,10,relu,0.001,0.7659176029962547,shuffled_weak,P11309,20,16
0,10,relu,0.001,0.7490636704119851,shuffled_weak,P11309,30,16
0,10,relu,0.001,0.7734082397003745,shuffled_weak,P11309,40,16
0,10,relu,0.001,0.7247191011235955,shuffled_weak,P11309,100,16
0,10,relu,0.001,0.7228464419475656,shuffled_weak,P11309,10,32
0,10,relu,0.001,0.7565543071161048,shuffled_weak,P11309,20,32
0,10,relu,0.001,0.7471910112359551,shuffled_weak,P11309,30,32
0,10,relu,0.001,0.7490636704119851,shuffled_weak,P11309,40,32
0,10,relu,0.001,0.745318352059925,shuffled_weak,P11309,100,32
0,10,relu,0.001,0.698501872659176,shuffled_weak,P11309,10,64
0,10,relu,0.001,0.7565543071161049,shuffled_weak,P11309,20,64
0,10,relu,0.001,0.754681647940075,shuffled_weak,P11309,30,64
0,10,relu,0.001,0.7677902621722846,shuffled_weak,P11309,40,64
0,10,relu,0.001,0.7434456928838952,shuffled_weak,P11309,100,64
