task	N_pos	N_neg	acc	recall	precision	f1
HIGH_VS_95LOW__3VRL__auto__0__42	5000	5000	0.9899	0.9956	0.9843780897765474	0.9899572437108481
HIGH_VS_LOOSER__3VRL__auto__0__42	5000	5000	0.8876	0.9	0.8782201405152225	0.8889766890557091
ONE_VS_NINE__3VRL__auto__0__42	5000	4995	0.9372686343171586	0.9582	0.919754271453254	0.9385836027034969
HIGH_VS_95LOW__3VRL__auto__1__42	5000	5000	0.9898	0.9956	0.9841834717279557	0.9898588188506662
HIGH_VS_LOOSER__3VRL__auto__1__42	5000	5000	0.8881	0.902	0.8776026464292664	0.8896340862017951
ONE_VS_NINE__3VRL__auto__1__42	5000	4995	0.9371685842921461	0.9588	0.9190950920245399	0.9385277995301488
HIGH_VS_95LOW__3VRL__auto__2__42	5000	5000	0.9899	0.9956	0.9843780897765474	0.9899572437108481
HIGH_VS_LOOSER__3VRL__auto__2__42	5000	5000	0.8876	0.8998	0.8783678250683327	0.8889547520252915
ONE_VS_NINE__3VRL__auto__2__42	5000	4995	0.9367683841920961	0.9596	0.9177505738332058	0.9382088384825968
HIGH_VS_95LOW__3VRL__auto__3__42	5000	5000	0.9898	0.9956	0.9841834717279557	0.9898588188506662
HIGH_VS_LOOSER__3VRL__auto__3__42	5000	5000	0.8877	0.9014	0.8773603270391279	0.8892177172733551
ONE_VS_NINE__3VRL__auto__3__42	5000	4995	0.9367683841920961	0.9588	0.9183908045977012	0.938160469667319
HIGH_VS_95LOW__3VRL__auto__0__0	5000	5000	0.9935	0.9974	0.9896804921611431	0.9935252515190754
HIGH_VS_LOOSER__3VRL__auto__0__0	5000	5000	0.8824	0.9016	0.8682588597842835	0.8846153846153846
ONE_VS_NINE__3VRL__auto__0__0	5000	4995	0.9354677338669335	0.9554	0.9188305443354491	0.9367585057358565
HIGH_VS_95LOW__3VRL__auto__0__1	5000	5000	0.992	0.9962	0.9879016263387544	0.992033459470225
HIGH_VS_LOOSER__3VRL__auto__0__1	5000	5000	0.8838	0.8986	0.8727661227661228	0.8854946787544344
ONE_VS_NINE__3VRL__auto__0__1	5000	4995	0.9381690845422711	0.9568	0.9224836097184728	0.9393284900844296
HIGH_VS_95LOW__3VRL__auto__0__2	5000	5000	0.9932	0.9976	0.9888977002379065	0.9932297889287137
HIGH_VS_LOOSER__3VRL__auto__0__2	5000	5000	0.8826	0.8954	0.8730499219968799	0.884083728278041
ONE_VS_NINE__3VRL__auto__0__2	5000	4995	0.9398699349674837	0.9562	0.926012008522177	0.9408639181344092
HIGH_VS_95LOW__3VRL__auto__0__3	5000	5000	0.9922	0.9964	0.9880999603332011	0.9922326229834694
HIGH_VS_LOOSER__3VRL__auto__0__3	5000	5000	0.8797	0.8954	0.8681403917006011	0.8815595156050015
ONE_VS_NINE__3VRL__auto__0__3	5000	4995	0.9342671335667834	0.9558	0.9163950143815915	0.9356828193832598
HIGH_VS_95LOW__3VRL__auto__0__4	5000	5000	0.9925	0.998	0.9871414441147379	0.9925410243659871
HIGH_VS_LOOSER__3VRL__auto__0__4	5000	5000	0.8816	0.9062	0.8637056805184903	0.8844427093499903
ONE_VS_NINE__3VRL__auto__0__4	5000	4995	0.9412706353176589	0.963	0.9229442208165612	0.9425467358324361
ONE_VS_ONE__3VRL__1NSN__0__42	5000	5000	0.985	0.991	0.9792490118577075	0.9850894632206759
ONE_VS_ONE__3VRL__1NSN__1__42	5000	5000	0.9851	0.9912	0.979253112033195	0.9851903389325117
ONE_VS_ONE__3VRL__1NSN__2__42	5000	5000	0.9853	0.991	0.9798299386988333	0.9853833151039078
ONE_VS_ONE__3VRL__1NSN__3__42	5000	5000	0.9852	0.9908	0.9798259493670886	0.9852824184566428
ONE_VS_ONE__3VRL__3RAJ__0__42	5000	5000	0.9412	0.9472	0.9359683794466404	0.9415506958250498
ONE_VS_ONE__3VRL__3RAJ__1__42	5000	5000	0.9414	0.947	0.9365110759493671	0.9417263325377884
ONE_VS_ONE__3VRL__3RAJ__2__42	5000	5000	0.9413	0.9474	0.9359810314167161	0.9416558990160024
ONE_VS_ONE__3VRL__3RAJ__3__42	5000	5000	0.9416	0.947	0.9368816778789077	0.9419136662025064
ONE_VS_ONE__3VRL__5E94__0__42	5000	5000	0.967	0.9698	0.9643993635640413	0.9670921420023932
ONE_VS_ONE__3VRL__5E94__1__42	5000	5000	0.967	0.9694	0.9647691082802548	0.9670790103750998
ONE_VS_ONE__3VRL__5E94__2__42	5000	5000	0.9671	0.9698	0.9645912074796101	0.967188590804827
ONE_VS_ONE__3VRL__5E94__3__42	5000	5000	0.967	0.97	0.9642147117296223	0.967098703888335
ONE_VS_ONE__3VRL__1H0D__0__42	5000	5000	0.9754	0.9764	0.9744510978043912	0.9754245754245754
ONE_VS_ONE__3VRL__1H0D__1__42	5000	5000	0.9755	0.9766	0.9744561963679904	0.9755269203875736
ONE_VS_ONE__3VRL__1H0D__2__42	5000	5000	0.9758	0.9772	0.974471479856402	0.975833832634312
ONE_VS_ONE__3VRL__1H0D__3__42	5000	5000	0.9756	0.9764	0.9748402555910544	0.9756195043964829
ONE_VS_ONE__3VRL__1WEJ__0__42	5000	5000	0.9417	0.9468	0.9372401504652544	0.9419958213113123
ONE_VS_ONE__3VRL__1WEJ__1__42	5000	5000	0.9418	0.947	0.9372525732383215	0.9421010744130521
ONE_VS_ONE__3VRL__1WEJ__2__42	5000	5000	0.9417	0.947	0.9370670888581041	0.9420073609867701
ONE_VS_ONE__3VRL__1WEJ__3__42	5000	5000	0.9417	0.9466	0.9374133491780551	0.9419842770424918
ONE_VS_ONE__3VRL__1ADQ__0__42	5000	5000	0.939	0.9506	0.9290461297888976	0.9396994859628311
ONE_VS_ONE__3VRL__1ADQ__1__42	5000	5000	0.9392	0.9504	0.9295774647887324	0.939873417721519
ONE_VS_ONE__3VRL__1ADQ__2__42	5000	5000	0.9393	0.9504	0.9297593425944042	0.939966373256849
ONE_VS_ONE__3VRL__1ADQ__3__42	5000	5000	0.939	0.9502	0.9293818466353677	0.9396756329113924
ONE_VS_ONE__3VRL__1FBI__0__42	5000	5000	0.9863	0.9846	0.9879590608067429	0.9862766703395772
ONE_VS_ONE__3VRL__1FBI__1__42	5000	5000	0.9864	0.9848	0.9879614767255217	0.9863782051282052
ONE_VS_ONE__3VRL__1FBI__2__42	5000	5000	0.9863	0.9846	0.9879590608067429	0.9862766703395772
ONE_VS_ONE__3VRL__1FBI__3__42	5000	5000	0.9863	0.9846	0.9879590608067429	0.9862766703395772
ONE_VS_ONE__3VRL__2YPV__0__42	5000	5000	0.9842	0.9816	0.9867310012062727	0.9841588129135753
ONE_VS_ONE__3VRL__2YPV__1__42	5000	5000	0.9841	0.9818	0.9863371508941129	0.9840633456950988
ONE_VS_ONE__3VRL__2YPV__2__42	5000	5000	0.9842	0.9818	0.9865353697749196	0.9841619887730553
ONE_VS_ONE__3VRL__2YPV__3__42	5000	5000	0.9841	0.9818	0.9863371508941129	0.9840633456950988
ONE_VS_ONE__3VRL__1OB1__0__42	5000	5000	0.9653	0.9702	0.9607843137254902	0.965469200915514
ONE_VS_ONE__3VRL__1OB1__1__42	5000	5000	0.9654	0.9702	0.9609746434231379	0.9655652866242037
ONE_VS_ONE__3VRL__1OB1__2__42	5000	5000	0.9655	0.9704	0.9609823727470787	0.965668225694099
ONE_VS_ONE__3VRL__1OB1__3__42	5000	5000	0.9658	0.9704	0.9615537059056679	0.9659565996416485
ONE_VS_ONE__1NSN__3VRL__0__42	5000	5000	0.9851	0.9792	0.9908925318761385	0.9850115682526909
ONE_VS_ONE__1NSN__3VRL__1__42	5000	5000	0.9851	0.9788	0.9912902572412396	0.985005534869679
ONE_VS_ONE__1NSN__3VRL__2__42	5000	5000	0.9853	0.9796	0.9908962168723447	0.9852157296590567
ONE_VS_ONE__1NSN__3VRL__3__42	5000	5000	0.985	0.9792	0.990692027519223	0.9849124924562462
HIGH_VS_95LOW__1NSN__auto__0__42	5000	5000	0.945	0.961	0.9312015503875969	0.9458661417322834
HIGH_VS_LOOSER__1NSN__auto__0__42	5000	5000	0.7596	0.8008	0.7398373983739838	0.7691125624279677
ONE_VS_NINE__1NSN__auto__0__42	5000	4995	0.9067533766883442	0.9208	0.8957198443579767	0.908086785009862
HIGH_VS_95LOW__1NSN__auto__1__42	5000	5000	0.9449	0.9604	0.9315227934044616	0.9457410142786803
HIGH_VS_LOOSER__1NSN__auto__1__42	5000	5000	0.7589	0.8002	0.739146499168668	0.7684624987995774
ONE_VS_NINE__1NSN__auto__1__42	5000	4995	0.9067533766883442	0.9206	0.8958738808875049	0.9080686525942
HIGH_VS_95LOW__1NSN__auto__2__42	5000	5000	0.9446	0.9602	0.9311481768813034	0.9454509649468296
HIGH_VS_LOOSER__1NSN__auto__2__42	5000	5000	0.76	0.8018	0.7399409376153562	0.7696294874256095
ONE_VS_NINE__1NSN__auto__2__42	5000	4995	0.9069534767383692	0.921	0.8959143968871596	0.908284023668639
HIGH_VS_95LOW__1NSN__auto__3__42	5000	5000	0.945	0.9604	0.9317035312378735	0.9458341540279692
HIGH_VS_LOOSER__1NSN__auto__3__42	5000	5000	0.7612	0.7978	0.7433842713380544	0.7696314875554698
ONE_VS_NINE__1NSN__auto__3__42	5000	4995	0.9068534267133567	0.9208	0.8958941428293442	0.9081763487523424
HIGH_VS_95LOW__1NSN__auto__0__0	5000	5000	0.9412	0.9582	0.9266924564796906	0.9421828908554571
HIGH_VS_LOOSER__1NSN__auto__0__0	5000	5000	0.7612	0.7952	0.7445692883895131	0.7690522243713732
ONE_VS_NINE__1NSN__auto__0__0	5000	4995	0.9064532266133066	0.9118	0.9022362952701366	0.9069929374316126
HIGH_VS_95LOW__1NSN__auto__0__1	5000	5000	0.9446	0.9634	0.9284888203546646	0.9456223007459756
HIGH_VS_LOOSER__1NSN__auto__0__1	5000	5000	0.7587	0.8024	0.7379069339709399	0.7688032959662738
ONE_VS_NINE__1NSN__auto__0__1	5000	4995	0.9082541270635318	0.9126	0.9048185603807257	0.9086926217265756
HIGH_VS_95LOW__1NSN__auto__0__2	5000	5000	0.9462	0.9622	0.9323643410852713	0.9470472440944881
HIGH_VS_LOOSER__1NSN__auto__0__2	5000	5000	0.7682	0.8054	0.7496276991809382	0.7765136907057463
ONE_VS_NINE__1NSN__auto__0__2	5000	4995	0.9075537768884442	0.9154	0.9013391098857818	0.9083151418932327
HIGH_VS_95LOW__1NSN__auto__0__3	5000	5000	0.944	0.9602	0.9300658659434328	0.944892737650069
HIGH_VS_LOOSER__1NSN__auto__0__3	5000	5000	0.7679	0.8054	0.7492093023255814	0.776289156626506
ONE_VS_NINE__1NSN__auto__0__3	5000	4995	0.9075537768884442	0.9132	0.9030854430379747	0.9081145584725537
HIGH_VS_95LOW__1NSN__auto__0__4	5000	5000	0.9411	0.9612	0.9240530667179389	0.9422605626899324
HIGH_VS_LOOSER__1NSN__auto__0__4	5000	5000	0.7707	0.811	0.7505089764945401	0.779582812650197
ONE_VS_NINE__1NSN__auto__0__4	5000	4995	0.903551775887944	0.9112	0.8975571315996848	0.9043271139341008
ONE_VS_ONE__1NSN__3RAJ__0__42	5000	5000	0.9488	0.938	0.9587080948487327	0.9482410028305701
ONE_VS_ONE__1NSN__3RAJ__1__42	5000	5000	0.949	0.9378	0.9592880523731587	0.9484223300970873
ONE_VS_ONE__1NSN__3RAJ__2__42	5000	5000	0.9491	0.9376	0.9596724667349028	0.9485078401618614
ONE_VS_ONE__1NSN__3RAJ__3__42	5000	5000	0.9493	0.9382	0.9595009204336266	0.9487309131358075
ONE_VS_ONE__1NSN__5E94__0__42	5000	5000	0.9611	0.9538	0.9679318043434139	0.9608139417749572
ONE_VS_ONE__1NSN__5E94__1__42	5000	5000	0.9613	0.9534	0.968705547652916	0.9609918355004535
ONE_VS_ONE__1NSN__5E94__2__42	5000	5000	0.9615	0.9536	0.9689087583824426	0.9611934280818466
ONE_VS_ONE__1NSN__5E94__3__42	5000	5000	0.9612	0.9538	0.9681282988225741	0.9609107394720935
ONE_VS_ONE__1NSN__1H0D__0__42	5000	5000	0.9327	0.9176	0.9461744689626728	0.9316681896639253
ONE_VS_ONE__1NSN__1H0D__1__42	5000	5000	0.9327	0.9182	0.9456230690010299	0.9317097919837646
ONE_VS_ONE__1NSN__1H0D__2__42	5000	5000	0.9325	0.9192	0.9443188822683378	0.9315901489814532
ONE_VS_ONE__1NSN__1H0D__3__42	5000	5000	0.9323	0.9178	0.9452111225540679	0.9313039066463723
ONE_VS_ONE__1NSN__1WEJ__0__42	5000	5000	0.9597	0.9602	0.9592407592407592	0.959720139930035
ONE_VS_ONE__1NSN__1WEJ__1__42	5000	5000	0.9595	0.9594	0.9595919183836767	0.9594959495949594
ONE_VS_ONE__1NSN__1WEJ__2__42	5000	5000	0.9598	0.9594	0.9601681345076061	0.9597839135654261
ONE_VS_ONE__1NSN__1WEJ__3__42	5000	5000	0.9594	0.9592	0.9595838335334134	0.9593918783756752
ONE_VS_ONE__1NSN__1ADQ__0__42	5000	5000	0.8912	0.8962	0.8873267326732673	0.8917412935323382
ONE_VS_ONE__1NSN__1ADQ__1__42	5000	5000	0.8918	0.8952	0.8891537544696066	0.8921666334462826
ONE_VS_ONE__1NSN__1ADQ__2__42	5000	5000	0.8924	0.8954	0.8900596421471173	0.8927218344965105
ONE_VS_ONE__1NSN__1ADQ__3__42	5000	5000	0.8915	0.8954	0.8884699345108157	0.8919215061261082
ONE_VS_ONE__1NSN__1FBI__0__42	5000	5000	0.9792	0.9692	0.9889795918367347	0.978989898989899
ONE_VS_ONE__1NSN__1FBI__1__42	5000	5000	0.9791	0.9692	0.988777800448888	0.9788910211089789
ONE_VS_ONE__1NSN__1FBI__2__42	5000	5000	0.9791	0.9692	0.988777800448888	0.9788910211089789
ONE_VS_ONE__1NSN__1FBI__3__42	5000	5000	0.979	0.9692	0.9885760913912689	0.9787921631993537
ONE_VS_ONE__1NSN__2YPV__0__42	5000	5000	0.9528	0.9478	0.9573737373737373	0.9525628140703518
ONE_VS_ONE__1NSN__2YPV__1__42	5000	5000	0.9528	0.9478	0.9573737373737373	0.9525628140703518
ONE_VS_ONE__1NSN__2YPV__2__42	5000	5000	0.9528	0.948	0.9571890145395799	0.9525723472668811
ONE_VS_ONE__1NSN__2YPV__3__42	5000	5000	0.9534	0.9484	0.9579797979797979	0.9531658291457286
ONE_VS_ONE__1NSN__1OB1__0__42	5000	5000	0.919	0.9244	0.9145231499802137	0.9194350507260792
ONE_VS_ONE__1NSN__1OB1__1__42	5000	5000	0.9193	0.9236	0.9157247670037676	0.9196455242457433
ONE_VS_ONE__1NSN__1OB1__2__42	5000	5000	0.9194	0.9228	0.9165673420738975	0.919673111421168
ONE_VS_ONE__1NSN__1OB1__3__42	5000	5000	0.9191	0.9234	0.9155264723378941	0.9194463805635766
ONE_VS_ONE__3RAJ__3VRL__0__42	5000	5000	0.941	0.9348	0.9465370595382746	0.9406319178909237
ONE_VS_ONE__3RAJ__3VRL__1__42	5000	5000	0.9414	0.9358	0.9463996763754046	0.9410699919549477
ONE_VS_ONE__3RAJ__3VRL__2__42	5000	5000	0.9412	0.935	0.9467395706763873	0.9408331656268868
ONE_VS_ONE__3RAJ__3VRL__3__42	5000	5000	0.9417	0.9364	0.9464321811198706	0.9413893636272243
ONE_VS_ONE__3RAJ__1NSN__0__42	5000	5000	0.9491	0.9602	0.9393465075327725	0.9496587874592028
ONE_VS_ONE__3RAJ__1NSN__1__42	5000	5000	0.9491	0.9604	0.9391746528456875	0.9496687432018194
ONE_VS_ONE__3RAJ__1NSN__2__42	5000	5000	0.949	0.9604	0.938991005084083	0.9495748467470833
ONE_VS_ONE__3RAJ__1NSN__3__42	5000	5000	0.9493	0.9604	0.939542163960086	0.9498565918306794
HIGH_VS_95LOW__3RAJ__auto__0__42	5000	5000	0.9874	0.997	0.9782182103610675	0.9875198098256734
HIGH_VS_LOOSER__3RAJ__auto__0__42	5000	5000	0.7899	0.7938	0.7876562810081366	0.7907162067935053
ONE_VS_NINE__3RAJ__auto__0__42	5000	4995	0.7663831915957979	0.7892	0.7549263439831644	0.7716828004302336
HIGH_VS_95LOW__3RAJ__auto__1__42	5000	5000	0.9874	0.997	0.9782182103610675	0.9875198098256734
HIGH_VS_LOOSER__3RAJ__auto__1__42	5000	5000	0.791	0.7918	0.790535143769968	0.7911670663469224
ONE_VS_NINE__3RAJ__auto__1__42	5000	4995	0.7657828914457229	0.788	0.7546447040796782	0.7709617454260835
HIGH_VS_95LOW__3RAJ__auto__2__42	5000	5000	0.9874	0.9972	0.9780306002353865	0.9875222816399286
HIGH_VS_LOOSER__3RAJ__auto__2__42	5000	5000	0.79	0.7908	0.7895367412140575	0.790167865707434
ONE_VS_NINE__3RAJ__auto__2__42	5000	4995	0.766983491745873	0.7916	0.7546234509056244	0.7726695949243534
HIGH_VS_95LOW__3RAJ__auto__3__42	5000	5000	0.9875	0.9972	0.9782224838140082	0.987620085173814
HIGH_VS_LOOSER__3RAJ__auto__3__42	5000	5000	0.7921	0.7982	0.7885793321477969	0.7933605009442403
ONE_VS_NINE__3RAJ__auto__3__42	5000	4995	0.7657828914457229	0.7866	0.7553293643172653	0.7706475947878906
HIGH_VS_95LOW__3RAJ__auto__0__0	5000	5000	0.9846	0.9962	0.9736121970289289	0.9847765915381573
HIGH_VS_LOOSER__3RAJ__auto__0__0	5000	5000	0.7934	0.802	0.7884388517499017	0.7951616101526869
ONE_VS_NINE__3RAJ__auto__0__0	5000	4995	0.7753876938469234	0.8008	0.7622311060346468	0.7810396956988198
HIGH_VS_95LOW__3RAJ__auto__0__1	5000	5000	0.9863	0.9964	0.9766712409331504	0.9864369864369864
HIGH_VS_LOOSER__3RAJ__auto__0__1	5000	5000	0.7837	0.7954	0.7772132108657417	0.7862014431155481
ONE_VS_NINE__3RAJ__auto__0__1	5000	4995	0.7636818409204602	0.7882	0.7515255530129672	0.7694260054666147
HIGH_VS_95LOW__3RAJ__auto__0__2	5000	5000	0.9869	0.996	0.9781968179139658	0.9870181349717569
HIGH_VS_LOOSER__3RAJ__auto__0__2	5000	5000	0.7889	0.7984	0.78351324828263	0.7908865775136206
ONE_VS_NINE__3RAJ__auto__0__2	5000	4995	0.7719859929964983	0.7952	0.7600841139361498	0.7772456260385104
HIGH_VS_95LOW__3RAJ__auto__0__3	5000	5000	0.9871	0.9978	0.9768944585862541	0.9872365687147521
HIGH_VS_LOOSER__3RAJ__auto__0__3	5000	5000	0.7961	0.8058	0.7904649793996469	0.7980588293552541
ONE_VS_NINE__3RAJ__auto__0__3	5000	4995	0.7748874437218609	0.8026	0.7606141015921153	0.7810432074737251
HIGH_VS_95LOW__3RAJ__auto__0__4	5000	5000	0.9879	0.9958	0.9803110848592242	0.9879948407580117
HIGH_VS_LOOSER__3RAJ__auto__0__4	5000	5000	0.7967	0.7946	0.797951395862623	0.7962721715602765
ONE_VS_NINE__3RAJ__auto__0__4	5000	4995	0.7618809404702351	0.7878	0.7491441612780525	0.7679859621758627
ONE_VS_ONE__3RAJ__5E94__0__42	5000	5000	0.8992	0.8888	0.9076797385620915	0.8981406628940987
ONE_VS_ONE__3RAJ__5E94__1__42	5000	5000	0.8992	0.8892	0.9073469387755102	0.8981818181818182
ONE_VS_ONE__3RAJ__5E94__2__42	5000	5000	0.8993	0.8888	0.9078651685393259	0.8982314300151591
ONE_VS_ONE__3RAJ__5E94__3__42	5000	5000	0.9004	0.8922	0.9070760471736479	0.8995765275257107
ONE_VS_ONE__3RAJ__1H0D__0__42	5000	5000	0.9501	0.9464	0.9534555712270804	0.9499146843320285
ONE_VS_ONE__3RAJ__1H0D__1__42	5000	5000	0.9501	0.9458	0.9540044381682469	0.9498845033644672
ONE_VS_ONE__3RAJ__1H0D__2__42	5000	5000	0.9497	0.945	0.9539672925499697	0.9494624736260423
ONE_VS_ONE__3RAJ__1H0D__3__42	5000	5000	0.9496	0.945	0.953774727492935	0.9493670886075949
ONE_VS_ONE__3RAJ__1WEJ__0__42	5000	5000	0.8593	0.8612	0.8579398286511257	0.8595668230362312
ONE_VS_ONE__3RAJ__1WEJ__1__42	5000	5000	0.861	0.8648	0.8582770940849543	0.8615262004383343
ONE_VS_ONE__3RAJ__1WEJ__2__42	5000	5000	0.8606	0.864	0.8581644815256257	0.8610723539964121
ONE_VS_ONE__3RAJ__1WEJ__3__42	5000	5000	0.8608	0.8644	0.8582208101667991	0.8612993224392188
ONE_VS_ONE__3RAJ__1ADQ__0__42	5000	5000	0.8121	0.8208	0.806762335364655	0.8137206305145237
ONE_VS_ONE__3RAJ__1ADQ__1__42	5000	5000	0.8131	0.8218	0.807745232946727	0.8147120055517001
ONE_VS_ONE__3RAJ__1ADQ__2__42	5000	5000	0.813	0.825	0.8056640625	0.8152173913043479
ONE_VS_ONE__3RAJ__1ADQ__3__42	5000	5000	0.8124	0.8226	0.8061544492355939	0.8142941991684816
ONE_VS_ONE__3RAJ__1FBI__0__42	5000	5000	0.9128	0.9014	0.9224314367580844	0.9117944568076067
ONE_VS_ONE__3RAJ__1FBI__1__42	5000	5000	0.913	0.901	0.923155737704918	0.9119433198380567
ONE_VS_ONE__3RAJ__1FBI__2__42	5000	5000	0.9129	0.9018	0.9222744937615054	0.911922337951259
ONE_VS_ONE__3RAJ__1FBI__3__42	5000	5000	0.9128	0.901	0.9227775501843507	0.911758753288808
ONE_VS_ONE__3RAJ__2YPV__0__42	5000	5000	0.9266	0.9298	0.9238871224165341	0.9268341307814991
ONE_VS_ONE__3RAJ__2YPV__1__42	5000	5000	0.927	0.9308	0.9237792774910679	0.9272763498704922
ONE_VS_ONE__3RAJ__2YPV__2__42	5000	5000	0.9273	0.9316	0.9236565536387071	0.9276112715324106
ONE_VS_ONE__3RAJ__2YPV__3__42	5000	5000	0.9274	0.932	0.9235037653586999	0.927732430818236
ONE_VS_ONE__3RAJ__1OB1__0__42	5000	5000	0.8375	0.842	0.8344895936570862	0.8382279741164758
ONE_VS_ONE__3RAJ__1OB1__1__42	5000	5000	0.8376	0.8412	0.835186656076251	0.8381825428457552
ONE_VS_ONE__3RAJ__1OB1__2__42	5000	5000	0.8373	0.8406	0.8350884164514206	0.8378351440247185
ONE_VS_ONE__3RAJ__1OB1__3__42	5000	5000	0.837	0.8426	0.8332674050632911	0.8379077167859984
ONE_VS_ONE__5E94__3VRL__0__42	5000	5000	0.9672	0.9644	0.9698310539018503	0.9671079021259527
ONE_VS_ONE__5E94__3VRL__1__42	5000	5000	0.9672	0.9646	0.9696421391234419	0.9671144976940044
ONE_VS_ONE__5E94__3VRL__2__42	5000	5000	0.967	0.9642	0.9696299275945294	0.9669073405535499
ONE_VS_ONE__5E94__3VRL__3__42	5000	5000	0.9671	0.9644	0.9696360345867685	0.9670109295096762
ONE_VS_ONE__5E94__1NSN__0__42	5000	5000	0.9614	0.9688	0.9546708711076074	0.9616835417907484
ONE_VS_ONE__5E94__1NSN__1__42	5000	5000	0.9615	0.969	0.954679802955665	0.961786600496278
ONE_VS_ONE__5E94__1NSN__2__42	5000	5000	0.9613	0.9692	0.9541248277219925	0.9616033336640539
ONE_VS_ONE__5E94__1NSN__3__42	5000	5000	0.9611	0.9688	0.954106755958243	0.9613972412424332
ONE_VS_ONE__5E94__3RAJ__0__42	5000	5000	0.8991	0.9096	0.8908912830558277	0.9001484413656605
ONE_VS_ONE__5E94__3RAJ__1__42	5000	5000	0.8992	0.9092	0.8913725490196078	0.9001980198019802
ONE_VS_ONE__5E94__3RAJ__2__42	5000	5000	0.8993	0.9098	0.8910871694417238	0.9003463631865414
ONE_VS_ONE__5E94__3RAJ__3__42	5000	5000	0.9003	0.9086	0.8937635254770805	0.9011206982048993
HIGH_VS_95LOW__5E94__auto__0__42	5000	5000	0.9931	0.9974	0.9888954987110846	0.9931295429652494
HIGH_VS_LOOSER__5E94__auto__0__42	5000	5000	0.8586	0.8738	0.8480201863354038	0.8607171000788023
ONE_VS_NINE__5E94__auto__0__42	5000	4995	0.9053526763381691	0.9238	0.8910108024691358	0.907109190887667
HIGH_VS_95LOW__5E94__auto__1__42	5000	5000	0.9933	0.9974	0.9892878397143424	0.9933273578328852
HIGH_VS_LOOSER__5E94__auto__1__42	5000	5000	0.8576	0.8756	0.8451737451737452	0.8601178781925344
ONE_VS_NINE__5E94__auto__1__42	5000	4995	0.9055527763881941	0.9238	0.8913546893091471	0.9072873698683951
HIGH_VS_95LOW__5E94__auto__2__42	5000	5000	0.9932	0.9976	0.9888977002379065	0.9932297889287137
HIGH_VS_LOOSER__5E94__auto__2__42	5000	5000	0.8582	0.8738	0.8473622963537626	0.860378101614809
ONE_VS_NINE__5E94__auto__2__42	5000	4995	0.9048524262131066	0.9236	0.890302679776364	0.9066457249435556
HIGH_VS_95LOW__5E94__auto__3__42	5000	5000	0.9932	0.9976	0.9888977002379065	0.9932297889287137
HIGH_VS_LOOSER__5E94__auto__3__42	5000	5000	0.8581	0.874	0.8470633843768172	0.8603208977261542
ONE_VS_NINE__5E94__auto__3__42	5000	4995	0.9055527763881941	0.9238	0.8913546893091471	0.9072873698683951
HIGH_VS_95LOW__5E94__auto__0__0	5000	5000	0.9929	0.9966	0.9892793329362716	0.9929261731593105
HIGH_VS_LOOSER__5E94__auto__0__0	5000	5000	0.8653	0.8852	0.8513175610694365	0.8679282282576725
ONE_VS_NINE__5E94__auto__0__0	5000	4995	0.9063531765882942	0.9324	0.8863117870722433	0.9087719298245615
HIGH_VS_95LOW__5E94__auto__0__1	5000	5000	0.9914	0.9968	0.9861495844875346	0.9914461905709171
HIGH_VS_LOOSER__5E94__auto__0__1	5000	5000	0.8641	0.8838	0.8502982489898018	0.8667255075022066
ONE_VS_NINE__5E94__auto__0__1	5000	4995	0.9096548274137068	0.9286	0.8947774137598766	0.9113750122681323
HIGH_VS_95LOW__5E94__auto__0__2	5000	5000	0.992	0.9954	0.9886769964243146	0.9920271078333665
HIGH_VS_LOOSER__5E94__auto__0__2	5000	5000	0.8682	0.885	0.8562306501547987	0.8703776553894571
ONE_VS_NINE__5E94__auto__0__2	5000	4995	0.9080540270135068	0.9224	0.8967528679758896	0.909395642314897
HIGH_VS_95LOW__5E94__auto__0__3	5000	5000	0.992	0.9966	0.9875148632580262	0.9920366314951224
HIGH_VS_LOOSER__5E94__auto__0__3	5000	5000	0.8651	0.8856	0.8507204610951009	0.8678098971092603
ONE_VS_NINE__5E94__auto__0__3	5000	4995	0.9074537268634317	0.9312	0.8890586213481001	0.9096414965321873
HIGH_VS_95LOW__5E94__auto__0__4	5000	5000	0.9925	0.9974	0.9877203406615171	0.992536570803065
HIGH_VS_LOOSER__5E94__auto__0__4	5000	5000	0.8685	0.8874	0.8550780497205628	0.8709392482088527
ONE_VS_NINE__5E94__auto__0__4	5000	4995	0.9092546273136568	0.9272	0.8951535045375555	0.9108949798604972
ONE_VS_ONE__5E94__1H0D__0__42	5000	5000	0.9597	0.9596	0.9597919583916783	0.9596959695969597
ONE_VS_ONE__5E94__1H0D__1__42	5000	5000	0.9603	0.96	0.9605763458074845	0.9602880864259278
ONE_VS_ONE__5E94__1H0D__2__42	5000	5000	0.9601	0.9598	0.9603762257354412	0.9600880264079225
ONE_VS_ONE__5E94__1H0D__3__42	5000	5000	0.9599	0.9592	0.9605447626677348	0.9598719103372361
ONE_VS_ONE__5E94__1WEJ__0__42	5000	5000	0.9414	0.9434	0.9396414342629482	0.9415169660678643
ONE_VS_ONE__5E94__1WEJ__1__42	5000	5000	0.9408	0.9428	0.9390438247011952	0.9409181636726546
ONE_VS_ONE__5E94__1WEJ__2__42	5000	5000	0.9414	0.943	0.9399920255183413	0.9414936102236422
ONE_VS_ONE__5E94__1WEJ__3__42	5000	5000	0.9414	0.9424	0.9405189620758483	0.9414585414585414
ONE_VS_ONE__5E94__1ADQ__0__42	5000	5000	0.9343	0.9392	0.930085165379283	0.9346203602348493
ONE_VS_ONE__5E94__1ADQ__1__42	5000	5000	0.9341	0.94	0.9290373591618897	0.934486529476091
ONE_VS_ONE__5E94__1ADQ__2__42	5000	5000	0.9341	0.9394	0.9295468038788838	0.9344474286282702
ONE_VS_ONE__5E94__1ADQ__3__42	5000	5000	0.9343	0.94	0.9294047854459165	0.9346723675052201
ONE_VS_ONE__5E94__1FBI__0__42	5000	5000	0.9713	0.9642	0.9780888618381011	0.9710947728875012
ONE_VS_ONE__5E94__1FBI__1__42	5000	5000	0.9717	0.9644	0.9786888573168256	0.9714918908028609
ONE_VS_ONE__5E94__1FBI__2__42	5000	5000	0.9715	0.9644	0.9782917427470075	0.9712962030415954
ONE_VS_ONE__5E94__1FBI__3__42	5000	5000	0.9715	0.9642	0.9784858940531764	0.9712904200664854
ONE_VS_ONE__5E94__2YPV__0__42	5000	5000	0.9568	0.9594	0.9544369279745324	0.9569120287253142
ONE_VS_ONE__5E94__2YPV__1__42	5000	5000	0.9565	0.9584	0.9547718669057581	0.9565824932628008
ONE_VS_ONE__5E94__2YPV__2__42	5000	5000	0.9566	0.9592	0.9542379625945085	0.9567125473768203
ONE_VS_ONE__5E94__2YPV__3__42	5000	5000	0.9565	0.9584	0.9547718669057581	0.9565824932628008
ONE_VS_ONE__5E94__1OB1__0__42	5000	5000	0.9308	0.9374	0.9251875246742992	0.931253725412279
ONE_VS_ONE__5E94__1OB1__1__42	5000	5000	0.9303	0.9378	0.9239408866995074	0.930818858560794
ONE_VS_ONE__5E94__1OB1__2__42	5000	5000	0.9308	0.9366	0.9258600237247924	0.9311990455358918
ONE_VS_ONE__5E94__1OB1__3__42	5000	5000	0.931	0.9362	0.9265637371338084	0.9313569438917628
ONE_VS_ONE__1H0D__3VRL__0__42	5000	5000	0.9754	0.9744	0.9763527054108216	0.9753753753753753
ONE_VS_ONE__1H0D__3VRL__1__42	5000	5000	0.9755	0.9744	0.9765484064942874	0.9754730203223546
ONE_VS_ONE__1H0D__3VRL__2__42	5000	5000	0.9758	0.9744	0.9771359807460891	0.9757660725015023
ONE_VS_ONE__1H0D__3VRL__3__42	5000	5000	0.9755	0.9746	0.9763574433981166	0.9754779301371234
ONE_VS_ONE__1H0D__1NSN__0__42	5000	5000	0.9327	0.9478	0.9200155309648612	0.9337011131908186
ONE_VS_ONE__1H0D__1NSN__1__42	5000	5000	0.9325	0.947	0.9203109815354713	0.933464760965993
ONE_VS_ONE__1H0D__1NSN__2__42	5000	5000	0.9326	0.946	0.9213089209193611	0.933491217683047
ONE_VS_ONE__1H0D__1NSN__3__42	5000	5000	0.9324	0.9468	0.9202954898911353	0.9333596214511042
ONE_VS_ONE__1H0D__3RAJ__0__42	5000	5000	0.9499	0.954	0.9462408252330887	0.9501045712578429
ONE_VS_ONE__1H0D__3RAJ__1__42	5000	5000	0.9499	0.9542	0.9460638508824113	0.9501145076172458
ONE_VS_ONE__1H0D__3RAJ__2__42	5000	5000	0.9496	0.9544	0.945324881141046	0.9498407643312103
ONE_VS_ONE__1H0D__3RAJ__3__42	5000	5000	0.9495	0.9542	0.9453140479492768	0.9497362396735343
ONE_VS_ONE__1H0D__5E94__0__42	5000	5000	0.9598	0.96	0.9596161535385845	0.9598080383923214
ONE_VS_ONE__1H0D__5E94__1__42	5000	5000	0.9602	0.9606	0.959832134292566	0.9602159136345463
ONE_VS_ONE__1H0D__5E94__2__42	5000	5000	0.9599	0.9602	0.9596242254647211	0.9599120263920823
ONE_VS_ONE__1H0D__5E94__3__42	5000	5000	0.9598	0.9606	0.9590654952076677	0.9598321342925659
HIGH_VS_95LOW__1H0D__auto__0__42	5000	5000	0.9603	0.9734	0.9485480413174819	0.9608133451781661
HIGH_VS_LOOSER__1H0D__auto__0__42	5000	5000	0.7907	0.7882	0.7921608040201005	0.7901754385964912
ONE_VS_NINE__1H0D__auto__0__42	5000	4995	0.8610305152576289	0.8848	0.8447584494939852	0.8643157174953601
HIGH_VS_95LOW__1H0D__auto__1__42	5000	5000	0.9605	0.9738	0.9485680888369374	0.961018454554426
HIGH_VS_LOOSER__1H0D__auto__1__42	5000	5000	0.7894	0.7886	0.789863782051282	0.7892313851080864
ONE_VS_NINE__1H0D__auto__1__42	5000	4995	0.8616308154077038	0.8808	0.8483914467347332	0.8642920223726818
HIGH_VS_95LOW__1H0D__auto__2__42	5000	5000	0.9604	0.9742	0.9480342545737641	0.960939041231012
HIGH_VS_LOOSER__1H0D__auto__2__42	5000	5000	0.7896	0.7838	0.792998785916633	0.7883725608529472
ONE_VS_NINE__1H0D__auto__2__42	5000	4995	0.8616308154077038	0.8858	0.8450677351650449	0.8649545942779027
HIGH_VS_95LOW__1H0D__auto__3__42	5000	5000	0.9605	0.9742	0.948218804749854	0.9610338364407616
HIGH_VS_LOOSER__1H0D__auto__3__42	5000	5000	0.7903	0.7868	0.7923464249748238	0.7895634721525339
ONE_VS_NINE__1H0D__auto__3__42	5000	4995	0.8614307153576788	0.8856	0.8448769318832284	0.8647593008495265
HIGH_VS_95LOW__1H0D__auto__0__0	5000	5000	0.9597	0.9792	0.9424446583253128	0.9604708190289357
HIGH_VS_LOOSER__1H0D__auto__0__0	5000	5000	0.7818	0.781	0.7822516025641025	0.7816253002401922
ONE_VS_NINE__1H0D__auto__0__0	5000	4995	0.856128064032016	0.8826	0.8383358662613982	0.8598986749805144
HIGH_VS_95LOW__1H0D__auto__0__1	5000	5000	0.9581	0.9786	0.940057636887608	0.9589416952474278
HIGH_VS_LOOSER__1H0D__auto__0__1	5000	5000	0.7812	0.7822	0.7806387225548902	0.7814185814185814
ONE_VS_NINE__1H0D__auto__0__1	5000	4995	0.8547273636818409	0.8716	0.843266253869969	0.8571990558615263
HIGH_VS_95LOW__1H0D__auto__0__2	5000	5000	0.9564	0.9762	0.9390150057714506	0.9572465189252795
HIGH_VS_LOOSER__1H0D__auto__0__2	5000	5000	0.7905	0.7964	0.7871120774856691	0.7917288000795307
ONE_VS_NINE__1H0D__auto__0__2	5000	4995	0.8568284142071035	0.876	0.8437680601040262	0.8595819841036209
HIGH_VS_95LOW__1H0D__auto__0__3	5000	5000	0.9633	0.9776	0.9504180439432238	0.9638174110223799
HIGH_VS_LOOSER__1H0D__auto__0__3	5000	5000	0.7832	0.795	0.7766705744431418	0.7857284048230876
ONE_VS_NINE__1H0D__auto__0__3	5000	4995	0.8556278139069535	0.8824	0.8376685019935447	0.859452615174832
HIGH_VS_95LOW__1H0D__auto__0__4	5000	5000	0.9607	0.9752	0.9477162293488824	0.9612617052735337
HIGH_VS_LOOSER__1H0D__auto__0__4	5000	5000	0.7809	0.7756	0.7839094400646857	0.7797325826882476
ONE_VS_NINE__1H0D__auto__0__4	5000	4995	0.8507253626813407	0.8762	0.8338408831366578	0.8544958065145309
ONE_VS_ONE__1H0D__1WEJ__0__42	5000	5000	0.9734	0.9762	0.970763723150358	0.9734742720382927
ONE_VS_ONE__1H0D__1WEJ__1__42	5000	5000	0.9731	0.9744	0.9718731298623579	0.9731349245980225
ONE_VS_ONE__1H0D__1WEJ__2__42	5000	5000	0.9731	0.9746	0.9716849451645064	0.9731402895656515
ONE_VS_ONE__1H0D__1ADQ__0__42	5000	5000	0.885	0.8976	0.8755364806866953	0.8864309697807623
ONE_VS_ONE__1H0D__1ADQ__1__42	5000	5000	0.885	0.8982	0.8750974279033515	0.886498223450454
ONE_VS_ONE__1H0D__1ADQ__2__42	5000	5000	0.8847	0.8962	0.8760508308895406	0.8860108749382106
ONE_VS_ONE__1H0D__1FBI__0__42	5000	5000	0.9603	0.956	0.9642929191042969	0.9601285527769408
ONE_VS_ONE__1H0D__1FBI__1__42	5000	5000	0.9609	0.9556	0.9658378815443703	0.9606916658288931
ONE_VS_ONE__1H0D__1FBI__2__42	5000	5000	0.9605	0.9568	0.9639331049768285	0.9603533072367761
ONE_VS_ONE__1H0D__2YPV__0__42	5000	5000	0.8815	0.8712	0.8895241984888708	0.8802667474992422
ONE_VS_ONE__1H0D__2YPV__1__42	5000	5000	0.8816	0.8728	0.8884364820846905	0.880548829701372
ONE_VS_ONE__1H0D__2YPV__2__42	5000	5000	0.8822	0.87	0.8917589175891759	0.8807450900992103
ONE_VS_ONE__1H0D__1OB1__0__42	5000	5000	0.9866	0.9872	0.986016779864163	0.9866080351788927
ONE_VS_ONE__1H0D__1OB1__1__42	5000	5000	0.9865	0.9876	0.9854320494911195	0.9865148336829488
ONE_VS_ONE__1H0D__1OB1__2__42	5000	5000	0.9862	0.9874	0.9850359138068635	0.9862165401518178
ONE_VS_ONE__1WEJ__3VRL__0__42	5000	5000	0.9419	0.9366	0.9466343238326258	0.9415904292751582
ONE_VS_ONE__1WEJ__3VRL__1__42	5000	5000	0.9417	0.9368	0.9460715007069279	0.941412923324289
ONE_VS_ONE__1WEJ__3VRL__2__42	5000	5000	0.9418	0.9368	0.9462626262626262	0.9415075376884422
ONE_VS_ONE__1WEJ__1NSN__0__42	5000	5000	0.9595	0.959	0.95995995995996	0.9594797398699348
ONE_VS_ONE__1WEJ__1NSN__1__42	5000	5000	0.9595	0.9596	0.9594081183763248	0.9595040495950405
ONE_VS_ONE__1WEJ__1NSN__2__42	5000	5000	0.9597	0.9602	0.9592407592407592	0.959720139930035
ONE_VS_ONE__1WEJ__3RAJ__0__42	5000	5000	0.8595	0.8578	0.8607264699979932	0.8592607432635481
ONE_VS_ONE__1WEJ__3RAJ__1__42	5000	5000	0.8608	0.8568	0.8637096774193549	0.8602409638554217
ONE_VS_ONE__1WEJ__3RAJ__2__42	5000	5000	0.8607	0.8574	0.863096436480773	0.8602387880004013
ONE_VS_ONE__1WEJ__5E94__0__42	5000	5000	0.9412	0.9392	0.9429718875502008	0.9410821643286573
ONE_VS_ONE__1WEJ__5E94__1__42	5000	5000	0.9409	0.939	0.9425818108813492	0.9407874962428614
ONE_VS_ONE__1WEJ__5E94__2__42	5000	5000	0.9412	0.9396	0.9426163723916533	0.9411057692307693
ONE_VS_ONE__1WEJ__1H0D__0__42	5000	5000	0.9735	0.971	0.9758793969849247	0.9734335839598998
ONE_VS_ONE__1WEJ__1H0D__1__42	5000	5000	0.973	0.9716	0.9743281187324508	0.9729621470058082
ONE_VS_ONE__1WEJ__1H0D__2__42	5000	5000	0.9731	0.9716	0.9745235707121364	0.9730595893840761
HIGH_VS_95LOW__1WEJ__auto__0__42	5000	5000	0.9714	0.985	0.9589174454828661	0.9717837411207577
HIGH_VS_LOOSER__1WEJ__auto__0__42	5000	5000	0.7903	0.7976	0.7861226098955253	0.7918197160726695
ONE_VS_NINE__1WEJ__auto__0__42	5000	4995	0.8499249624812406	0.8786	0.8310631857737419	0.8541707174800699
HIGH_VS_95LOW__1WEJ__auto__1__42	5000	5000	0.9714	0.9848	0.959096221269965	0.9717781724886521
HIGH_VS_LOOSER__1WEJ__auto__1__42	5000	5000	0.7894	0.7976	0.7847304210940574	0.7911128744296767
ONE_VS_NINE__1WEJ__auto__1__42	5000	4995	0.8518259129564782	0.8792	0.8336810164991466	0.8558356857782536
HIGH_VS_95LOW__1WEJ__auto__2__42	5000	5000	0.9714	0.985	0.9589174454828661	0.9717837411207577
HIGH_VS_LOOSER__1WEJ__auto__2__42	5000	5000	0.7903	0.8016	0.783884216702523	0.7926431326016019
ONE_VS_NINE__1WEJ__auto__2__42	5000	4995	0.8514257128564282	0.8788	0.8333017257728048	0.855446315584542
HIGH_VS_95LOW__1WEJ__auto__3__42	5000	5000	0.9713	0.985	0.9587307767179287	0.9716878760974648
HIGH_VS_LOOSER__1WEJ__auto__3__42	5000	5000	0.7904	0.7996	0.7851531814611155	0.7923107411811335
ONE_VS_NINE__1WEJ__auto__3__42	5000	4995	0.8508254127063531	0.879	0.8322287445559553	0.8549751969652758
HIGH_VS_95LOW__1WEJ__auto__0__0	5000	5000	0.972	0.9848	0.9602184087363494	0.9723538704581359
HIGH_VS_LOOSER__1WEJ__auto__0__0	5000	5000	0.7956	0.8106	0.7869902912621359	0.7986206896551723
ONE_VS_NINE__1WEJ__auto__0__0	5000	4995	0.8473236618309155	0.87	0.8323765786452354	0.850772540582828
HIGH_VS_95LOW__1WEJ__auto__0__1	5000	5000	0.9713	0.9884	0.9557145619802746	0.9717825189263591
HIGH_VS_LOOSER__1WEJ__auto__0__1	5000	5000	0.799	0.816	0.7891682785299806	0.8023598820058997
ONE_VS_NINE__1WEJ__auto__0__1	5000	4995	0.8487243621810906	0.8816	0.8273273273273273	0.8536018590240124
HIGH_VS_95LOW__1WEJ__auto__0__2	5000	5000	0.9644	0.9816	0.9489559164733179	0.9650019661816752
HIGH_VS_LOOSER__1WEJ__auto__0__2	5000	5000	0.7958	0.8088	0.7883040935672515	0.7984205330700888
ONE_VS_NINE__1WEJ__auto__0__2	5000	4995	0.8531265632816408	0.8682	0.8429126213592233	0.8553694581280789
HIGH_VS_95LOW__1WEJ__auto__0__3	5000	5000	0.9747	0.989	0.9615010694147385	0.9750566893424036
HIGH_VS_LOOSER__1WEJ__auto__0__3	5000	5000	0.8025	0.8144	0.7954678648173471	0.8048226109299338
ONE_VS_NINE__1WEJ__auto__0__3	5000	4995	0.8516258129064532	0.8768	0.8348885926490193	0.8553311872012487
HIGH_VS_95LOW__1WEJ__auto__0__4	5000	5000	0.9706	0.981	0.9610109717868338	0.9709026128266032
HIGH_VS_LOOSER__1WEJ__auto__0__4	5000	5000	0.7929	0.812	0.7821229050279329	0.796781473849475
ONE_VS_NINE__1WEJ__auto__0__4	5000	4995	0.848824412206103	0.8656	0.8376233791368298	0.8513819219041999
ONE_VS_ONE__1WEJ__1ADQ__0__42	5000	5000	0.9006	0.9062	0.8961629746835443	0.9011535401750199
ONE_VS_ONE__1WEJ__1ADQ__1__42	5000	5000	0.8993	0.9072	0.8930891907855877	0.9000892945728742
ONE_VS_ONE__1WEJ__1ADQ__2__42	5000	5000	0.9003	0.9062	0.8956315477367068	0.9008847797991848
ONE_VS_ONE__1WEJ__1FBI__0__42	5000	5000	0.968	0.9686	0.9674390731122653	0.9680191884869079
ONE_VS_ONE__1WEJ__1FBI__1__42	5000	5000	0.9678	0.968	0.9676129548180727	0.9678064387122575
ONE_VS_ONE__1WEJ__1FBI__2__42	5000	5000	0.9683	0.9682	0.9683936787357471	0.9682968296829683
ONE_VS_ONE__1WEJ__2YPV__0__42	5000	5000	0.9689	0.9668	0.970877686282386	0.9688345525603768
ONE_VS_ONE__1WEJ__2YPV__1__42	5000	5000	0.9686	0.9672	0.9699157641395909	0.9685559783697176
ONE_VS_ONE__1WEJ__2YPV__2__42	5000	5000	0.9691	0.9664	0.9716468932234064	0.9690163441291488
ONE_VS_ONE__1WEJ__1OB1__0__42	5000	5000	0.89	0.8834	0.895216862586137	0.8892691765653311
ONE_VS_ONE__1WEJ__1OB1__1__42	5000	5000	0.8902	0.8844	0.8947794415216511	0.8895594447797224
ONE_VS_ONE__1WEJ__1OB1__2__42	5000	5000	0.8898	0.8822	0.8958164094232332	0.8889560661023781
ONE_VS_ONE__1ADQ__3VRL__0__42	5000	5000	0.9391	0.9276	0.9494370522006141	0.938391502276176
ONE_VS_ONE__1ADQ__3VRL__1__42	5000	5000	0.9395	0.9284	0.9494784209449785	0.9388209121245829
ONE_VS_ONE__1ADQ__3VRL__2__42	5000	5000	0.9393	0.9282	0.9492738801390878	0.9386186672059865
ONE_VS_ONE__1ADQ__1NSN__0__42	5000	5000	0.8911	0.8862	0.8949707129872753	0.890563762435936
ONE_VS_ONE__1ADQ__1NSN__1__42	5000	5000	0.8918	0.8884	0.8944824808699154	0.8914308649407988
ONE_VS_ONE__1ADQ__1NSN__2__42	5000	5000	0.8922	0.8892	0.8945674044265594	0.8918756268806419
ONE_VS_ONE__1ADQ__3RAJ__0__42	5000	5000	0.8118	0.803	0.817385993485342	0.8101291364003228
ONE_VS_ONE__1ADQ__3RAJ__1__42	5000	5000	0.813	0.8046	0.8183482506102523	0.8114158935054457
ONE_VS_ONE__1ADQ__3RAJ__2__42	5000	5000	0.8128	0.8006	0.8206232062320623	0.8104879530269286
ONE_VS_ONE__1ADQ__5E94__0__42	5000	5000	0.9343	0.9294	0.9385982629771763	0.9339764847753995
ONE_VS_ONE__1ADQ__5E94__1__42	5000	5000	0.9342	0.9282	0.9394736842105263	0.9338028169014085
ONE_VS_ONE__1ADQ__5E94__2__42	5000	5000	0.9341	0.9286	0.938928210313448	0.9337355455002513
ONE_VS_ONE__1ADQ__1H0D__0__42	5000	5000	0.8848	0.8722	0.8947476405416496	0.8833299574640471
ONE_VS_ONE__1ADQ__1H0D__1__42	5000	5000	0.885	0.872	0.8952772073921971	0.8834853090172239
ONE_VS_ONE__1ADQ__1H0D__2__42	5000	5000	0.885	0.8734	0.8941441441441441	0.8836503439902872
ONE_VS_ONE__1ADQ__1WEJ__0__42	5000	5000	0.9007	0.8952	0.9051567239635996	0.9001508295625943
ONE_VS_ONE__1ADQ__1WEJ__1__42	5000	5000	0.8995	0.8918	0.9057485273207394	0.8987201451174041
ONE_VS_ONE__1ADQ__1WEJ__2__42	5000	5000	0.9004	0.8944	0.9052631578947369	0.8997987927565393
HIGH_VS_95LOW__1ADQ__auto__0__42	5000	5000	0.9549	0.9706	0.9410509986426216	0.9555971251353745
HIGH_VS_LOOSER__1ADQ__auto__0__42	5000	5000	0.6813	0.6794	0.6819915679582413	0.6806933173028755
ONE_VS_NINE__1ADQ__auto__0__42	5000	4995	0.7550775387693847	0.7644	0.7505891594658287	0.7574316290130797
HIGH_VS_95LOW__1ADQ__auto__1__42	5000	5000	0.9549	0.9708	0.9408800155068812	0.9556058667191653
HIGH_VS_LOOSER__1ADQ__auto__1__42	5000	5000	0.682	0.6842	0.6812027080844285	0.6826980642586311
ONE_VS_NINE__1ADQ__auto__1__42	5000	4995	0.7545772886443222	0.7636	0.7502456278247199	0.7568639111904053
HIGH_VS_95LOW__1ADQ__auto__2__42	5000	5000	0.9546	0.9692	0.9417022930431403	0.9552533017938104
HIGH_VS_LOOSER__1ADQ__auto__2__42	5000	5000	0.6829	0.6876	0.6811967505448782	0.6843833980292624
ONE_VS_NINE__1ADQ__auto__2__42	5000	4995	0.7546773386693346	0.7644	0.75	0.7571315372424722
HIGH_VS_95LOW__1ADQ__auto__3__42	5000	5000	0.9549	0.971	0.9407091648905251	0.9556146048617262
HIGH_VS_LOOSER__1ADQ__auto__3__42	5000	5000	0.6821	0.6884	0.6798340904602015	0.6840902315412899
ONE_VS_NINE__1ADQ__auto__3__42	5000	4995	0.7546773386693346	0.762	0.7511829652996845	0.7565528196981731
HIGH_VS_95LOW__1ADQ__auto__0__0	5000	5000	0.9511	0.9694	0.9351726799151071	0.9519787881763723
HIGH_VS_LOOSER__1ADQ__auto__0__0	5000	5000	0.6854	0.697	0.6811962470680218	0.6890075128509292
ONE_VS_NINE__1ADQ__auto__0__0	5000	4995	0.7650825412706354	0.7736	0.7608182533438238	0.7671558905196351
HIGH_VS_95LOW__1ADQ__auto__0__1	5000	5000	0.9551	0.9704	0.9415874248010867	0.9557766177484488
HIGH_VS_LOOSER__1ADQ__auto__0__1	5000	5000	0.6883	0.7088	0.6808837656099904	0.6945614894659481
ONE_VS_NINE__1ADQ__auto__0__1	5000	4995	0.7634817408704352	0.775	0.7577238951896754	0.7662645837453035
HIGH_VS_95LOW__1ADQ__auto__0__2	5000	5000	0.9511	0.9668	0.9373666860577855	0.9518558629516589
HIGH_VS_LOOSER__1ADQ__auto__0__2	5000	5000	0.6736	0.682	0.6707317073170732	0.6763189210630702
ONE_VS_NINE__1ADQ__auto__0__2	5000	4995	0.7581790895447724	0.7686	0.7530864197530864	0.7607641294664952
HIGH_VS_95LOW__1ADQ__auto__0__3	5000	5000	0.9605	0.9782	0.9447556499903419	0.9611869902721822
HIGH_VS_LOOSER__1ADQ__auto__0__3	5000	5000	0.6874	0.7	0.6827936012485368	0.6912897491605767
ONE_VS_NINE__1ADQ__auto__0__3	5000	4995	0.7645822911455727	0.7824	0.7556499903418968	0.7687923749631521
HIGH_VS_95LOW__1ADQ__auto__0__4	5000	5000	0.953	0.9742	0.9345740598618573	0.9539757148452801
HIGH_VS_LOOSER__1ADQ__auto__0__4	5000	5000	0.6863	0.7152	0.6761202495745887	0.6951112838954222
ONE_VS_NINE__1ADQ__auto__0__4	5000	4995	0.7646823411705853	0.777	0.7584927762592737	0.7676348547717842
ONE_VS_ONE__1ADQ__1FBI__0__42	5000	5000	0.954	0.9474	0.9600729631130929	0.9536943829273203
ONE_VS_ONE__1ADQ__1FBI__1__42	5000	5000	0.9537	0.9462	0.9606091370558376	0.9533501259445843
ONE_VS_ONE__1ADQ__1FBI__2__42	5000	5000	0.9537	0.946	0.9607962624416007	0.9533407235715006
ONE_VS_ONE__1ADQ__2YPV__0__42	5000	5000	0.8934	0.8952	0.8919888401753687	0.8935915352365741
ONE_VS_ONE__1ADQ__2YPV__1__42	5000	5000	0.8935	0.8954	0.8920103606296075	0.8937019662640983
ONE_VS_ONE__1ADQ__2YPV__2__42	5000	5000	0.8938	0.895	0.8928571428571429	0.8939272872552937
ONE_VS_ONE__1ADQ__1OB1__0__42	5000	5000	0.9192	0.9184	0.9198717948717948	0.9191353082465972
ONE_VS_ONE__1ADQ__1OB1__1__42	5000	5000	0.9187	0.9182	0.9191191191191191	0.9186593296648324
ONE_VS_ONE__1ADQ__1OB1__2__42	5000	5000	0.919	0.9184	0.9195034040849018	0.9189513708224935
ONE_VS_ONE__1FBI__3VRL__0__42	5000	5000	0.9864	0.988	0.9848484848484849	0.9864217252396166
ONE_VS_ONE__1FBI__3VRL__1__42	5000	5000	0.9863	0.988	0.9846521825792306	0.9863232504741939
ONE_VS_ONE__1FBI__3VRL__2__42	5000	5000	0.9863	0.988	0.9846521825792306	0.9863232504741939
ONE_VS_ONE__1FBI__1NSN__0__42	5000	5000	0.9791	0.989	0.9697979996077662	0.9793048816714527
ONE_VS_ONE__1FBI__1NSN__1__42	5000	5000	0.9791	0.989	0.9697979996077662	0.9793048816714527
ONE_VS_ONE__1FBI__1NSN__2__42	5000	5000	0.9791	0.989	0.9697979996077662	0.9793048816714527
ONE_VS_ONE__1FBI__3RAJ__0__42	5000	5000	0.9128	0.924	0.903755868544601	0.9137658227848102
ONE_VS_ONE__1FBI__3RAJ__1__42	5000	5000	0.9127	0.9246	0.9031060754053526	0.9137266528313074
ONE_VS_ONE__1FBI__3RAJ__2__42	5000	5000	0.9128	0.924	0.903755868544601	0.9137658227848102
ONE_VS_ONE__1FBI__5E94__0__42	5000	5000	0.9713	0.9782	0.9648845926218189	0.9714966729565995
ONE_VS_ONE__1FBI__5E94__1__42	5000	5000	0.9716	0.9788	0.9649053627760252	0.971803018268467
ONE_VS_ONE__1FBI__5E94__2__42	5000	5000	0.9714	0.9786	0.9647082018927445	0.971604447974583
ONE_VS_ONE__1FBI__1H0D__0__42	5000	5000	0.9604	0.9648	0.9563838223632039	0.960573476702509
ONE_VS_ONE__1FBI__1H0D__1__42	5000	5000	0.9609	0.9662	0.95606570354245	0.9611061374714015
ONE_VS_ONE__1FBI__1H0D__2__42	5000	5000	0.9604	0.964	0.9571088165210484	0.9605420486249502
ONE_VS_ONE__1FBI__1WEJ__0__42	5000	5000	0.968	0.9674	0.9685622747296756	0.9679807884730839
ONE_VS_ONE__1FBI__1WEJ__1__42	5000	5000	0.9679	0.9676	0.9681809085451271	0.9678903671101331
ONE_VS_ONE__1FBI__1WEJ__2__42	5000	5000	0.968	0.9682	0.96781287485006	0.968006398720256
ONE_VS_ONE__1FBI__1ADQ__0__42	5000	5000	0.954	0.9604	0.94826224328594	0.9542925278219396
ONE_VS_ONE__1FBI__1ADQ__1__42	5000	5000	0.9534	0.9608	0.946787544343713	0.9537423069287274
ONE_VS_ONE__1FBI__1ADQ__2__42	5000	5000	0.9538	0.9616	0.9468294604174872	0.9541575709466165
HIGH_VS_95LOW__1FBI__auto__0__42	5000	5000	0.9863	0.9964	0.9766712409331504	0.9864369864369864
HIGH_VS_LOOSER__1FBI__auto__0__42	5000	5000	0.8636	0.8774	0.8538341767224601	0.865456697573486
ONE_VS_NINE__1FBI__auto__0__42	5000	4995	0.936368184092046	0.9544	0.9212355212355212	0.9375245579567779
HIGH_VS_95LOW__1FBI__auto__1__42	5000	5000	0.9861	0.9964	0.9762884577699392	0.9862417103830545
HIGH_VS_LOOSER__1FBI__auto__1__42	5000	5000	0.8644	0.8792	0.853923853923854	0.8663776113519907
ONE_VS_NINE__1FBI__auto__1__42	5000	4995	0.9360680340170086	0.9538	0.9211898783079003	0.9372113589466443
HIGH_VS_95LOW__1FBI__auto__2__42	5000	5000	0.9862	0.9964	0.9764798118384947	0.9863393387448031
HIGH_VS_LOOSER__1FBI__auto__2__42	5000	5000	0.8643	0.8786	0.85417071748007	0.8662131519274376
ONE_VS_NINE__1FBI__auto__2__42	5000	4995	0.9360680340170086	0.9532	0.9216785921485205	0.9371743191426605
HIGH_VS_95LOW__1FBI__auto__3__42	5000	5000	0.9861	0.996	0.9766620906060012	0.9862362610159422
HIGH_VS_LOOSER__1FBI__auto__3__42	5000	5000	0.8642	0.8804	0.8527702440914374	0.8663648888014169
ONE_VS_NINE__1FBI__auto__3__42	5000	4995	0.936168084042021	0.9528	0.9221835075493612	0.9372417863466457
HIGH_VS_95LOW__1FBI__auto__0__0	5000	5000	0.9858	0.9952	0.9768354927365528	0.9859322369724588
HIGH_VS_LOOSER__1FBI__auto__0__0	5000	5000	0.8678	0.872	0.8647362157873859	0.8683529177454691
ONE_VS_NINE__1FBI__auto__0__0	5000	4995	0.9360680340170086	0.9512	0.9233158609978644	0.937050536892917
HIGH_VS_95LOW__1FBI__auto__0__1	5000	5000	0.9862	0.9954	0.9774155538098979	0.9863258026159334
HIGH_VS_LOOSER__1FBI__auto__0__1	5000	5000	0.8638	0.8734	0.8569466248037677	0.8650950871632329
ONE_VS_NINE__1FBI__auto__0__1	5000	4995	0.9397698849424713	0.9556	0.9263280341217526	0.9407363654262649
HIGH_VS_95LOW__1FBI__auto__0__2	5000	5000	0.9877	0.9966	0.9791707604637453	0.9878085043116265
HIGH_VS_LOOSER__1FBI__auto__0__2	5000	5000	0.8676	0.879	0.8594055533828705	0.8690923472414475
ONE_VS_NINE__1FBI__auto__0__2	5000	4995	0.9371685842921461	0.9536	0.9233152594887684	0.9382133018496656
HIGH_VS_95LOW__1FBI__auto__0__3	5000	5000	0.9858	0.9944	0.9775855289028706	0.9859210787229824
HIGH_VS_LOOSER__1FBI__auto__0__3	5000	5000	0.8589	0.8672	0.8530395435766279	0.860061489636021
ONE_VS_NINE__1FBI__auto__0__3	5000	4995	0.9348674337168584	0.9548	0.9182535102904404	0.9361702127659575
HIGH_VS_95LOW__1FBI__auto__0__4	5000	5000	0.9862	0.9942	0.9785433070866142	0.9863095238095237
HIGH_VS_LOOSER__1FBI__auto__0__4	5000	5000	0.8606	0.8664	0.8564650059311981	0.8614038576257704
ONE_VS_NINE__1FBI__auto__0__4	5000	4995	0.9316658329164582	0.9458	0.9198599494261817	0.9326496400749432
ONE_VS_ONE__1FBI__2YPV__0__42	5000	5000	0.9586	0.966	0.9519117067402444	0.9589041095890412
ONE_VS_ONE__1FBI__2YPV__1__42	5000	5000	0.9585	0.9652	0.9524373396487074	0.9587761994635938
ONE_VS_ONE__1FBI__2YPV__2__42	5000	5000	0.9586	0.9656	0.9522682445759368	0.9588877855014897
ONE_VS_ONE__1FBI__1OB1__0__42	5000	5000	0.9844	0.987	0.9818941504178273	0.9844404548174747
ONE_VS_ONE__1FBI__1OB1__1__42	5000	5000	0.9845	0.9874	0.9817061045933585	0.9845448200219364
ONE_VS_ONE__1FBI__1OB1__2__42	5000	5000	0.9842	0.9872	0.9813121272365806	0.9842472582253241
ONE_VS_ONE__2YPV__3VRL__0__42	5000	5000	0.9842	0.9868	0.9816951850378034	0.9842409734689807
ONE_VS_ONE__2YPV__3VRL__1__42	5000	5000	0.9841	0.9864	0.9818833366514036	0.9841364860820114
ONE_VS_ONE__2YPV__3VRL__2__42	5000	5000	0.984	0.9862	0.9818797291915572	0.9840351227299939
ONE_VS_ONE__2YPV__1NSN__0__42	5000	5000	0.9527	0.9576	0.948306595365419	0.9529306398646631
ONE_VS_ONE__2YPV__1NSN__1__42	5000	5000	0.9527	0.9578	0.9481290833498317	0.9529400059695552
ONE_VS_ONE__2YPV__1NSN__2__42	5000	5000	0.9528	0.9574	0.9486722156163298	0.9530161258212224
ONE_VS_ONE__2YPV__3RAJ__0__42	5000	5000	0.9269	0.924	0.9293904646952323	0.9266873934409788
ONE_VS_ONE__2YPV__3RAJ__1__42	5000	5000	0.9271	0.9232	0.9304575690385003	0.9268145768497138
ONE_VS_ONE__2YPV__3RAJ__2__42	5000	5000	0.9274	0.923	0.9311945117029863	0.9270791482523102
ONE_VS_ONE__2YPV__5E94__0__42	5000	5000	0.9568	0.954	0.9593724859211585	0.9566787003610108
ONE_VS_ONE__2YPV__5E94__1__42	5000	5000	0.9566	0.9548	0.9582496989160979	0.9565217391304348
ONE_VS_ONE__2YPV__5E94__2__42	5000	5000	0.9568	0.954	0.9593724859211585	0.9566787003610108
ONE_VS_ONE__2YPV__1H0D__0__42	5000	5000	0.8816	0.892	0.8738244514106583	0.882818685669042
ONE_VS_ONE__2YPV__1H0D__1__42	5000	5000	0.8817	0.8906	0.875024562782472	0.8827435821191395
ONE_VS_ONE__2YPV__1H0D__2__42	5000	5000	0.882	0.8942	0.8729012104646623	0.8834222485674766
ONE_VS_ONE__2YPV__1WEJ__0__42	5000	5000	0.9687	0.9706	0.966925682406854	0.9687593572212795
ONE_VS_ONE__2YPV__1WEJ__1__42	5000	5000	0.9687	0.9702	0.9672981056829512	0.9687468796804793
ONE_VS_ONE__2YPV__1WEJ__2__42	5000	5000	0.9692	0.972	0.9665871121718377	0.9692859992022337
ONE_VS_ONE__2YPV__1ADQ__0__42	5000	5000	0.8936	0.8918	0.8950220794861501	0.8934081346423562
ONE_VS_ONE__2YPV__1ADQ__1__42	5000	5000	0.8939	0.8922	0.8952438290186635	0.893719322848843
ONE_VS_ONE__2YPV__1ADQ__2__42	5000	5000	0.8939	0.893	0.8946102985373673	0.8938044239815834
ONE_VS_ONE__2YPV__1FBI__0__42	5000	5000	0.9587	0.9512	0.9656852791878172	0.9583879093198993
ONE_VS_ONE__2YPV__1FBI__1__42	5000	5000	0.9588	0.952	0.9651257096512571	0.9585179218687072
ONE_VS_ONE__2YPV__1FBI__2__42	5000	5000	0.9589	0.9518	0.9655102454858998	0.9586061033336691
HIGH_VS_95LOW__2YPV__auto__0__42	5000	5000	0.9746	0.9874	0.9627535101404057	0.9749210110584519
HIGH_VS_LOOSER__2YPV__auto__0__42	5000	5000	0.8543	0.8744	0.8406075754662565	0.8571708656014118
ONE_VS_NINE__2YPV__auto__0__42	5000	4995	0.8766383191595798	0.8892	0.8675121951219512	0.8782222222222221
HIGH_VS_95LOW__2YPV__auto__1__42	5000	5000	0.9747	0.988	0.9624001558542763	0.9750320734234679
HIGH_VS_LOOSER__2YPV__auto__1__42	5000	5000	0.8548	0.8758	0.8404990403071018	0.8577864838393732
ONE_VS_NINE__2YPV__auto__1__42	5000	4995	0.8765382691345673	0.8898	0.8669134840218239	0.8782076589024872
HIGH_VS_95LOW__2YPV__auto__2__42	5000	5000	0.9744	0.9876	0.9621979734996103	0.9747335175681011
HIGH_VS_LOOSER__2YPV__auto__2__42	5000	5000	0.8545	0.8752	0.8404071442289226	0.8574507690800431
ONE_VS_NINE__2YPV__auto__2__42	5000	4995	0.8758379189594797	0.8892	0.8661601402688486	0.877528866081121
HIGH_VS_95LOW__2YPV__auto__3__42	5000	5000	0.9745	0.9876	0.9623854999025531	0.9748297305300563
HIGH_VS_LOOSER__2YPV__auto__3__42	5000	5000	0.8537	0.876	0.8385985066053991	0.8568913234862565
ONE_VS_NINE__2YPV__auto__3__42	5000	4995	0.8766383191595798	0.8894	0.8673688316754438	0.878246272341266
HIGH_VS_95LOW__2YPV__auto__0__0	5000	5000	0.9712	0.9822	0.9610567514677104	0.9715133531157271
HIGH_VS_LOOSER__2YPV__auto__0__0	5000	5000	0.8577	0.8732	0.8469447138700291	0.8598719842442146
ONE_VS_NINE__2YPV__auto__0__0	5000	4995	0.871935967983992	0.8868	0.8613053613053613	0.8738667717776901
HIGH_VS_95LOW__2YPV__auto__0__1	5000	5000	0.9717	0.9832	0.9610948191593353	0.9720217498764211
HIGH_VS_LOOSER__2YPV__auto__0__1	5000	5000	0.8518	0.8698	0.8395752895752896	0.8544204322200394
ONE_VS_NINE__2YPV__auto__0__1	5000	4995	0.870735367683842	0.883	0.8619679812573213	0.8723572416518475
HIGH_VS_95LOW__2YPV__auto__0__2	5000	5000	0.9713	0.9816	0.9617871840094062	0.971592596258537
HIGH_VS_LOOSER__2YPV__auto__0__2	5000	5000	0.8533	0.8704	0.8416167085670083	0.8557663946514599
ONE_VS_NINE__2YPV__auto__0__2	5000	4995	0.8677338669334668	0.8804	0.8587592664845883	0.8694449930871024
HIGH_VS_95LOW__2YPV__auto__0__3	5000	5000	0.9702	0.9818	0.9595387021110242	0.9705417160933175
HIGH_VS_LOOSER__2YPV__auto__0__3	5000	5000	0.8541	0.8712	0.8423902533359118	0.8565529446465441
ONE_VS_NINE__2YPV__auto__0__3	5000	4995	0.8751375687843922	0.8866	0.8668361360969886	0.8766066838046274
HIGH_VS_95LOW__2YPV__auto__0__4	5000	5000	0.9723	0.987	0.9588109578395182	0.972701291021977
HIGH_VS_LOOSER__2YPV__auto__0__4	5000	5000	0.8575	0.8758	0.8448774840825777	0.8600608857900421
ONE_VS_NINE__2YPV__auto__0__4	5000	4995	0.8691345672836418	0.8828	0.8594236760124611	0.8709550118389897
ONE_VS_ONE__2YPV__1OB1__0__42	5000	5000	0.975	0.9762	0.9738627294493216	0.9750299640431482
ONE_VS_ONE__2YPV__1OB1__1__42	5000	5000	0.9749	0.9762	0.9736684619988031	0.9749325876360729
ONE_VS_ONE__2YPV__1OB1__2__42	5000	5000	0.9747	0.976	0.9734689806503092	0.9747328472985118
ONE_VS_ONE__1OB1__3VRL__0__42	5000	5000	0.9654	0.9602	0.9702910266774454	0.9652191395255326
ONE_VS_ONE__1OB1__3VRL__1__42	5000	5000	0.9654	0.9606	0.9699111470113085	0.9652331189710611
ONE_VS_ONE__1OB1__3VRL__2__42	5000	5000	0.9656	0.9608	0.970113085621971	0.9654340836012862
ONE_VS_ONE__1OB1__1NSN__0__42	5000	5000	0.9191	0.9136	0.9237613751263903	0.9186525892408245
ONE_VS_ONE__1OB1__1NSN__1__42	5000	5000	0.9194	0.915	0.9231234866828087	0.9190437926878265
ONE_VS_ONE__1OB1__1NSN__2__42	5000	5000	0.9195	0.9162	0.9222870948258506	0.9192334704524933
ONE_VS_ONE__1OB1__3RAJ__0__42	5000	5000	0.8375	0.833	0.8405650857719476	0.8367654445002511
ONE_VS_ONE__1OB1__3RAJ__1__42	5000	5000	0.8376	0.8344	0.8397745571658615	0.8370786516853932
ONE_VS_ONE__1OB1__3RAJ__2__42	5000	5000	0.8376	0.8342	0.8399113975030206	0.8370459562512542
ONE_VS_ONE__1OB1__5E94__0__42	5000	5000	0.9308	0.9242	0.9365626266720714	0.9303402456210993
ONE_VS_ONE__1OB1__5E94__1__42	5000	5000	0.9303	0.9226	0.9370302660979077	0.9297591454197318
ONE_VS_ONE__1OB1__5E94__2__42	5000	5000	0.9309	0.9252	0.9358689055229618	0.9305038720708035
ONE_VS_ONE__1OB1__1H0D__0__42	5000	5000	0.9869	0.9864	0.9873873873873874	0.9868934467233617
ONE_VS_ONE__1OB1__1H0D__1__42	5000	5000	0.9868	0.986	0.9875801282051282	0.9867894315452361
ONE_VS_ONE__1OB1__1H0D__2__42	5000	5000	0.9867	0.986	0.9873823352693771	0.9866906834784349
ONE_VS_ONE__1OB1__1WEJ__0__42	5000	5000	0.89	0.8968	0.8847671665351223	0.8907429479539134
ONE_VS_ONE__1OB1__1WEJ__1__42	5000	5000	0.89	0.8956	0.8856803797468354	0.890612569610183
ONE_VS_ONE__1OB1__1WEJ__2__42	5000	5000	0.8897	0.897	0.8840922531046718	0.8904993547106126
ONE_VS_ONE__1OB1__1ADQ__0__42	5000	5000	0.9187	0.92	0.9176142030720128	0.9188055527813843
ONE_VS_ONE__1OB1__1ADQ__1__42	5000	5000	0.919	0.9204	0.9178300757877942	0.9191132414619534
ONE_VS_ONE__1OB1__1ADQ__2__42	5000	5000	0.9191	0.9202	0.9181800039912194	0.9191888922185596
ONE_VS_ONE__1OB1__1FBI__0__42	5000	5000	0.9845	0.982	0.9869346733668342	0.9844611528822055
ONE_VS_ONE__1OB1__1FBI__1__42	5000	5000	0.9846	0.9818	0.9873290426387772	0.9845567589249901
ONE_VS_ONE__1OB1__1FBI__2__42	5000	5000	0.9843	0.9814	0.9871253268959967	0.9842543375789791
ONE_VS_ONE__1OB1__2YPV__0__42	5000	5000	0.9751	0.9744	0.9757660725015022	0.9750825577904534
ONE_VS_ONE__1OB1__2YPV__1__42	5000	5000	0.9748	0.974	0.9755608974358975	0.9747798238590872
ONE_VS_ONE__1OB1__2YPV__2__42	5000	5000	0.9751	0.9744	0.9757660725015022	0.9750825577904534
HIGH_VS_95LOW__1OB1__auto__0__42	5000	5000	0.9693	0.985	0.9550126042272639	0.9697745397262971
HIGH_VS_LOOSER__1OB1__auto__0__42	5000	5000	0.7667	0.7702	0.7648460774577954	0.7675137020428501
ONE_VS_NINE__1OB1__auto__0__42	5000	4995	0.8537268634317159	0.8706	0.8422987616099071	0.8562155782848151
HIGH_VS_95LOW__1OB1__auto__1__42	5000	5000	0.9691	0.984	0.9555253447271315	0.969553650605971
HIGH_VS_LOOSER__1OB1__auto__1__42	5000	5000	0.7655	0.7662	0.7651288196524865	0.7656640351753772
ONE_VS_NINE__1OB1__auto__1__42	5000	4995	0.8537268634317159	0.8702	0.842563903950426	0.856158992522629
HIGH_VS_95LOW__1OB1__auto__2__42	5000	5000	0.9691	0.9846	0.9549951503394762	0.9695716395864107
HIGH_VS_LOOSER__1OB1__auto__2__42	5000	5000	0.7671	0.7704	0.7653486985893105	0.767866042061198
ONE_VS_NINE__1OB1__auto__2__42	5000	4995	0.8536268134067033	0.8704	0.8422682407586607	0.8561030785875873
HIGH_VS_95LOW__1OB1__auto__3__42	5000	5000	0.9691	0.9844	0.9551717446147875	0.9695656456219837
HIGH_VS_LOOSER__1OB1__auto__3__42	5000	5000	0.7665	0.7712	0.7640182286506836	0.7675923161142629
ONE_VS_NINE__1OB1__auto__3__42	5000	4995	0.8534267133566783	0.8686	0.8431372549019608	0.8556792434242932
HIGH_VS_95LOW__1OB1__auto__0__0	5000	5000	0.971	0.9858	0.9574592074592074	0.971422940480883
HIGH_VS_LOOSER__1OB1__auto__0__0	5000	5000	0.7704	0.7736	0.7686804451510334	0.7711323763955344
ONE_VS_NINE__1OB1__auto__0__0	5000	4995	0.8587293646823412	0.8788	0.845	0.8615686274509804
HIGH_VS_95LOW__1OB1__auto__0__1	5000	5000	0.9716	0.986	0.9583981337480559	0.9720031545741326
HIGH_VS_LOOSER__1OB1__auto__0__1	5000	5000	0.7801	0.786	0.7768333662779205	0.7813898001789442
ONE_VS_NINE__1OB1__auto__0__1	5000	4995	0.8567283641820911	0.8798	0.8411089866156788	0.8600195503421311
HIGH_VS_95LOW__1OB1__auto__0__2	5000	5000	0.9697	0.9834	0.9571734475374732	0.9701094998520272
HIGH_VS_LOOSER__1OB1__auto__0__2	5000	5000	0.7649	0.7718	0.7612941408561846	0.7665110735922137
ONE_VS_NINE__1OB1__auto__0__2	5000	4995	0.8516258129064532	0.868	0.8405965523920201	0.8540785201220112
HIGH_VS_95LOW__1OB1__auto__0__3	5000	5000	0.9739	0.9868	0.961980892961591	0.9742324020140191
HIGH_VS_LOOSER__1OB1__auto__0__3	5000	5000	0.7734	0.7856	0.7668879344006247	0.7761311993677139
ONE_VS_NINE__1OB1__auto__0__3	5000	4995	0.8579289644822411	0.8794	0.8433064825469889	0.8609751321715293
HIGH_VS_95LOW__1OB1__auto__0__4	5000	5000	0.9694	0.984	0.9560823940924991	0.9698403311649912
HIGH_VS_LOOSER__1OB1__auto__0__4	5000	5000	0.7706	0.7772	0.7670746150809317	0.7721041128551559
ONE_VS_NINE__1OB1__auto__0__4	5000	4995	0.8568284142071035	0.8756	0.8440331598226335	0.8595268479434574
