task_1	task_2	task_2_N_test_pos	task_2_N_test_neg	acc	recall	precision	f1
ONE_VS_ONE__1H0DE1__3VRL__0__42	ONE_VS_ONE__1H0DE1__3VRL__0__42	3000	3000	0.9931666666666666	0.992	0.9943200801871033	0.9931586851326548
ONE_VS_ONE__1H0DE1__3VRL__0__42	ONE_VS_ONE__1H0DE1__1NSN__0__42	3000	3000	0.7263333333333334	0.992	0.6478014801915541	0.7837766657887806
ONE_VS_ONE__1H0DE1__3VRL__0__42	ONE_VS_ONE__1H0DE1__3RAJ__0__42	3000	3000	0.8716666666666667	0.992	0.799570123589468	0.8854507587027669
ONE_VS_ONE__1H0DE1__3VRL__0__42	ONE_VS_ONE__1H0DE1__5E94__0__42	3000	3000	0.6976666666666667	0.992	0.624422996223248	0.7664177182590781
ONE_VS_ONE__1H0DE1__3VRL__0__42	ONE_VS_ONE__1H0DE1__1WEJ__0__42	3000	3000	0.9321666666666667	0.992	0.8859779696338196	0.9359962258216702
ONE_VS_ONE__1H0DE1__3VRL__0__42	ONE_VS_ONE__1H0DE1__1ADQ__0__42	3000	3000	0.7541666666666667	0.992	0.6722385362548001	0.8014002962165073
ONE_VS_ONE__1H0DE1__3VRL__0__42	ONE_VS_ONE__1H0DE1__1FBI__0__42	3000	3000	0.8583333333333333	0.992	0.7827459231983167	0.8750367538959131
ONE_VS_ONE__1H0DE1__3VRL__0__42	ONE_VS_ONE__1H0DE1__2YPV__0__42	3000	3000	0.6345	0.992	0.5784256559766764	0.7307550644567219
ONE_VS_ONE__1H0DE1__3VRL__0__42	ONE_VS_ONE__1H0DE1__1OB1__0__42	3000	3000	0.9415	0.992	0.9009990917347865	0.9443122322703474
ONE_VS_ONE__1H0DE1__3VRL__0__42	ONE_VS_ONE__1H0DE1__1OB1E1__0__42	3000	3000	0.9415	0.992	0.9009990917347865	0.9443122322703474
ONE_VS_ONE__1H0DE1__3VRL__0__42	ONE_VS_ONE__1H0DE1__1WEJE1__0__42	3000	3000	0.9321666666666667	0.992	0.8859779696338196	0.9359962258216702
ONE_VS_ONE__1H0DE1__3VRL__0__42	ONE_VS_NINE__1H0DE1__auto__0__42	3000	3000	0.8193333333333334	0.992	0.7373637264618434	0.8459351904491189
ONE_VS_ONE__1H0DE1__3VRL__0__42	HIGH_VS_95LOW__1H0DE1__auto__0__42	3000	3000	0.5728333333333333	0.992	0.5396192203082503	0.6990017615971814
ONE_VS_ONE__1H0DE1__3VRL__0__42	HIGH_VS_LOOSER__1H0DE1__auto__0__42	3000	3000	0.5535	0.992	0.5285029302077784	0.6896072297532152
ONE_VS_ONE__1H0DE1__1NSN__0__42	ONE_VS_ONE__1H0DE1__3VRL__0__42	3000	3000	0.735	0.9946666666666667	0.6546731022378236	0.7896268854194233
ONE_VS_ONE__1H0DE1__1NSN__0__42	ONE_VS_ONE__1H0DE1__1NSN__0__42	3000	3000	0.9941666666666666	0.9946666666666667	0.9936729936729937	0.9941695818757288
ONE_VS_ONE__1H0DE1__1NSN__0__42	ONE_VS_ONE__1H0DE1__3RAJ__0__42	3000	3000	0.817	0.9946666666666667	0.7338908017707821	0.8446079818850836
ONE_VS_ONE__1H0DE1__1NSN__0__42	ONE_VS_ONE__1H0DE1__5E94__0__42	3000	3000	0.7046666666666667	0.9946666666666667	0.6295358649789029	0.7710594315245477
ONE_VS_ONE__1H0DE1__1NSN__0__42	ONE_VS_ONE__1H0DE1__1WEJ__0__42	3000	3000	0.8471666666666666	0.9946666666666667	0.7680823680823681	0.8668119099491649
ONE_VS_ONE__1H0DE1__1NSN__0__42	ONE_VS_ONE__1H0DE1__1ADQ__0__42	3000	3000	0.8793333333333333	0.9946666666666667	0.8082340195016251	0.8918111177525404
ONE_VS_ONE__1H0DE1__1NSN__0__42	ONE_VS_ONE__1H0DE1__1FBI__0__42	3000	3000	0.8215	0.9946666666666667	0.7387967318643228	0.8478477056400057
ONE_VS_ONE__1H0DE1__1NSN__0__42	ONE_VS_ONE__1H0DE1__2YPV__0__42	3000	3000	0.63	0.9946666666666667	0.5751734772552043	0.7288715192965315
ONE_VS_ONE__1H0DE1__1NSN__0__42	ONE_VS_ONE__1H0DE1__1OB1__0__42	3000	3000	0.968	0.9946666666666667	0.9443037974683545	0.9688311688311689
ONE_VS_ONE__1H0DE1__1NSN__0__42	ONE_VS_ONE__1H0DE1__1OB1E1__0__42	3000	3000	0.968	0.9946666666666667	0.9443037974683545	0.9688311688311689
ONE_VS_ONE__1H0DE1__1NSN__0__42	ONE_VS_ONE__1H0DE1__1WEJE1__0__42	3000	3000	0.8471666666666666	0.9946666666666667	0.7680823680823681	0.8668119099491649
ONE_VS_ONE__1H0DE1__1NSN__0__42	ONE_VS_NINE__1H0DE1__auto__0__42	3000	3000	0.8203333333333334	0.9946666666666667	0.7375185368264953	0.8470053931308543
ONE_VS_ONE__1H0DE1__1NSN__0__42	HIGH_VS_95LOW__1H0DE1__auto__0__42	3000	3000	0.9176666666666666	0.9946666666666667	0.8619295205083767	0.9235530795419375
ONE_VS_ONE__1H0DE1__1NSN__0__42	HIGH_VS_LOOSER__1H0DE1__auto__0__42	3000	3000	0.6658333333333334	0.9946666666666667	0.6000402171727327	0.7485262761821145
ONE_VS_ONE__1H0DE1__3RAJ__0__42	ONE_VS_ONE__1H0DE1__3VRL__0__42	3000	3000	0.9238333333333333	0.9683333333333334	0.889194980104071	0.9270783468964418
ONE_VS_ONE__1H0DE1__3RAJ__0__42	ONE_VS_ONE__1H0DE1__1NSN__0__42	3000	3000	0.6926666666666667	0.9683333333333334	0.6241942415126772	0.7590802194930755
ONE_VS_ONE__1H0DE1__3RAJ__0__42	ONE_VS_ONE__1H0DE1__3RAJ__0__42	3000	3000	0.9783333333333334	0.9683333333333334	0.9880952380952381	0.9781144781144783
ONE_VS_ONE__1H0DE1__3RAJ__0__42	ONE_VS_ONE__1H0DE1__5E94__0__42	3000	3000	0.9105	0.9683333333333334	0.867941440095608	0.915393099101938
ONE_VS_ONE__1H0DE1__3RAJ__0__42	ONE_VS_ONE__1H0DE1__1WEJ__0__42	3000	3000	0.9566666666666667	0.9683333333333334	0.9462540716612378	0.957166392092257
ONE_VS_ONE__1H0DE1__3RAJ__0__42	ONE_VS_ONE__1H0DE1__1ADQ__0__42	3000	3000	0.8451666666666666	0.9683333333333334	0.776945707408398	0.862145718949399
ONE_VS_ONE__1H0DE1__3RAJ__0__42	ONE_VS_ONE__1H0DE1__1FBI__0__42	3000	3000	0.9681666666666666	0.9683333333333334	0.9680106631122959	0.9681719713381104
ONE_VS_ONE__1H0DE1__3RAJ__0__42	ONE_VS_ONE__1H0DE1__2YPV__0__42	3000	3000	0.7145	0.9683333333333334	0.6422728277691797	0.7722982852585405
ONE_VS_ONE__1H0DE1__3RAJ__0__42	ONE_VS_ONE__1H0DE1__1OB1__0__42	3000	3000	0.9335	0.9683333333333334	0.9052664381427236	0.9357384441939122
ONE_VS_ONE__1H0DE1__3RAJ__0__42	ONE_VS_ONE__1H0DE1__1OB1E1__0__42	3000	3000	0.9335	0.9683333333333334	0.9052664381427236	0.9357384441939122
ONE_VS_ONE__1H0DE1__3RAJ__0__42	ONE_VS_ONE__1H0DE1__1WEJE1__0__42	3000	3000	0.9566666666666667	0.9683333333333334	0.9462540716612378	0.957166392092257
ONE_VS_ONE__1H0DE1__3RAJ__0__42	ONE_VS_NINE__1H0DE1__auto__0__42	3000	3000	0.8843333333333333	0.9683333333333334	0.8290525114155252	0.8932964329643296
ONE_VS_ONE__1H0DE1__3RAJ__0__42	HIGH_VS_95LOW__1H0DE1__auto__0__42	3000	3000	0.5658333333333333	0.9683333333333334	0.5364727608494921	0.6904337492572787
ONE_VS_ONE__1H0DE1__3RAJ__0__42	HIGH_VS_LOOSER__1H0DE1__auto__0__42	3000	3000	0.5683333333333334	0.9683333333333334	0.537962962962963	0.6916666666666667
ONE_VS_ONE__1H0DE1__5E94__0__42	ONE_VS_ONE__1H0DE1__3VRL__0__42	3000	3000	0.7916666666666666	0.9666666666666667	0.7160493827160493	0.8226950354609929
ONE_VS_ONE__1H0DE1__5E94__0__42	ONE_VS_ONE__1H0DE1__1NSN__0__42	3000	3000	0.6116666666666667	0.9666666666666667	0.5653021442495126	0.7134071340713407
ONE_VS_ONE__1H0DE1__5E94__0__42	ONE_VS_ONE__1H0DE1__3RAJ__0__42	3000	3000	0.9308333333333333	0.9666666666666667	0.9020217729393468	0.9332260659694288
ONE_VS_ONE__1H0DE1__5E94__0__42	ONE_VS_ONE__1H0DE1__5E94__0__42	3000	3000	0.9766666666666667	0.9666666666666667	0.9863945578231292	0.9764309764309764
ONE_VS_ONE__1H0DE1__5E94__0__42	ONE_VS_ONE__1H0DE1__1WEJ__0__42	3000	3000	0.8653333333333333	0.9666666666666667	0.8037694013303769	0.8777239709443099
ONE_VS_ONE__1H0DE1__5E94__0__42	ONE_VS_ONE__1H0DE1__1ADQ__0__42	3000	3000	0.7606666666666667	0.9666666666666667	0.6846081208687441	0.8015478164731896
ONE_VS_ONE__1H0DE1__5E94__0__42	ONE_VS_ONE__1H0DE1__1FBI__0__42	3000	3000	0.9156666666666666	0.9666666666666667	0.8771929824561403	0.9197589597209007
ONE_VS_ONE__1H0DE1__5E94__0__42	ONE_VS_ONE__1H0DE1__2YPV__0__42	3000	3000	0.661	0.9666666666666667	0.5999172527927182	0.7403625223385244
ONE_VS_ONE__1H0DE1__5E94__0__42	ONE_VS_ONE__1H0DE1__1OB1__0__42	3000	3000	0.8768333333333334	0.9666666666666667	0.8194405199208816	0.8869857776418413
ONE_VS_ONE__1H0DE1__5E94__0__42	ONE_VS_ONE__1H0DE1__1OB1E1__0__42	3000	3000	0.8768333333333334	0.9666666666666667	0.8194405199208816	0.8869857776418413
ONE_VS_ONE__1H0DE1__5E94__0__42	ONE_VS_ONE__1H0DE1__1WEJE1__0__42	3000	3000	0.8653333333333333	0.9666666666666667	0.8037694013303769	0.8777239709443099
ONE_VS_ONE__1H0DE1__5E94__0__42	ONE_VS_NINE__1H0DE1__auto__0__42	3000	3000	0.8265	0.9666666666666667	0.7550117156990367	0.847829264727379
ONE_VS_ONE__1H0DE1__5E94__0__42	HIGH_VS_95LOW__1H0DE1__auto__0__42	3000	3000	0.5201666666666667	0.9666666666666667	0.5106532840288783	0.6682797557322272
ONE_VS_ONE__1H0DE1__5E94__0__42	HIGH_VS_LOOSER__1H0DE1__auto__0__42	3000	3000	0.5338333333333334	0.9666666666666667	0.5181347150259067	0.6746539490519948
ONE_VS_ONE__1H0DE1__1WEJ__0__42	ONE_VS_ONE__1H0DE1__3VRL__0__42	3000	3000	0.8818333333333334	0.988	0.8149573824580698	0.893174627090553
ONE_VS_ONE__1H0DE1__1WEJ__0__42	ONE_VS_ONE__1H0DE1__1NSN__0__42	3000	3000	0.6781666666666667	0.988	0.6100020580366331	0.7542944394961193
ONE_VS_ONE__1H0DE1__1WEJ__0__42	ONE_VS_ONE__1H0DE1__3RAJ__0__42	3000	3000	0.8981666666666667	0.988	0.8375247244984458	0.9065606361829025
ONE_VS_ONE__1H0DE1__1WEJ__0__42	ONE_VS_ONE__1H0DE1__5E94__0__42	3000	3000	0.749	0.988	0.6684709066305818	0.7974172719935432
ONE_VS_ONE__1H0DE1__1WEJ__0__42	ONE_VS_ONE__1H0DE1__1WEJ__0__42	3000	3000	0.9878333333333333	0.988	0.987670776407864	0.9878353607732044
ONE_VS_ONE__1H0DE1__1WEJ__0__42	ONE_VS_ONE__1H0DE1__1ADQ__0__42	3000	3000	0.794	0.988	0.7118155619596542	0.8274706867671692
ONE_VS_ONE__1H0DE1__1WEJ__0__42	ONE_VS_ONE__1H0DE1__1FBI__0__42	3000	3000	0.9181666666666667	0.988	0.8669201520912547	0.9235083346315626
ONE_VS_ONE__1H0DE1__1WEJ__0__42	ONE_VS_ONE__1H0DE1__2YPV__0__42	3000	3000	0.66	0.988	0.5966183574879227	0.7439759036144579
ONE_VS_ONE__1H0DE1__1WEJ__0__42	ONE_VS_ONE__1H0DE1__1OB1__0__42	3000	3000	0.9246666666666666	0.988	0.8769230769230769	0.9291536050156739
ONE_VS_ONE__1H0DE1__1WEJ__0__42	ONE_VS_ONE__1H0DE1__1OB1E1__0__42	3000	3000	0.9246666666666666	0.988	0.8769230769230769	0.9291536050156739
ONE_VS_ONE__1H0DE1__1WEJ__0__42	ONE_VS_ONE__1H0DE1__1WEJE1__0__42	3000	3000	0.9878333333333333	0.988	0.987670776407864	0.9878353607732044
ONE_VS_ONE__1H0DE1__1WEJ__0__42	ONE_VS_NINE__1H0DE1__auto__0__42	3000	3000	0.8326666666666667	0.988	0.7538148524923703	0.8551644547028275
ONE_VS_ONE__1H0DE1__1WEJ__0__42	HIGH_VS_95LOW__1H0DE1__auto__0__42	3000	3000	0.6421666666666667	0.988	0.5840394088669951	0.7341176470588235
ONE_VS_ONE__1H0DE1__1WEJ__0__42	HIGH_VS_LOOSER__1H0DE1__auto__0__42	3000	3000	0.5763333333333334	0.988	0.5418647166361974	0.6998819362455726
ONE_VS_ONE__1H0DE1__1ADQ__0__42	ONE_VS_ONE__1H0DE1__3VRL__0__42	3000	3000	0.9263333333333333	0.9886666666666667	0.8790752815649081	0.9306557891433951
ONE_VS_ONE__1H0DE1__1ADQ__0__42	ONE_VS_ONE__1H0DE1__1NSN__0__42	3000	3000	0.8916666666666667	0.9886666666666667	0.8280290340591848	0.9012458219386205
ONE_VS_ONE__1H0DE1__1ADQ__0__42	ONE_VS_ONE__1H0DE1__3RAJ__0__42	3000	3000	0.9385	0.9886666666666667	0.8985156013329294	0.9414378670052373
ONE_VS_ONE__1H0DE1__1ADQ__0__42	ONE_VS_ONE__1H0DE1__5E94__0__42	3000	3000	0.8491666666666666	0.9886666666666667	0.7729997393797238	0.8676320023402078
ONE_VS_ONE__1H0DE1__1ADQ__0__42	ONE_VS_ONE__1H0DE1__1WEJ__0__42	3000	3000	0.9685	0.9886666666666667	0.950336430631208	0.9691226923705277
ONE_VS_ONE__1H0DE1__1ADQ__0__42	ONE_VS_ONE__1H0DE1__1ADQ__0__42	3000	3000	0.9886666666666667	0.9886666666666667	0.9886666666666667	0.9886666666666667
ONE_VS_ONE__1H0DE1__1ADQ__0__42	ONE_VS_ONE__1H0DE1__1FBI__0__42	3000	3000	0.9723333333333334	0.9886666666666667	0.9573918657198193	0.972777959986881
ONE_VS_ONE__1H0DE1__1ADQ__0__42	ONE_VS_ONE__1H0DE1__2YPV__0__42	3000	3000	0.7581666666666667	0.9886666666666667	0.676705452886151	0.8034674251659216
ONE_VS_ONE__1H0DE1__1ADQ__0__42	ONE_VS_ONE__1H0DE1__1OB1__0__42	3000	3000	0.9856666666666667	0.9886666666666667	0.9827700463883366	0.9857095380525093
ONE_VS_ONE__1H0DE1__1ADQ__0__42	ONE_VS_ONE__1H0DE1__1OB1E1__0__42	3000	3000	0.9856666666666667	0.9886666666666667	0.9827700463883366	0.9857095380525093
ONE_VS_ONE__1H0DE1__1ADQ__0__42	ONE_VS_ONE__1H0DE1__1WEJE1__0__42	3000	3000	0.9685	0.9886666666666667	0.950336430631208	0.9691226923705277
ONE_VS_ONE__1H0DE1__1ADQ__0__42	ONE_VS_NINE__1H0DE1__auto__0__42	3000	3000	0.9181666666666667	0.9886666666666667	0.8664913818288051	0.9235559707301884
ONE_VS_ONE__1H0DE1__1ADQ__0__42	HIGH_VS_95LOW__1H0DE1__auto__0__42	3000	3000	0.8846666666666667	0.9886666666666667	0.8184326710816777	0.8955314009661836
ONE_VS_ONE__1H0DE1__1ADQ__0__42	HIGH_VS_LOOSER__1H0DE1__auto__0__42	3000	3000	0.674	0.9886666666666667	0.6067921440261865	0.7520283975659229
ONE_VS_ONE__1H0DE1__1FBI__0__42	ONE_VS_ONE__1H0DE1__3VRL__0__42	3000	3000	0.7053333333333334	0.9923333333333333	0.6304531977975434	0.771043771043771
ONE_VS_ONE__1H0DE1__1FBI__0__42	ONE_VS_ONE__1H0DE1__1NSN__0__42	3000	3000	0.6013333333333334	0.9923333333333333	0.5568649457538346	0.7133956386292835
ONE_VS_ONE__1H0DE1__1FBI__0__42	ONE_VS_ONE__1H0DE1__3RAJ__0__42	3000	3000	0.832	0.9923333333333333	0.7513881877839474	0.855214018960069
ONE_VS_ONE__1H0DE1__1FBI__0__42	ONE_VS_ONE__1H0DE1__5E94__0__42	3000	3000	0.6738333333333333	0.9923333333333333	0.6061901852983099	0.7526229300973328
ONE_VS_ONE__1H0DE1__1FBI__0__42	ONE_VS_ONE__1H0DE1__1WEJ__0__42	3000	3000	0.8691666666666666	0.9923333333333333	0.7962021930997593	0.8835138744620863
ONE_VS_ONE__1H0DE1__1FBI__0__42	ONE_VS_ONE__1H0DE1__1ADQ__0__42	3000	3000	0.746	0.9923333333333333	0.664805716837874	0.7962021930997593
ONE_VS_ONE__1H0DE1__1FBI__0__42	ONE_VS_ONE__1H0DE1__1FBI__0__42	3000	3000	0.9938333333333333	0.9923333333333333	0.9953192912069542	0.9938240694374896
ONE_VS_ONE__1H0DE1__1FBI__0__42	ONE_VS_ONE__1H0DE1__2YPV__0__42	3000	3000	0.6541666666666667	0.9923333333333333	0.591966593756214	0.7415618383360318
ONE_VS_ONE__1H0DE1__1FBI__0__42	ONE_VS_ONE__1H0DE1__1OB1__0__42	3000	3000	0.8346666666666667	0.9923333333333333	0.7544348707551951	0.8571839907860639
ONE_VS_ONE__1H0DE1__1FBI__0__42	ONE_VS_ONE__1H0DE1__1OB1E1__0__42	3000	3000	0.8346666666666667	0.9923333333333333	0.7544348707551951	0.8571839907860639
ONE_VS_ONE__1H0DE1__1FBI__0__42	ONE_VS_ONE__1H0DE1__1WEJE1__0__42	3000	3000	0.8691666666666666	0.9923333333333333	0.7962021930997593	0.8835138744620863
ONE_VS_ONE__1H0DE1__1FBI__0__42	ONE_VS_NINE__1H0DE1__auto__0__42	3000	3000	0.7643333333333333	0.9923333333333333	0.6815476190476191	0.8080890336590663
ONE_VS_ONE__1H0DE1__1FBI__0__42	HIGH_VS_95LOW__1H0DE1__auto__0__42	3000	3000	0.6235	0.9923333333333333	0.571072319201995	0.7249482527699987
ONE_VS_ONE__1H0DE1__1FBI__0__42	HIGH_VS_LOOSER__1H0DE1__auto__0__42	3000	3000	0.5893333333333334	0.9923333333333333	0.5494647471391657	0.7072938940365883
ONE_VS_ONE__1H0DE1__2YPV__0__42	ONE_VS_ONE__1H0DE1__3VRL__0__42	3000	3000	0.8233333333333334	0.9786666666666667	0.7466937945066124	0.8470859780727064
ONE_VS_ONE__1H0DE1__2YPV__0__42	ONE_VS_ONE__1H0DE1__1NSN__0__42	3000	3000	0.8146666666666667	0.9786666666666667	0.7369477911646586	0.8407789232531501
ONE_VS_ONE__1H0DE1__2YPV__0__42	ONE_VS_ONE__1H0DE1__3RAJ__0__42	3000	3000	0.8643333333333333	0.9786666666666667	0.7965274009766685	0.8782530661082859
ONE_VS_ONE__1H0DE1__2YPV__0__42	ONE_VS_ONE__1H0DE1__5E94__0__42	3000	3000	0.7371666666666666	0.9786666666666667	0.6599235783322095	0.7882937307021077
ONE_VS_ONE__1H0DE1__2YPV__0__42	ONE_VS_ONE__1H0DE1__1WEJ__0__42	3000	3000	0.9468333333333333	0.9786666666666667	0.9200877467878408	0.9484735906961719
ONE_VS_ONE__1H0DE1__2YPV__0__42	ONE_VS_ONE__1H0DE1__1ADQ__0__42	3000	3000	0.8781666666666667	0.9786666666666667	0.8148764918123785	0.8892927457216416
ONE_VS_ONE__1H0DE1__2YPV__0__42	ONE_VS_ONE__1H0DE1__1FBI__0__42	3000	3000	0.922	0.9786666666666667	0.8790419161676647	0.9261829652996846
ONE_VS_ONE__1H0DE1__2YPV__0__42	ONE_VS_ONE__1H0DE1__2YPV__0__42	3000	3000	0.975	0.9786666666666667	0.971542025148908	0.9750913317834606
ONE_VS_ONE__1H0DE1__2YPV__0__42	ONE_VS_ONE__1H0DE1__1OB1__0__42	3000	3000	0.9328333333333333	0.9786666666666667	0.8964885496183206	0.935776892430279
ONE_VS_ONE__1H0DE1__2YPV__0__42	ONE_VS_ONE__1H0DE1__1OB1E1__0__42	3000	3000	0.9328333333333333	0.9786666666666667	0.8964885496183206	0.935776892430279
ONE_VS_ONE__1H0DE1__2YPV__0__42	ONE_VS_ONE__1H0DE1__1WEJE1__0__42	3000	3000	0.9468333333333333	0.9786666666666667	0.9200877467878408	0.9484735906961719
ONE_VS_ONE__1H0DE1__2YPV__0__42	ONE_VS_NINE__1H0DE1__auto__0__42	3000	3000	0.8805	0.9786666666666667	0.8180551685706325	0.8911822734861133
ONE_VS_ONE__1H0DE1__2YPV__0__42	HIGH_VS_95LOW__1H0DE1__auto__0__42	3000	3000	0.9485	0.9786666666666667	0.9229801949072619	0.9500080893059376
ONE_VS_ONE__1H0DE1__2YPV__0__42	HIGH_VS_LOOSER__1H0DE1__auto__0__42	3000	3000	0.7716666666666666	0.9786666666666667	0.6921263554926921	0.8108257387462027
ONE_VS_ONE__1H0DE1__1OB1__0__42	ONE_VS_ONE__1H0DE1__3VRL__0__42	3000	3000	0.891	0.9983333333333333	0.8218990120746432	0.9015653220951234
ONE_VS_ONE__1H0DE1__1OB1__0__42	ONE_VS_ONE__1H0DE1__1NSN__0__42	3000	3000	0.8696666666666667	0.9983333333333333	0.7940084835630965	0.8845245126993503
ONE_VS_ONE__1H0DE1__1OB1__0__42	ONE_VS_ONE__1H0DE1__3RAJ__0__42	3000	3000	0.849	0.9983333333333333	0.7687371663244353	0.8686194895591647
ONE_VS_ONE__1H0DE1__1OB1__0__42	ONE_VS_ONE__1H0DE1__5E94__0__42	3000	3000	0.784	0.9983333333333333	0.6987867475501633	0.822124622563821
ONE_VS_ONE__1H0DE1__1OB1__0__42	ONE_VS_ONE__1H0DE1__1WEJ__0__42	3000	3000	0.9166666666666666	0.9983333333333333	0.8581661891117478	0.9229583975346687
ONE_VS_ONE__1H0DE1__1OB1__0__42	ONE_VS_ONE__1H0DE1__1ADQ__0__42	3000	3000	0.813	0.9983333333333333	0.7283560311284046	0.842238470191226
ONE_VS_ONE__1H0DE1__1OB1__0__42	ONE_VS_ONE__1H0DE1__1FBI__0__42	3000	3000	0.802	0.9983333333333333	0.7168501675442795	0.8344942881025355
ONE_VS_ONE__1H0DE1__1OB1__0__42	ONE_VS_ONE__1H0DE1__2YPV__0__42	3000	3000	0.6281666666666667	0.9983333333333333	0.5736448956138671	0.728621822162754
ONE_VS_ONE__1H0DE1__1OB1__0__42	ONE_VS_ONE__1H0DE1__1OB1__0__42	3000	3000	0.9961666666666666	0.9983333333333333	0.994025887819449	0.9961749542657575
ONE_VS_ONE__1H0DE1__1OB1__0__42	ONE_VS_ONE__1H0DE1__1OB1E1__0__42	3000	3000	0.9961666666666666	0.9983333333333333	0.994025887819449	0.9961749542657575
ONE_VS_ONE__1H0DE1__1OB1__0__42	ONE_VS_ONE__1H0DE1__1WEJE1__0__42	3000	3000	0.9166666666666666	0.9983333333333333	0.8581661891117478	0.9229583975346687
ONE_VS_ONE__1H0DE1__1OB1__0__42	ONE_VS_NINE__1H0DE1__auto__0__42	3000	3000	0.8341666666666666	0.9983333333333333	0.7515683814303639	0.8575518969219758
ONE_VS_ONE__1H0DE1__1OB1__0__42	HIGH_VS_95LOW__1H0DE1__auto__0__42	3000	3000	0.7505	0.9983333333333333	0.6674838422108312	0.8000534259382929
ONE_VS_ONE__1H0DE1__1OB1__0__42	HIGH_VS_LOOSER__1H0DE1__auto__0__42	3000	3000	0.5855	0.9983333333333333	0.5468322074128172	0.7066179072785184
ONE_VS_ONE__1H0DE1__1OB1E1__0__42	ONE_VS_ONE__1H0DE1__3VRL__0__42	3000	3000	0.6665	0.9976666666666667	0.6001604170844195	0.7494678853136346
ONE_VS_ONE__1H0DE1__1OB1E1__0__42	ONE_VS_ONE__1H0DE1__1NSN__0__42	3000	3000	0.634	0.9976666666666667	0.5775762253956002	0.7316059643119042
ONE_VS_ONE__1H0DE1__1OB1E1__0__42	ONE_VS_ONE__1H0DE1__3RAJ__0__42	3000	3000	0.7698333333333334	0.9976666666666667	0.6853675291962446	0.8125424188950726
ONE_VS_ONE__1H0DE1__1OB1E1__0__42	ONE_VS_ONE__1H0DE1__5E94__0__42	3000	3000	0.752	0.9976666666666667	0.6689763075547608	0.8009098207118008
ONE_VS_ONE__1H0DE1__1OB1E1__0__42	ONE_VS_ONE__1H0DE1__1WEJ__0__42	3000	3000	0.7646666666666667	0.9976666666666667	0.6805366075488859	0.8091376047580429
ONE_VS_ONE__1H0DE1__1OB1E1__0__42	ONE_VS_ONE__1H0DE1__1ADQ__0__42	3000	3000	0.6545	0.9976666666666667	0.5916188970152204	0.742772056086363
ONE_VS_ONE__1H0DE1__1OB1E1__0__42	ONE_VS_ONE__1H0DE1__1FBI__0__42	3000	3000	0.7393333333333333	0.9976666666666667	0.6578021978021978	0.7928476821192054
ONE_VS_ONE__1H0DE1__1OB1E1__0__42	ONE_VS_ONE__1H0DE1__2YPV__0__42	3000	3000	0.5611666666666667	0.9976666666666667	0.5326570564157324	0.6945121243763778
ONE_VS_ONE__1H0DE1__1OB1E1__0__42	ONE_VS_ONE__1H0DE1__1OB1__0__42	3000	3000	0.8983333333333333	0.9976666666666667	0.832313681868743	0.9075197089144936
ONE_VS_ONE__1H0DE1__1OB1E1__0__42	ONE_VS_ONE__1H0DE1__1OB1E1__0__42	3000	3000	0.8983333333333333	0.9976666666666667	0.832313681868743	0.9075197089144936
ONE_VS_ONE__1H0DE1__1OB1E1__0__42	ONE_VS_ONE__1H0DE1__1WEJE1__0__42	3000	3000	0.7646666666666667	0.9976666666666667	0.6805366075488859	0.8091376047580429
ONE_VS_ONE__1H0DE1__1OB1E1__0__42	ONE_VS_NINE__1H0DE1__auto__0__42	3000	3000	0.7138333333333333	0.9976666666666667	0.636402296406549	0.7770998312345839
ONE_VS_ONE__1H0DE1__1OB1E1__0__42	HIGH_VS_95LOW__1H0DE1__auto__0__42	3000	3000	0.5433333333333333	0.9976666666666667	0.5227034579112819	0.6859958743983497
ONE_VS_ONE__1H0DE1__1OB1E1__0__42	HIGH_VS_LOOSER__1H0DE1__auto__0__42	3000	3000	0.5326666666666666	0.9976666666666667	0.5169257340241796	0.6810011376564278
ONE_VS_ONE__1H0DE1__1WEJE1__0__42	ONE_VS_ONE__1H0DE1__3VRL__0__42	3000	3000	0.8193333333333334	0.9973333333333333	0.7354965585054081	0.8466327108092813
ONE_VS_ONE__1H0DE1__1WEJE1__0__42	ONE_VS_ONE__1H0DE1__1NSN__0__42	3000	3000	0.6758333333333333	0.9973333333333333	0.6070196794481639	0.7546979442552654
ONE_VS_ONE__1H0DE1__1WEJE1__0__42	ONE_VS_ONE__1H0DE1__3RAJ__0__42	3000	3000	0.8108333333333333	0.9973333333333333	0.726389900461277	0.8405674954347521
ONE_VS_ONE__1H0DE1__1WEJE1__0__42	ONE_VS_ONE__1H0DE1__5E94__0__42	3000	3000	0.5721666666666667	0.9973333333333333	0.5390019816249324	0.6998011928429423
ONE_VS_ONE__1H0DE1__1WEJE1__0__42	ONE_VS_ONE__1H0DE1__1WEJ__0__42	3000	3000	0.9555	0.9973333333333333	0.9203322054752384	0.957286834106543
ONE_VS_ONE__1H0DE1__1WEJE1__0__42	ONE_VS_ONE__1H0DE1__1ADQ__0__42	3000	3000	0.6836666666666666	0.9973333333333333	0.6128635804997952	0.7591981730525247
ONE_VS_ONE__1H0DE1__1WEJE1__0__42	ONE_VS_ONE__1H0DE1__1FBI__0__42	3000	3000	0.7516666666666667	0.9973333333333333	0.6687527939204292	0.8006422263848006
ONE_VS_ONE__1H0DE1__1WEJE1__0__42	ONE_VS_ONE__1H0DE1__2YPV__0__42	3000	3000	0.5588333333333333	0.9973333333333333	0.531344343811046	0.6933147955045765
ONE_VS_ONE__1H0DE1__1WEJE1__0__42	ONE_VS_ONE__1H0DE1__1OB1__0__42	3000	3000	0.8816666666666667	0.9973333333333333	0.8099621007038441	0.893934867045115
ONE_VS_ONE__1H0DE1__1WEJE1__0__42	ONE_VS_ONE__1H0DE1__1OB1E1__0__42	3000	3000	0.8816666666666667	0.9973333333333333	0.8099621007038441	0.893934867045115
ONE_VS_ONE__1H0DE1__1WEJE1__0__42	ONE_VS_ONE__1H0DE1__1WEJE1__0__42	3000	3000	0.9555	0.9973333333333333	0.9203322054752384	0.957286834106543
ONE_VS_ONE__1H0DE1__1WEJE1__0__42	ONE_VS_NINE__1H0DE1__auto__0__42	3000	3000	0.7473333333333333	0.9973333333333333	0.6648888888888889	0.7978666666666666
ONE_VS_ONE__1H0DE1__1WEJE1__0__42	HIGH_VS_95LOW__1H0DE1__auto__0__42	3000	3000	0.6306666666666667	0.9973333333333333	0.5753846153846154	0.7297560975609756
ONE_VS_ONE__1H0DE1__1WEJE1__0__42	HIGH_VS_LOOSER__1H0DE1__auto__0__42	3000	3000	0.5518333333333333	0.9973333333333333	0.5274105411598802	0.6899573388677506
ONE_VS_ONE__1OB1E1__3VRL__0__42	ONE_VS_ONE__1OB1E1__3VRL__0__42	3000	3000	0.9931666666666666	0.9916666666666667	0.9946506185222334	0.9931564012685695
ONE_VS_ONE__1OB1E1__3VRL__0__42	ONE_VS_ONE__1OB1E1__1NSN__0__42	3000	3000	0.8858333333333334	0.9916666666666667	0.8184319119669876	0.8967596081386586
ONE_VS_ONE__1OB1E1__3VRL__0__42	ONE_VS_ONE__1OB1E1__3RAJ__0__42	3000	3000	0.823	0.9916666666666667	0.7415254237288136	0.8485453508271534
ONE_VS_ONE__1OB1E1__3VRL__0__42	ONE_VS_ONE__1OB1E1__5E94__0__42	3000	3000	0.7433333333333333	0.9916666666666667	0.6625835189309577	0.794392523364486
ONE_VS_ONE__1OB1E1__3VRL__0__42	ONE_VS_ONE__1OB1E1__1H0D__0__42	3000	3000	0.9171666666666667	0.9916666666666667	0.8630693356541921	0.9229098805646038
ONE_VS_ONE__1OB1E1__3VRL__0__42	ONE_VS_ONE__1OB1E1__1WEJ__0__42	3000	3000	0.8501666666666666	0.9916666666666667	0.7729280332553911	0.8687399620382538
ONE_VS_ONE__1OB1E1__3VRL__0__42	ONE_VS_ONE__1OB1E1__1ADQ__0__42	3000	3000	0.8355	0.9916666666666667	0.7556515113030227	0.8577194752774976
ONE_VS_ONE__1OB1E1__3VRL__0__42	ONE_VS_ONE__1OB1E1__1FBI__0__42	3000	3000	0.7915	0.9916666666666667	0.708164722685075	0.8262741285932511
ONE_VS_ONE__1OB1E1__3VRL__0__42	ONE_VS_ONE__1OB1E1__2YPV__0__42	3000	3000	0.8808333333333334	0.9916666666666667	0.8117326057298773	0.8927231807951989
ONE_VS_ONE__1OB1E1__3VRL__0__42	ONE_VS_ONE__1OB1E1__1H0DE1__0__42	3000	3000	0.9171666666666667	0.9916666666666667	0.8630693356541921	0.9229098805646038
ONE_VS_ONE__1OB1E1__3VRL__0__42	ONE_VS_ONE__1OB1E1__1WEJE1__0__42	3000	3000	0.8501666666666666	0.9916666666666667	0.7729280332553911	0.8687399620382538
ONE_VS_ONE__1OB1E1__3VRL__0__42	ONE_VS_NINE__1OB1E1__auto__0__42	3000	3000	0.861	0.9916666666666667	0.7862050739957717	0.8770636792452832
ONE_VS_ONE__1OB1E1__3VRL__0__42	HIGH_VS_95LOW__1OB1E1__auto__0__42	3000	3000	0.6505	0.9916666666666667	0.5894590846047156	0.739405989809867
ONE_VS_ONE__1OB1E1__3VRL__0__42	HIGH_VS_LOOSER__1OB1E1__auto__0__42	3000	3000	0.6676666666666666	0.9916666666666667	0.6017394822006472	0.7489929506545822
ONE_VS_ONE__1OB1E1__1NSN__0__42	ONE_VS_ONE__1OB1E1__3VRL__0__42	3000	3000	0.936	0.993	0.8913824057450629	0.9394512771996216
ONE_VS_ONE__1OB1E1__1NSN__0__42	ONE_VS_ONE__1OB1E1__1NSN__0__42	3000	3000	0.9918333333333333	0.993	0.9906883937479215	0.9918428500083236
ONE_VS_ONE__1OB1E1__1NSN__0__42	ONE_VS_ONE__1OB1E1__3RAJ__0__42	3000	3000	0.8628333333333333	0.993	0.7878868024332187	0.8786314702846189
ONE_VS_ONE__1OB1E1__1NSN__0__42	ONE_VS_ONE__1OB1E1__5E94__0__42	3000	3000	0.7728333333333334	0.993	0.6894237445035871	0.813823248190138
ONE_VS_ONE__1OB1E1__1NSN__0__42	ONE_VS_ONE__1OB1E1__1H0D__0__42	3000	3000	0.9775	0.993	0.9631425800193987	0.9778434268833088
ONE_VS_ONE__1OB1E1__1NSN__0__42	ONE_VS_ONE__1OB1E1__1WEJ__0__42	3000	3000	0.8598333333333333	0.993	0.7841537246643854	0.8763053390204442
ONE_VS_ONE__1OB1E1__1NSN__0__42	ONE_VS_ONE__1OB1E1__1ADQ__0__42	3000	3000	0.9018333333333334	0.993	0.8398646743727093	0.9100351305941653
ONE_VS_ONE__1OB1E1__1NSN__0__42	ONE_VS_ONE__1OB1E1__1FBI__0__42	3000	3000	0.8663333333333333	0.993	0.7922872340425532	0.8813609467455622
ONE_VS_ONE__1OB1E1__1NSN__0__42	ONE_VS_ONE__1OB1E1__2YPV__0__42	3000	3000	0.927	0.993	0.877208480565371	0.9315196998123828
ONE_VS_ONE__1OB1E1__1NSN__0__42	ONE_VS_ONE__1OB1E1__1H0DE1__0__42	3000	3000	0.9775	0.993	0.9631425800193987	0.9778434268833088
ONE_VS_ONE__1OB1E1__1NSN__0__42	ONE_VS_ONE__1OB1E1__1WEJE1__0__42	3000	3000	0.8598333333333333	0.993	0.7841537246643854	0.8763053390204442
ONE_VS_ONE__1OB1E1__1NSN__0__42	ONE_VS_NINE__1OB1E1__auto__0__42	3000	3000	0.9	0.993	0.8372681281618887	0.9085086916742909
ONE_VS_ONE__1OB1E1__1NSN__0__42	HIGH_VS_95LOW__1OB1E1__auto__0__42	3000	3000	0.9188333333333333	0.993	0.8647314949201742	0.9244375484871995
ONE_VS_ONE__1OB1E1__1NSN__0__42	HIGH_VS_LOOSER__1OB1E1__auto__0__42	3000	3000	0.695	0.993	0.6221804511278195	0.7650231124807395
ONE_VS_ONE__1OB1E1__3RAJ__0__42	ONE_VS_ONE__1OB1E1__3VRL__0__42	3000	3000	0.9751666666666666	0.971	0.9791596638655462	0.975062761506276
ONE_VS_ONE__1OB1E1__3RAJ__0__42	ONE_VS_ONE__1OB1E1__1NSN__0__42	3000	3000	0.9806666666666667	0.971	0.9901427600271924	0.9804779535509928
ONE_VS_ONE__1OB1E1__3RAJ__0__42	ONE_VS_ONE__1OB1E1__3RAJ__0__42	3000	3000	0.9785	0.971	0.9857868020304569	0.9783375314861461
ONE_VS_ONE__1OB1E1__3RAJ__0__42	ONE_VS_ONE__1OB1E1__5E94__0__42	3000	3000	0.8671666666666666	0.971	0.8040298095500966	0.8796617846897176
ONE_VS_ONE__1OB1E1__3RAJ__0__42	ONE_VS_ONE__1OB1E1__1H0D__0__42	3000	3000	0.9808333333333333	0.971	0.9904794287657259	0.9806429893957247
ONE_VS_ONE__1OB1E1__3RAJ__0__42	ONE_VS_ONE__1OB1E1__1WEJ__0__42	3000	3000	0.9543333333333334	0.971	0.9396774193548387	0.9550819672131148
ONE_VS_ONE__1OB1E1__3RAJ__0__42	ONE_VS_ONE__1OB1E1__1ADQ__0__42	3000	3000	0.9458333333333333	0.971	0.924468422722945	0.9471630629165989
ONE_VS_ONE__1OB1E1__3RAJ__0__42	ONE_VS_ONE__1OB1E1__1FBI__0__42	3000	3000	0.9245	0.971	0.888380603842635	0.9278547539417106
ONE_VS_ONE__1OB1E1__3RAJ__0__42	ONE_VS_ONE__1OB1E1__2YPV__0__42	3000	3000	0.975	0.971	0.9788306451612904	0.9748995983935743
ONE_VS_ONE__1OB1E1__3RAJ__0__42	ONE_VS_ONE__1OB1E1__1H0DE1__0__42	3000	3000	0.9808333333333333	0.971	0.9904794287657259	0.9806429893957247
ONE_VS_ONE__1OB1E1__3RAJ__0__42	ONE_VS_ONE__1OB1E1__1WEJE1__0__42	3000	3000	0.9543333333333334	0.971	0.9396774193548387	0.9550819672131148
ONE_VS_ONE__1OB1E1__3RAJ__0__42	ONE_VS_NINE__1OB1E1__auto__0__42	3000	3000	0.954	0.971	0.9390715667311412	0.9547689282202556
ONE_VS_ONE__1OB1E1__3RAJ__0__42	HIGH_VS_95LOW__1OB1E1__auto__0__42	3000	3000	0.9591666666666666	0.971	0.9485509605991533	0.9596442101795422
ONE_VS_ONE__1OB1E1__3RAJ__0__42	HIGH_VS_LOOSER__1OB1E1__auto__0__42	3000	3000	0.7566666666666667	0.971	0.6796546896873542	0.7996157013450452
ONE_VS_ONE__1OB1E1__5E94__0__42	ONE_VS_ONE__1OB1E1__3VRL__0__42	3000	3000	0.9575	0.973	0.9437439379243453	0.9581486952240277
ONE_VS_ONE__1OB1E1__5E94__0__42	ONE_VS_ONE__1OB1E1__1NSN__0__42	3000	3000	0.8985	0.973	0.8468233246301131	0.9055374592833876
ONE_VS_ONE__1OB1E1__5E94__0__42	ONE_VS_ONE__1OB1E1__3RAJ__0__42	3000	3000	0.8638333333333333	0.973	0.7986320109439125	0.8772351615326823
ONE_VS_ONE__1OB1E1__5E94__0__42	ONE_VS_ONE__1OB1E1__5E94__0__42	3000	3000	0.9806666666666667	0.973	0.9881516587677726	0.980517299294592
ONE_VS_ONE__1OB1E1__5E94__0__42	ONE_VS_ONE__1OB1E1__1H0D__0__42	3000	3000	0.9755	0.973	0.9778894472361809	0.9754385964912281
ONE_VS_ONE__1OB1E1__5E94__0__42	ONE_VS_ONE__1OB1E1__1WEJ__0__42	3000	3000	0.8398333333333333	0.973	0.7683600947617795	0.8586556846595087
ONE_VS_ONE__1OB1E1__5E94__0__42	ONE_VS_ONE__1OB1E1__1ADQ__0__42	3000	3000	0.9198333333333333	0.973	0.8794817716179573	0.923880360816585
ONE_VS_ONE__1OB1E1__5E94__0__42	ONE_VS_ONE__1OB1E1__1FBI__0__42	3000	3000	0.8638333333333333	0.973	0.7986320109439125	0.8772351615326823
ONE_VS_ONE__1OB1E1__5E94__0__42	ONE_VS_ONE__1OB1E1__2YPV__0__42	3000	3000	0.9706666666666667	0.973	0.9684804246848042	0.9707349517791819
ONE_VS_ONE__1OB1E1__5E94__0__42	ONE_VS_ONE__1OB1E1__1H0DE1__0__42	3000	3000	0.9755	0.973	0.9778894472361809	0.9754385964912281
ONE_VS_ONE__1OB1E1__5E94__0__42	ONE_VS_ONE__1OB1E1__1WEJE1__0__42	3000	3000	0.8398333333333333	0.973	0.7683600947617795	0.8586556846595087
ONE_VS_ONE__1OB1E1__5E94__0__42	ONE_VS_NINE__1OB1E1__auto__0__42	3000	3000	0.9166666666666666	0.973	0.8744757339724386	0.9211107604922689
ONE_VS_ONE__1OB1E1__5E94__0__42	HIGH_VS_95LOW__1OB1E1__auto__0__42	3000	3000	0.794	0.973	0.7164948453608248	0.825275657336726
ONE_VS_ONE__1OB1E1__5E94__0__42	HIGH_VS_LOOSER__1OB1E1__auto__0__42	3000	3000	0.7238333333333333	0.973	0.6493882091212458	0.7789192795196798
ONE_VS_ONE__1OB1E1__1H0D__0__42	ONE_VS_ONE__1OB1E1__3VRL__0__42	3000	3000	0.9136666666666666	0.9983333333333333	0.8537628278221209	0.9204056545789796
ONE_VS_ONE__1OB1E1__1H0D__0__42	ONE_VS_ONE__1OB1E1__1NSN__0__42	3000	3000	0.9201666666666667	0.9983333333333333	0.8633611991928509	0.9259545524810635
ONE_VS_ONE__1OB1E1__1H0D__0__42	ONE_VS_ONE__1OB1E1__3RAJ__0__42	3000	3000	0.81	0.9983333333333333	0.725181598062954	0.8401122019635343
ONE_VS_ONE__1OB1E1__1H0D__0__42	ONE_VS_ONE__1OB1E1__5E94__0__42	3000	3000	0.775	0.9983333333333333	0.6900921658986175	0.8160762942779292
ONE_VS_ONE__1OB1E1__1H0D__0__42	ONE_VS_ONE__1OB1E1__1H0D__0__42	3000	3000	0.9976666666666667	0.9983333333333333	0.9970039946737683	0.9976682211858761
ONE_VS_ONE__1OB1E1__1H0D__0__42	ONE_VS_ONE__1OB1E1__1WEJ__0__42	3000	3000	0.8581666666666666	0.9983333333333333	0.7797448581098673	0.8756029820201724
ONE_VS_ONE__1OB1E1__1H0D__0__42	ONE_VS_ONE__1OB1E1__1ADQ__0__42	3000	3000	0.8945	0.9983333333333333	0.8266629864752967	0.9044239770496754
ONE_VS_ONE__1OB1E1__1H0D__0__42	ONE_VS_ONE__1OB1E1__1FBI__0__42	3000	3000	0.9053333333333333	0.9983333333333333	0.8417650365373806	0.9133882281183288
ONE_VS_ONE__1OB1E1__1H0D__0__42	ONE_VS_ONE__1OB1E1__2YPV__0__42	3000	3000	0.9701666666666666	0.9983333333333333	0.9450930893026191	0.9709839520181552
ONE_VS_ONE__1OB1E1__1H0D__0__42	ONE_VS_ONE__1OB1E1__1H0DE1__0__42	3000	3000	0.9976666666666667	0.9983333333333333	0.9970039946737683	0.9976682211858761
ONE_VS_ONE__1OB1E1__1H0D__0__42	ONE_VS_ONE__1OB1E1__1WEJE1__0__42	3000	3000	0.8581666666666666	0.9983333333333333	0.7797448581098673	0.8756029820201724
ONE_VS_ONE__1OB1E1__1H0D__0__42	ONE_VS_NINE__1OB1E1__auto__0__42	3000	3000	0.8915	0.9983333333333333	0.82257621532546	0.9019725944887816
ONE_VS_ONE__1OB1E1__1H0D__0__42	HIGH_VS_95LOW__1OB1E1__auto__0__42	3000	3000	0.9565	0.9983333333333333	0.9212549984620116	0.958246680531115
ONE_VS_ONE__1OB1E1__1H0D__0__42	HIGH_VS_LOOSER__1OB1E1__auto__0__42	3000	3000	0.7041666666666667	0.9983333333333333	0.6285414480587618	0.7714101738570509
ONE_VS_ONE__1OB1E1__1WEJ__0__42	ONE_VS_ONE__1OB1E1__3VRL__0__42	3000	3000	0.9661666666666666	0.9733333333333334	0.9595793624712455	0.9664074135363231
ONE_VS_ONE__1OB1E1__1WEJ__0__42	ONE_VS_ONE__1OB1E1__1NSN__0__42	3000	3000	0.9613333333333334	0.9733333333333334	0.9505208333333334	0.9617918313570488
ONE_VS_ONE__1OB1E1__1WEJ__0__42	ONE_VS_ONE__1OB1E1__3RAJ__0__42	3000	3000	0.9258333333333333	0.9733333333333334	0.8888888888888888	0.9291964996022275
ONE_VS_ONE__1OB1E1__1WEJ__0__42	ONE_VS_ONE__1OB1E1__5E94__0__42	3000	3000	0.7806666666666666	0.9733333333333334	0.7025986525505293	0.8160983789826719
ONE_VS_ONE__1OB1E1__1WEJ__0__42	ONE_VS_ONE__1OB1E1__1H0D__0__42	3000	3000	0.9743333333333334	0.9733333333333334	0.9752839011356046	0.9743076409743077
ONE_VS_ONE__1OB1E1__1WEJ__0__42	ONE_VS_ONE__1OB1E1__1WEJ__0__42	3000	3000	0.981	0.9733333333333334	0.988490182802979	0.9808532079274438
ONE_VS_ONE__1OB1E1__1WEJ__0__42	ONE_VS_ONE__1OB1E1__1ADQ__0__42	3000	3000	0.9068333333333334	0.9733333333333334	0.8590761988820241	0.9126426004063135
ONE_VS_ONE__1OB1E1__1WEJ__0__42	ONE_VS_ONE__1OB1E1__1FBI__0__42	3000	3000	0.894	0.9733333333333334	0.8400460299194477	0.9017912291537987
ONE_VS_ONE__1OB1E1__1WEJ__0__42	ONE_VS_ONE__1OB1E1__2YPV__0__42	3000	3000	0.9548333333333333	0.9733333333333334	0.938604950176792	0.9556537391588938
ONE_VS_ONE__1OB1E1__1WEJ__0__42	ONE_VS_ONE__1OB1E1__1H0DE1__0__42	3000	3000	0.9743333333333334	0.9733333333333334	0.9752839011356046	0.9743076409743077
ONE_VS_ONE__1OB1E1__1WEJ__0__42	ONE_VS_ONE__1OB1E1__1WEJE1__0__42	3000	3000	0.981	0.9733333333333334	0.988490182802979	0.9808532079274438
ONE_VS_ONE__1OB1E1__1WEJ__0__42	ONE_VS_NINE__1OB1E1__auto__0__42	3000	3000	0.9298333333333333	0.9733333333333334	0.8954308494326894	0.9327583453122504
ONE_VS_ONE__1OB1E1__1WEJ__0__42	HIGH_VS_95LOW__1OB1E1__auto__0__42	3000	3000	0.9418333333333333	0.9733333333333334	0.9156475384132957	0.9436096299886896
ONE_VS_ONE__1OB1E1__1WEJ__0__42	HIGH_VS_LOOSER__1OB1E1__auto__0__42	3000	3000	0.7468333333333333	0.9733333333333334	0.6698784124799266	0.7935860850659058
ONE_VS_ONE__1OB1E1__1ADQ__0__42	ONE_VS_ONE__1OB1E1__3VRL__0__42	3000	3000	0.9731666666666666	0.9813333333333333	0.9655624795014759	0.9733840304182508
ONE_VS_ONE__1OB1E1__1ADQ__0__42	ONE_VS_ONE__1OB1E1__1NSN__0__42	3000	3000	0.9788333333333333	0.9813333333333333	0.9764510779436153	0.9788861180382377
ONE_VS_ONE__1OB1E1__1ADQ__0__42	ONE_VS_ONE__1OB1E1__3RAJ__0__42	3000	3000	0.9261666666666667	0.9813333333333333	0.8838186730711498	0.9300268519981045
ONE_VS_ONE__1OB1E1__1ADQ__0__42	ONE_VS_ONE__1OB1E1__5E94__0__42	3000	3000	0.8705	0.9813333333333333	0.8032742155525239	0.8834208552138035
ONE_VS_ONE__1OB1E1__1ADQ__0__42	ONE_VS_ONE__1OB1E1__1H0D__0__42	3000	3000	0.9876666666666667	0.9813333333333333	0.9939230249831195	0.9875880576987587
ONE_VS_ONE__1OB1E1__1ADQ__0__42	ONE_VS_ONE__1OB1E1__1WEJ__0__42	3000	3000	0.9418333333333333	0.9813333333333333	0.9094840902069817	0.9440436107102773
ONE_VS_ONE__1OB1E1__1ADQ__0__42	ONE_VS_ONE__1OB1E1__1ADQ__0__42	3000	3000	0.9848333333333333	0.9813333333333333	0.9882510909701242	0.9847800635557785
ONE_VS_ONE__1OB1E1__1ADQ__0__42	ONE_VS_ONE__1OB1E1__1FBI__0__42	3000	3000	0.974	0.9813333333333333	0.9671484888304862	0.9741892786234283
ONE_VS_ONE__1OB1E1__1ADQ__0__42	ONE_VS_ONE__1OB1E1__2YPV__0__42	3000	3000	0.9828333333333333	0.9813333333333333	0.9842861919090605	0.9828075446503088
ONE_VS_ONE__1OB1E1__1ADQ__0__42	ONE_VS_ONE__1OB1E1__1H0DE1__0__42	3000	3000	0.9876666666666667	0.9813333333333333	0.9939230249831195	0.9875880576987587
ONE_VS_ONE__1OB1E1__1ADQ__0__42	ONE_VS_ONE__1OB1E1__1WEJE1__0__42	3000	3000	0.9418333333333333	0.9813333333333333	0.9094840902069817	0.9440436107102773
ONE_VS_ONE__1OB1E1__1ADQ__0__42	ONE_VS_NINE__1OB1E1__auto__0__42	3000	3000	0.955	0.9813333333333333	0.9322355921469284	0.9561545956479376
ONE_VS_ONE__1OB1E1__1ADQ__0__42	HIGH_VS_95LOW__1OB1E1__auto__0__42	3000	3000	0.9798333333333333	0.9813333333333333	0.9783981389165836	0.9798635380262938
ONE_VS_ONE__1OB1E1__1ADQ__0__42	HIGH_VS_LOOSER__1OB1E1__auto__0__42	3000	3000	0.8015	0.9813333333333333	0.7217455258641824	0.8317558977256675
ONE_VS_ONE__1OB1E1__1FBI__0__42	ONE_VS_ONE__1OB1E1__3VRL__0__42	3000	3000	0.8863333333333333	0.99	0.8199889563776919	0.8970099667774086
ONE_VS_ONE__1OB1E1__1FBI__0__42	ONE_VS_ONE__1OB1E1__1NSN__0__42	3000	3000	0.8346666666666667	0.99	0.7553407934893184	0.8568955568378533
ONE_VS_ONE__1OB1E1__1FBI__0__42	ONE_VS_ONE__1OB1E1__3RAJ__0__42	3000	3000	0.7793333333333333	0.99	0.6965290806754222	0.8177312775330398
ONE_VS_ONE__1OB1E1__1FBI__0__42	ONE_VS_ONE__1OB1E1__5E94__0__42	3000	3000	0.6873333333333334	0.99	0.6166943521594684	0.7599795291709316
ONE_VS_ONE__1OB1E1__1FBI__0__42	ONE_VS_ONE__1OB1E1__1H0D__0__42	3000	3000	0.9618333333333333	0.99	0.937204165351846	0.9628789106824445
ONE_VS_ONE__1OB1E1__1FBI__0__42	ONE_VS_ONE__1OB1E1__1WEJ__0__42	3000	3000	0.826	0.99	0.7454819277108434	0.8505154639175259
ONE_VS_ONE__1OB1E1__1FBI__0__42	ONE_VS_ONE__1OB1E1__1ADQ__0__42	3000	3000	0.8863333333333333	0.99	0.8199889563776919	0.8970099667774086
ONE_VS_ONE__1OB1E1__1FBI__0__42	ONE_VS_ONE__1OB1E1__1FBI__0__42	3000	3000	0.9923333333333333	0.99	0.9946416610850636	0.9923154026060809
ONE_VS_ONE__1OB1E1__1FBI__0__42	ONE_VS_ONE__1OB1E1__2YPV__0__42	3000	3000	0.932	0.99	0.8870967741935484	0.9357277882797732
ONE_VS_ONE__1OB1E1__1FBI__0__42	ONE_VS_ONE__1OB1E1__1H0DE1__0__42	3000	3000	0.9618333333333333	0.99	0.937204165351846	0.9628789106824445
ONE_VS_ONE__1OB1E1__1FBI__0__42	ONE_VS_ONE__1OB1E1__1WEJE1__0__42	3000	3000	0.826	0.99	0.7454819277108434	0.8505154639175259
ONE_VS_ONE__1OB1E1__1FBI__0__42	ONE_VS_NINE__1OB1E1__auto__0__42	3000	3000	0.8621666666666666	0.99	0.7884258030262808	0.8777892714644598
ONE_VS_ONE__1OB1E1__1FBI__0__42	HIGH_VS_95LOW__1OB1E1__auto__0__42	3000	3000	0.8226666666666667	0.99	0.7417582417582418	0.8480868075385495
ONE_VS_ONE__1OB1E1__1FBI__0__42	HIGH_VS_LOOSER__1OB1E1__auto__0__42	3000	3000	0.6576666666666666	0.99	0.5947136563876652	0.7430572929697272
ONE_VS_ONE__1OB1E1__2YPV__0__42	ONE_VS_ONE__1OB1E1__3VRL__0__42	3000	3000	0.9411666666666667	0.995	0.898284682515799	0.9441720702198323
ONE_VS_ONE__1OB1E1__2YPV__0__42	ONE_VS_ONE__1OB1E1__1NSN__0__42	3000	3000	0.9355	0.995	0.8891867739052726	0.9391222274657858
ONE_VS_ONE__1OB1E1__2YPV__0__42	ONE_VS_ONE__1OB1E1__3RAJ__0__42	3000	3000	0.8561666666666666	0.995	0.7787633707278894	0.8737011561539587
ONE_VS_ONE__1OB1E1__2YPV__0__42	ONE_VS_ONE__1OB1E1__5E94__0__42	3000	3000	0.84	0.995	0.7595419847328244	0.8614718614718615
ONE_VS_ONE__1OB1E1__2YPV__0__42	ONE_VS_ONE__1OB1E1__1H0D__0__42	3000	3000	0.9926666666666667	0.995	0.9903782349037823	0.9926837379447955
ONE_VS_ONE__1OB1E1__2YPV__0__42	ONE_VS_ONE__1OB1E1__1WEJ__0__42	3000	3000	0.9141666666666667	0.995	0.8565279770444764	0.920585967617579
ONE_VS_ONE__1OB1E1__2YPV__0__42	ONE_VS_ONE__1OB1E1__1ADQ__0__42	3000	3000	0.944	0.995	0.9029038112522686	0.9467174119885823
ONE_VS_ONE__1OB1E1__2YPV__0__42	ONE_VS_ONE__1OB1E1__1FBI__0__42	3000	3000	0.9151666666666667	0.995	0.8580051739005461	0.9214384935946905
ONE_VS_ONE__1OB1E1__2YPV__0__42	ONE_VS_ONE__1OB1E1__2YPV__0__42	3000	3000	0.9938333333333333	0.995	0.9926837379447955	0.9938405193940403
ONE_VS_ONE__1OB1E1__2YPV__0__42	ONE_VS_ONE__1OB1E1__1H0DE1__0__42	3000	3000	0.9926666666666667	0.995	0.9903782349037823	0.9926837379447955
ONE_VS_ONE__1OB1E1__2YPV__0__42	ONE_VS_ONE__1OB1E1__1WEJE1__0__42	3000	3000	0.9141666666666667	0.995	0.8565279770444764	0.920585967617579
ONE_VS_ONE__1OB1E1__2YPV__0__42	ONE_VS_NINE__1OB1E1__auto__0__42	3000	3000	0.9215	0.995	0.8674803836094158	0.926874708896134
ONE_VS_ONE__1OB1E1__2YPV__0__42	HIGH_VS_95LOW__1OB1E1__auto__0__42	3000	3000	0.965	0.995	0.9386792452830188	0.9660194174757281
ONE_VS_ONE__1OB1E1__2YPV__0__42	HIGH_VS_LOOSER__1OB1E1__auto__0__42	3000	3000	0.7463333333333333	0.995	0.6645146927871772	0.7968499733048585
ONE_VS_ONE__1OB1E1__1H0DE1__0__42	ONE_VS_ONE__1OB1E1__3VRL__0__42	3000	3000	0.8453333333333334	0.9986666666666667	0.7642857142857142	0.8658959537572254
ONE_VS_ONE__1OB1E1__1H0DE1__0__42	ONE_VS_ONE__1OB1E1__1NSN__0__42	3000	3000	0.8711666666666666	0.9986666666666667	0.7957503320053121	0.8857354028085734
ONE_VS_ONE__1OB1E1__1H0DE1__0__42	ONE_VS_ONE__1OB1E1__3RAJ__0__42	3000	3000	0.7485	0.9986666666666667	0.6656298600311042	0.7988268230902547
ONE_VS_ONE__1OB1E1__1H0DE1__0__42	ONE_VS_ONE__1OB1E1__5E94__0__42	3000	3000	0.7671666666666667	0.9986666666666667	0.682615629984051	0.8109351739071592
ONE_VS_ONE__1OB1E1__1H0DE1__0__42	ONE_VS_ONE__1OB1E1__1H0D__0__42	3000	3000	0.9933333333333333	0.9986666666666667	0.9881266490765171	0.9933687002652519
ONE_VS_ONE__1OB1E1__1H0DE1__0__42	ONE_VS_ONE__1OB1E1__1WEJ__0__42	3000	3000	0.7371666666666666	0.9986666666666667	0.6557233530312979	0.7916501519355266
ONE_VS_ONE__1OB1E1__1H0DE1__0__42	ONE_VS_ONE__1OB1E1__1ADQ__0__42	3000	3000	0.8551666666666666	0.9986666666666667	0.775964775964776	0.8733420784142253
ONE_VS_ONE__1OB1E1__1H0DE1__0__42	ONE_VS_ONE__1OB1E1__1FBI__0__42	3000	3000	0.7866666666666666	0.9986666666666667	0.701310861423221	0.823982398239824
ONE_VS_ONE__1OB1E1__1H0DE1__0__42	ONE_VS_ONE__1OB1E1__2YPV__0__42	3000	3000	0.9513333333333334	0.9986666666666667	0.9123020706455542	0.9535327816677276
ONE_VS_ONE__1OB1E1__1H0DE1__0__42	ONE_VS_ONE__1OB1E1__1H0DE1__0__42	3000	3000	0.9933333333333333	0.9986666666666667	0.9881266490765171	0.9933687002652519
ONE_VS_ONE__1OB1E1__1H0DE1__0__42	ONE_VS_ONE__1OB1E1__1WEJE1__0__42	3000	3000	0.7371666666666666	0.9986666666666667	0.6557233530312979	0.7916501519355266
ONE_VS_ONE__1OB1E1__1H0DE1__0__42	ONE_VS_NINE__1OB1E1__auto__0__42	3000	3000	0.8381666666666666	0.9986666666666667	0.7559929346454706	0.8605486141031166
ONE_VS_ONE__1OB1E1__1H0DE1__0__42	HIGH_VS_95LOW__1OB1E1__auto__0__42	3000	3000	0.8561666666666666	0.9986666666666667	0.7771725032425422	0.8741064916119621
ONE_VS_ONE__1OB1E1__1H0DE1__0__42	HIGH_VS_LOOSER__1OB1E1__auto__0__42	3000	3000	0.6718333333333333	0.9986666666666667	0.6039105019149366	0.7526692626554454
ONE_VS_ONE__1OB1E1__1WEJE1__0__42	ONE_VS_ONE__1OB1E1__3VRL__0__42	3000	3000	0.9455	0.985	0.9128822984244671	0.9475709475709476
ONE_VS_ONE__1OB1E1__1WEJE1__0__42	ONE_VS_ONE__1OB1E1__1NSN__0__42	3000	3000	0.9065	0.985	0.8513396715643907	0.9133055169216505
ONE_VS_ONE__1OB1E1__1WEJE1__0__42	ONE_VS_ONE__1OB1E1__3RAJ__0__42	3000	3000	0.7991666666666667	0.985	0.7181044957472661	0.8306394940267041
ONE_VS_ONE__1OB1E1__1WEJE1__0__42	ONE_VS_ONE__1OB1E1__5E94__0__42	3000	3000	0.629	0.985	0.5753504672897196	0.726401179941003
ONE_VS_ONE__1OB1E1__1WEJE1__0__42	ONE_VS_ONE__1OB1E1__1H0D__0__42	3000	3000	0.8011666666666667	0.985	0.7202047282476237	0.8320427988174012
ONE_VS_ONE__1OB1E1__1WEJE1__0__42	ONE_VS_ONE__1OB1E1__1WEJ__0__42	3000	3000	0.9535	0.985	0.9266227657572906	0.9549200193892389
ONE_VS_ONE__1OB1E1__1WEJE1__0__42	ONE_VS_ONE__1OB1E1__1ADQ__0__42	3000	3000	0.7871666666666667	0.985	0.7057559111535706	0.822318074300821
ONE_VS_ONE__1OB1E1__1WEJE1__0__42	ONE_VS_ONE__1OB1E1__1FBI__0__42	3000	3000	0.7591666666666667	0.985	0.6785304247990815	0.8035350101971448
ONE_VS_ONE__1OB1E1__1WEJE1__0__42	ONE_VS_ONE__1OB1E1__2YPV__0__42	3000	3000	0.8175	0.985	0.7378277153558053	0.8436830835117772
ONE_VS_ONE__1OB1E1__1WEJE1__0__42	ONE_VS_ONE__1OB1E1__1H0DE1__0__42	3000	3000	0.8011666666666667	0.985	0.7202047282476237	0.8320427988174012
ONE_VS_ONE__1OB1E1__1WEJE1__0__42	ONE_VS_ONE__1OB1E1__1WEJE1__0__42	3000	3000	0.9535	0.985	0.9266227657572906	0.9549200193892389
ONE_VS_ONE__1OB1E1__1WEJE1__0__42	ONE_VS_NINE__1OB1E1__auto__0__42	3000	3000	0.8251666666666667	0.985	0.7464006062136903	0.8492599511424055
ONE_VS_ONE__1OB1E1__1WEJE1__0__42	HIGH_VS_95LOW__1OB1E1__auto__0__42	3000	3000	0.837	0.985	0.7600308641975309	0.8580139372822301
ONE_VS_ONE__1OB1E1__1WEJE1__0__42	HIGH_VS_LOOSER__1OB1E1__auto__0__42	3000	3000	0.6901666666666667	0.985	0.6196267561333613	0.7607156648217273
ONE_VS_ONE__1WEJE1__3VRL__0__42	ONE_VS_ONE__1WEJE1__3VRL__0__42	3000	3000	0.9878333333333333	0.9833333333333333	0.9922637066935756	0.9877783358446341
ONE_VS_ONE__1WEJE1__3VRL__0__42	ONE_VS_ONE__1WEJE1__1NSN__0__42	3000	3000	0.795	0.9833333333333333	0.7142857142857143	0.8274894810659186
ONE_VS_ONE__1WEJE1__3VRL__0__42	ONE_VS_ONE__1WEJE1__3RAJ__0__42	3000	3000	0.7665	0.9833333333333333	0.6858870030225529	0.808108478290645
ONE_VS_ONE__1WEJE1__3VRL__0__42	ONE_VS_ONE__1WEJE1__5E94__0__42	3000	3000	0.9251666666666667	0.9833333333333333	0.8808599581964766	0.9292802016065522
ONE_VS_ONE__1WEJE1__3VRL__0__42	ONE_VS_ONE__1WEJE1__1H0D__0__42	3000	3000	0.9206666666666666	0.9833333333333333	0.8738151658767772	0.92534504391468
ONE_VS_ONE__1WEJE1__3VRL__0__42	ONE_VS_ONE__1WEJE1__1ADQ__0__42	3000	3000	0.8088333333333333	0.9833333333333333	0.7289350135903138	0.8372357031360863
ONE_VS_ONE__1WEJE1__3VRL__0__42	ONE_VS_ONE__1WEJE1__1FBI__0__42	3000	3000	0.8041666666666667	0.9833333333333333	0.7239263803680982	0.833922261484099
ONE_VS_ONE__1WEJE1__3VRL__0__42	ONE_VS_ONE__1WEJE1__2YPV__0__42	3000	3000	0.8943333333333333	0.9833333333333333	0.8347481607243916	0.9029690847872667
ONE_VS_ONE__1WEJE1__3VRL__0__42	ONE_VS_ONE__1WEJE1__1OB1__0__42	3000	3000	0.671	0.9833333333333333	0.6052523594583504	0.7493014986029972
ONE_VS_ONE__1WEJE1__3VRL__0__42	ONE_VS_ONE__1WEJE1__1H0DE1__0__42	3000	3000	0.9206666666666666	0.9833333333333333	0.8738151658767772	0.92534504391468
ONE_VS_ONE__1WEJE1__3VRL__0__42	ONE_VS_ONE__1WEJE1__1OB1E1__0__42	3000	3000	0.671	0.9833333333333333	0.6052523594583504	0.7493014986029972
ONE_VS_ONE__1WEJE1__3VRL__0__42	ONE_VS_NINE__1WEJE1__auto__0__42	3000	3000	0.8433333333333334	0.9833333333333333	0.7682291666666666	0.8625730994152045
ONE_VS_ONE__1WEJE1__3VRL__0__42	HIGH_VS_95LOW__1WEJE1__auto__0__42	3000	3000	0.5611666666666667	0.9833333333333333	0.5331646484727995	0.691433259111684
ONE_VS_ONE__1WEJE1__3VRL__0__42	HIGH_VS_LOOSER__1WEJE1__auto__0__42	3000	3000	0.6485	0.9833333333333333	0.5889399081653025	0.7366712448495443
ONE_VS_ONE__1WEJE1__1NSN__0__42	ONE_VS_ONE__1WEJE1__3VRL__0__42	3000	3000	0.73	0.995	0.6503267973856209	0.7865612648221344
ONE_VS_ONE__1WEJE1__1NSN__0__42	ONE_VS_ONE__1WEJE1__1NSN__0__42	3000	3000	0.9938333333333333	0.995	0.9926837379447955	0.9938405193940403
ONE_VS_ONE__1WEJE1__1NSN__0__42	ONE_VS_ONE__1WEJE1__3RAJ__0__42	3000	3000	0.8076666666666666	0.995	0.723811833171678	0.8380123526108928
ONE_VS_ONE__1WEJE1__1NSN__0__42	ONE_VS_ONE__1WEJE1__5E94__0__42	3000	3000	0.9458333333333333	0.995	0.9059180576631259	0.9483717235901509
ONE_VS_ONE__1WEJE1__1NSN__0__42	ONE_VS_ONE__1WEJE1__1H0D__0__42	3000	3000	0.9818333333333333	0.995	0.9694706073400454	0.9820694193123869
ONE_VS_ONE__1WEJE1__1NSN__0__42	ONE_VS_ONE__1WEJE1__1ADQ__0__42	3000	3000	0.915	0.995	0.8577586206896551	0.9212962962962963
ONE_VS_ONE__1WEJE1__1NSN__0__42	ONE_VS_ONE__1WEJE1__1FBI__0__42	3000	3000	0.8803333333333333	0.995	0.8093817787418656	0.8926435406698566
ONE_VS_ONE__1WEJE1__1NSN__0__42	ONE_VS_ONE__1WEJE1__2YPV__0__42	3000	3000	0.9521666666666667	0.995	0.9164875652440897	0.9541313728623941
ONE_VS_ONE__1WEJE1__1NSN__0__42	ONE_VS_ONE__1WEJE1__1OB1__0__42	3000	3000	0.8681666666666666	0.995	0.7936718957724009	0.8830054725632303
ONE_VS_ONE__1WEJE1__1NSN__0__42	ONE_VS_ONE__1WEJE1__1H0DE1__0__42	3000	3000	0.9818333333333333	0.995	0.9694706073400454	0.9820694193123869
ONE_VS_ONE__1WEJE1__1NSN__0__42	ONE_VS_ONE__1WEJE1__1OB1E1__0__42	3000	3000	0.8681666666666666	0.995	0.7936718957724009	0.8830054725632303
ONE_VS_ONE__1WEJE1__1NSN__0__42	ONE_VS_NINE__1WEJE1__auto__0__42	3000	3000	0.8965	0.995	0.8312447786131997	0.9057806099226218
ONE_VS_ONE__1WEJE1__1NSN__0__42	HIGH_VS_95LOW__1WEJE1__auto__0__42	3000	3000	0.964	0.995	0.9369114877589454	0.965082444228904
ONE_VS_ONE__1WEJE1__1NSN__0__42	HIGH_VS_LOOSER__1WEJE1__auto__0__42	3000	3000	0.7066666666666667	0.995	0.63107822410148	0.7723156532988357
ONE_VS_ONE__1WEJE1__3RAJ__0__42	ONE_VS_ONE__1WEJE1__3VRL__0__42	3000	3000	0.8438333333333333	0.9766666666666667	0.7716618382933895	0.8621450639988231
ONE_VS_ONE__1WEJE1__3RAJ__0__42	ONE_VS_ONE__1WEJE1__1NSN__0__42	3000	3000	0.8443333333333334	0.9766666666666667	0.77227200843437	0.8625257580217839
ONE_VS_ONE__1WEJE1__3RAJ__0__42	ONE_VS_ONE__1WEJE1__3RAJ__0__42	3000	3000	0.9773333333333334	0.9766666666666667	0.9779706275033377	0.9773182121414276
ONE_VS_ONE__1WEJE1__3RAJ__0__42	ONE_VS_ONE__1WEJE1__5E94__0__42	3000	3000	0.9821666666666666	0.9766666666666667	0.9875294910684193	0.9820680408915703
ONE_VS_ONE__1WEJE1__3RAJ__0__42	ONE_VS_ONE__1WEJE1__1H0D__0__42	3000	3000	0.9651666666666666	0.9766666666666667	0.9547083740632127	0.9655626956665019
ONE_VS_ONE__1WEJE1__3RAJ__0__42	ONE_VS_ONE__1WEJE1__1ADQ__0__42	3000	3000	0.8943333333333333	0.9766666666666667	0.8385804235832857	0.9023714197720973
ONE_VS_ONE__1WEJE1__3RAJ__0__42	ONE_VS_ONE__1WEJE1__1FBI__0__42	3000	3000	0.9505	0.9766666666666667	0.9280962939499525	0.9517622218612961
ONE_VS_ONE__1WEJE1__3RAJ__0__42	ONE_VS_ONE__1WEJE1__2YPV__0__42	3000	3000	0.9603333333333334	0.9766666666666667	0.9457714654615881	0.9609708101016727
ONE_VS_ONE__1WEJE1__3RAJ__0__42	ONE_VS_ONE__1WEJE1__1OB1__0__42	3000	3000	0.8783333333333333	0.9766666666666667	0.8161559888579387	0.8892261001517451
ONE_VS_ONE__1WEJE1__3RAJ__0__42	ONE_VS_ONE__1WEJE1__1H0DE1__0__42	3000	3000	0.9651666666666666	0.9766666666666667	0.9547083740632127	0.9655626956665019
ONE_VS_ONE__1WEJE1__3RAJ__0__42	ONE_VS_ONE__1WEJE1__1OB1E1__0__42	3000	3000	0.8783333333333333	0.9766666666666667	0.8161559888579387	0.8892261001517451
ONE_VS_ONE__1WEJE1__3RAJ__0__42	ONE_VS_NINE__1WEJE1__auto__0__42	3000	3000	0.9238333333333333	0.9766666666666667	0.8833283087126922	0.9276555326895678
ONE_VS_ONE__1WEJE1__3RAJ__0__42	HIGH_VS_95LOW__1WEJE1__auto__0__42	3000	3000	0.7025	0.9766666666666667	0.6307857911733046	0.7665140614780903
ONE_VS_ONE__1WEJE1__3RAJ__0__42	HIGH_VS_LOOSER__1WEJE1__auto__0__42	3000	3000	0.6896666666666667	0.9766666666666667	0.6204997882253283	0.7588707588707589
ONE_VS_ONE__1WEJE1__5E94__0__42	ONE_VS_ONE__1WEJE1__3VRL__0__42	3000	3000	0.7873333333333333	0.994	0.7033018867924529	0.8237569060773481
ONE_VS_ONE__1WEJE1__5E94__0__42	ONE_VS_ONE__1WEJE1__1NSN__0__42	3000	3000	0.7916666666666666	0.994	0.707641196013289	0.8267258109232047
ONE_VS_ONE__1WEJE1__5E94__0__42	ONE_VS_ONE__1WEJE1__3RAJ__0__42	3000	3000	0.8493333333333334	0.994	0.7709410548086867	0.8683750728013978
ONE_VS_ONE__1WEJE1__5E94__0__42	ONE_VS_ONE__1WEJE1__5E94__0__42	3000	3000	0.9955	0.994	0.9969909729187563	0.9954932398597897
ONE_VS_ONE__1WEJE1__5E94__0__42	ONE_VS_ONE__1WEJE1__1H0D__0__42	3000	3000	0.9771666666666666	0.994	0.9616252821670429	0.9775446648090476
ONE_VS_ONE__1WEJE1__5E94__0__42	ONE_VS_ONE__1WEJE1__1ADQ__0__42	3000	3000	0.8933333333333333	0.994	0.8274139844617092	0.9030890369473046
ONE_VS_ONE__1WEJE1__5E94__0__42	ONE_VS_ONE__1WEJE1__1FBI__0__42	3000	3000	0.9153333333333333	0.994	0.8588709677419355	0.9215080346106305
ONE_VS_ONE__1WEJE1__5E94__0__42	ONE_VS_ONE__1WEJE1__2YPV__0__42	3000	3000	0.9593333333333334	0.994	0.9295511221945137	0.9606958762886597
ONE_VS_ONE__1WEJE1__5E94__0__42	ONE_VS_ONE__1WEJE1__1OB1__0__42	3000	3000	0.7783333333333333	0.994	0.6944573823940382	0.8176583493282149
ONE_VS_ONE__1WEJE1__5E94__0__42	ONE_VS_ONE__1WEJE1__1H0DE1__0__42	3000	3000	0.9771666666666666	0.994	0.9616252821670429	0.9775446648090476
ONE_VS_ONE__1WEJE1__5E94__0__42	ONE_VS_ONE__1WEJE1__1OB1E1__0__42	3000	3000	0.7783333333333333	0.994	0.6944573823940382	0.8176583493282149
ONE_VS_ONE__1WEJE1__5E94__0__42	ONE_VS_NINE__1WEJE1__auto__0__42	3000	3000	0.8903333333333333	0.994	0.823302043070127	0.9006342494714588
ONE_VS_ONE__1WEJE1__5E94__0__42	HIGH_VS_95LOW__1WEJE1__auto__0__42	3000	3000	0.6511666666666667	0.994	0.5896776745105794	0.7402258905299739
ONE_VS_ONE__1WEJE1__5E94__0__42	HIGH_VS_LOOSER__1WEJE1__auto__0__42	3000	3000	0.6693333333333333	0.994	0.6026677445432498	0.7503774534474082
ONE_VS_ONE__1WEJE1__1H0D__0__42	ONE_VS_ONE__1WEJE1__3VRL__0__42	3000	3000	0.7038333333333333	0.9953333333333333	0.6287639503053274	0.7706800877532584
ONE_VS_ONE__1WEJE1__1H0D__0__42	ONE_VS_ONE__1WEJE1__1NSN__0__42	3000	3000	0.8223333333333334	0.9953333333333333	0.7394749876176325	0.8485365160556976
ONE_VS_ONE__1WEJE1__1H0D__0__42	ONE_VS_ONE__1WEJE1__3RAJ__0__42	3000	3000	0.7638333333333334	0.9953333333333333	0.6803372066529961	0.8082284476925159
ONE_VS_ONE__1WEJE1__1H0D__0__42	ONE_VS_ONE__1WEJE1__5E94__0__42	3000	3000	0.9546666666666667	0.9953333333333333	0.9204685573366215	0.9564381806534273
ONE_VS_ONE__1WEJE1__1H0D__0__42	ONE_VS_ONE__1WEJE1__1H0D__0__42	3000	3000	0.9958333333333333	0.9953333333333333	0.9963296629963296	0.9958312489578122
ONE_VS_ONE__1WEJE1__1H0D__0__42	ONE_VS_ONE__1WEJE1__1ADQ__0__42	3000	3000	0.8886666666666667	0.9953333333333333	0.8203296703296703	0.8993975903614458
ONE_VS_ONE__1WEJE1__1H0D__0__42	ONE_VS_ONE__1WEJE1__1FBI__0__42	3000	3000	0.9046666666666666	0.9953333333333333	0.84255079006772	0.9125916870415648
ONE_VS_ONE__1WEJE1__1H0D__0__42	ONE_VS_ONE__1WEJE1__2YPV__0__42	3000	3000	0.9733333333333334	0.9953333333333333	0.9533844189016603	0.973907371167645
ONE_VS_ONE__1WEJE1__1H0D__0__42	ONE_VS_ONE__1WEJE1__1OB1__0__42	3000	3000	0.667	0.9953333333333333	0.600804828973843	0.7493099121706398
ONE_VS_ONE__1WEJE1__1H0D__0__42	ONE_VS_ONE__1WEJE1__1H0DE1__0__42	3000	3000	0.9958333333333333	0.9953333333333333	0.9963296629963296	0.9958312489578122
ONE_VS_ONE__1WEJE1__1H0D__0__42	ONE_VS_ONE__1WEJE1__1OB1E1__0__42	3000	3000	0.667	0.9953333333333333	0.600804828973843	0.7493099121706398
ONE_VS_ONE__1WEJE1__1H0D__0__42	ONE_VS_NINE__1WEJE1__auto__0__42	3000	3000	0.8548333333333333	0.9953333333333333	0.7769971376528754	0.8727166447464563
ONE_VS_ONE__1WEJE1__1H0D__0__42	HIGH_VS_95LOW__1WEJE1__auto__0__42	3000	3000	0.785	0.9953333333333333	0.700610042233693	0.8223629854034701
ONE_VS_ONE__1WEJE1__1H0D__0__42	HIGH_VS_LOOSER__1WEJE1__auto__0__42	3000	3000	0.6501666666666667	0.9953333333333333	0.5888384933938079	0.7399330937925908
ONE_VS_ONE__1WEJE1__1ADQ__0__42	ONE_VS_ONE__1WEJE1__3VRL__0__42	3000	3000	0.8945	0.9883333333333333	0.8321639068200954	0.9035502056986134
ONE_VS_ONE__1WEJE1__1ADQ__0__42	ONE_VS_ONE__1WEJE1__1NSN__0__42	3000	3000	0.92	0.9883333333333333	0.8695014662756598	0.9251170046801872
ONE_VS_ONE__1WEJE1__1ADQ__0__42	ONE_VS_ONE__1WEJE1__3RAJ__0__42	3000	3000	0.8711666666666666	0.9883333333333333	0.800702133405347	0.8846785021632105
ONE_VS_ONE__1WEJE1__1ADQ__0__42	ONE_VS_ONE__1WEJE1__5E94__0__42	3000	3000	0.9795	0.9883333333333333	0.9711758925646905	0.9796794977697009
ONE_VS_ONE__1WEJE1__1ADQ__0__42	ONE_VS_ONE__1WEJE1__1H0D__0__42	3000	3000	0.988	0.9883333333333333	0.9876748834110592	0.988003998667111
ONE_VS_ONE__1WEJE1__1ADQ__0__42	ONE_VS_ONE__1WEJE1__1ADQ__0__42	3000	3000	0.9836666666666667	0.9883333333333333	0.9791941875825627	0.9837425348374254
ONE_VS_ONE__1WEJE1__1ADQ__0__42	ONE_VS_ONE__1WEJE1__1FBI__0__42	3000	3000	0.9685	0.9883333333333333	0.9506252003847387	0.9691126000980553
ONE_VS_ONE__1WEJE1__1ADQ__0__42	ONE_VS_ONE__1WEJE1__2YPV__0__42	3000	3000	0.983	0.9883333333333333	0.9779023746701847	0.9830901856763925
ONE_VS_ONE__1WEJE1__1ADQ__0__42	ONE_VS_ONE__1WEJE1__1OB1__0__42	3000	3000	0.8673333333333333	0.9883333333333333	0.7957595276435856	0.8816532857567647
ONE_VS_ONE__1WEJE1__1ADQ__0__42	ONE_VS_ONE__1WEJE1__1H0DE1__0__42	3000	3000	0.988	0.9883333333333333	0.9876748834110592	0.988003998667111
ONE_VS_ONE__1WEJE1__1ADQ__0__42	ONE_VS_ONE__1WEJE1__1OB1E1__0__42	3000	3000	0.8673333333333333	0.9883333333333333	0.7957595276435856	0.8816532857567647
ONE_VS_ONE__1WEJE1__1ADQ__0__42	ONE_VS_NINE__1WEJE1__auto__0__42	3000	3000	0.9446666666666667	0.9883333333333333	0.9089515634580012	0.946981794953689
ONE_VS_ONE__1WEJE1__1ADQ__0__42	HIGH_VS_95LOW__1WEJE1__auto__0__42	3000	3000	0.8533333333333334	0.9883333333333333	0.7782152230971129	0.8707782672540383
ONE_VS_ONE__1WEJE1__1ADQ__0__42	HIGH_VS_LOOSER__1WEJE1__auto__0__42	3000	3000	0.6883333333333334	0.9883333333333333	0.6177083333333333	0.7602564102564102
ONE_VS_ONE__1WEJE1__1FBI__0__42	ONE_VS_ONE__1WEJE1__3VRL__0__42	3000	3000	0.5998333333333333	0.991	0.5560127174116327	0.7123517431412484
ONE_VS_ONE__1WEJE1__1FBI__0__42	ONE_VS_ONE__1WEJE1__1NSN__0__42	3000	3000	0.6226666666666667	0.991	0.5706333973128599	0.7242387332521316
ONE_VS_ONE__1WEJE1__1FBI__0__42	ONE_VS_ONE__1WEJE1__3RAJ__0__42	3000	3000	0.7318333333333333	0.991	0.6526893523600439	0.787028457974851
ONE_VS_ONE__1WEJE1__1FBI__0__42	ONE_VS_ONE__1WEJE1__5E94__0__42	3000	3000	0.912	0.991	0.8557858376511226	0.9184430027803522
ONE_VS_ONE__1WEJE1__1FBI__0__42	ONE_VS_ONE__1WEJE1__1H0D__0__42	3000	3000	0.9403333333333334	0.991	0.899818401937046	0.9432106598984772
ONE_VS_ONE__1WEJE1__1FBI__0__42	ONE_VS_ONE__1WEJE1__1ADQ__0__42	3000	3000	0.7716666666666666	0.991	0.6888322520852641	0.8127392017495899
ONE_VS_ONE__1WEJE1__1FBI__0__42	ONE_VS_ONE__1WEJE1__1FBI__0__42	3000	3000	0.9928333333333333	0.991	0.9946470391435263	0.992820170312239
ONE_VS_ONE__1WEJE1__1FBI__0__42	ONE_VS_ONE__1WEJE1__2YPV__0__42	3000	3000	0.9108333333333334	0.991	0.8540649238724505	0.9174510106465052
ONE_VS_ONE__1WEJE1__1FBI__0__42	ONE_VS_ONE__1WEJE1__1OB1__0__42	3000	3000	0.643	0.991	0.5843160377358491	0.7351632047477745
ONE_VS_ONE__1WEJE1__1FBI__0__42	ONE_VS_ONE__1WEJE1__1H0DE1__0__42	3000	3000	0.9403333333333334	0.991	0.899818401937046	0.9432106598984772
ONE_VS_ONE__1WEJE1__1FBI__0__42	ONE_VS_ONE__1WEJE1__1OB1E1__0__42	3000	3000	0.643	0.991	0.5843160377358491	0.7351632047477745
ONE_VS_ONE__1WEJE1__1FBI__0__42	ONE_VS_NINE__1WEJE1__auto__0__42	3000	3000	0.793	0.991	0.7098853868194842	0.8272120200333889
ONE_VS_ONE__1WEJE1__1FBI__0__42	HIGH_VS_95LOW__1WEJE1__auto__0__42	3000	3000	0.6186666666666667	0.991	0.5680168131448223	0.7221277629341754
ONE_VS_ONE__1WEJE1__1FBI__0__42	HIGH_VS_LOOSER__1WEJE1__auto__0__42	3000	3000	0.6203333333333333	0.991	0.569104134762634	0.7230058365758756
ONE_VS_ONE__1WEJE1__2YPV__0__42	ONE_VS_ONE__1WEJE1__3VRL__0__42	3000	3000	0.6905	0.9966666666666667	0.6181517469505892	0.7630470843434988
ONE_VS_ONE__1WEJE1__2YPV__0__42	ONE_VS_ONE__1WEJE1__1NSN__0__42	3000	3000	0.8756666666666667	0.9966666666666667	0.8024691358024691	0.8890871245911389
ONE_VS_ONE__1WEJE1__2YPV__0__42	ONE_VS_ONE__1WEJE1__3RAJ__0__42	3000	3000	0.7848333333333334	0.9966666666666667	0.7000702411613206	0.822445330766057
ONE_VS_ONE__1WEJE1__2YPV__0__42	ONE_VS_ONE__1WEJE1__5E94__0__42	3000	3000	0.9696666666666667	0.9966666666666667	0.9456040480708412	0.970464135021097
ONE_VS_ONE__1WEJE1__2YPV__0__42	ONE_VS_ONE__1WEJE1__1H0D__0__42	3000	3000	0.9916666666666667	0.9966666666666667	0.9867986798679867	0.9917081260364843
ONE_VS_ONE__1WEJE1__2YPV__0__42	ONE_VS_ONE__1WEJE1__1ADQ__0__42	3000	3000	0.9083333333333333	0.9966666666666667	0.8470254957507082	0.9157733537519142
ONE_VS_ONE__1WEJE1__2YPV__0__42	ONE_VS_ONE__1WEJE1__1FBI__0__42	3000	3000	0.8811666666666667	0.9966666666666667	0.8096398591930679	0.8934707903780068
ONE_VS_ONE__1WEJE1__2YPV__0__42	ONE_VS_ONE__1WEJE1__2YPV__0__42	3000	3000	0.9963333333333333	0.9966666666666667	0.9960026648900733	0.9963345551482838
ONE_VS_ONE__1WEJE1__2YPV__0__42	ONE_VS_ONE__1WEJE1__1OB1__0__42	3000	3000	0.7741666666666667	0.9966666666666667	0.6897347174163783	0.8152692569870484
ONE_VS_ONE__1WEJE1__2YPV__0__42	ONE_VS_ONE__1WEJE1__1H0DE1__0__42	3000	3000	0.9916666666666667	0.9966666666666667	0.9867986798679867	0.9917081260364843
ONE_VS_ONE__1WEJE1__2YPV__0__42	ONE_VS_ONE__1WEJE1__1OB1E1__0__42	3000	3000	0.7741666666666667	0.9966666666666667	0.6897347174163783	0.8152692569870484
ONE_VS_ONE__1WEJE1__2YPV__0__42	ONE_VS_NINE__1WEJE1__auto__0__42	3000	3000	0.8738333333333334	0.9966666666666667	0.8001070377308	0.8876354460442333
ONE_VS_ONE__1WEJE1__2YPV__0__42	HIGH_VS_95LOW__1WEJE1__auto__0__42	3000	3000	0.8751666666666666	0.9966666666666667	0.801823545186377	0.8886907415663546
ONE_VS_ONE__1WEJE1__2YPV__0__42	HIGH_VS_LOOSER__1WEJE1__auto__0__42	3000	3000	0.6736666666666666	0.9966666666666667	0.6055083029566626	0.7533383723859913
ONE_VS_ONE__1WEJE1__1OB1__0__42	ONE_VS_ONE__1WEJE1__3VRL__0__42	3000	3000	0.7705	0.9866666666666667	0.6888526879218059	0.8112923119090036
ONE_VS_ONE__1WEJE1__1OB1__0__42	ONE_VS_ONE__1WEJE1__1NSN__0__42	3000	3000	0.9438333333333333	0.9866666666666667	0.908811789990789	0.946140322838421
ONE_VS_ONE__1WEJE1__1OB1__0__42	ONE_VS_ONE__1WEJE1__3RAJ__0__42	3000	3000	0.8085	0.9866666666666667	0.7274514622757434	0.8374593294666856
ONE_VS_ONE__1WEJE1__1OB1__0__42	ONE_VS_ONE__1WEJE1__5E94__0__42	3000	3000	0.9646666666666667	0.9866666666666667	0.9450830140485313	0.9654272667971299
ONE_VS_ONE__1WEJE1__1OB1__0__42	ONE_VS_ONE__1WEJE1__1H0D__0__42	3000	3000	0.957	0.9866666666666667	0.9314033983637507	0.9582389122693428
ONE_VS_ONE__1WEJE1__1OB1__0__42	ONE_VS_ONE__1WEJE1__1ADQ__0__42	3000	3000	0.8613333333333333	0.9866666666666667	0.7889125799573561	0.8767772511848342
ONE_VS_ONE__1WEJE1__1OB1__0__42	ONE_VS_ONE__1WEJE1__1FBI__0__42	3000	3000	0.868	0.9866666666666667	0.7974137931034483	0.8820023837902264
ONE_VS_ONE__1WEJE1__1OB1__0__42	ONE_VS_ONE__1WEJE1__2YPV__0__42	3000	3000	0.93	0.9866666666666667	0.8862275449101796	0.9337539432176656
ONE_VS_ONE__1WEJE1__1OB1__0__42	ONE_VS_ONE__1WEJE1__1OB1__0__42	3000	3000	0.9861666666666666	0.9866666666666667	0.9856809856809857	0.9861735798767283
ONE_VS_ONE__1WEJE1__1OB1__0__42	ONE_VS_ONE__1WEJE1__1H0DE1__0__42	3000	3000	0.957	0.9866666666666667	0.9314033983637507	0.9582389122693428
ONE_VS_ONE__1WEJE1__1OB1__0__42	ONE_VS_ONE__1WEJE1__1OB1E1__0__42	3000	3000	0.9861666666666666	0.9866666666666667	0.9856809856809857	0.9861735798767283
ONE_VS_ONE__1WEJE1__1OB1__0__42	ONE_VS_NINE__1WEJE1__auto__0__42	3000	3000	0.9038333333333334	0.9866666666666667	0.8464398055476122	0.9111897798984147
ONE_VS_ONE__1WEJE1__1OB1__0__42	HIGH_VS_95LOW__1WEJE1__auto__0__42	3000	3000	0.8195	0.9866666666666667	0.7394454159380465	0.8453519920034271
ONE_VS_ONE__1WEJE1__1OB1__0__42	HIGH_VS_LOOSER__1WEJE1__auto__0__42	3000	3000	0.6785	0.9866666666666667	0.6104351412662404	0.7542362084341955
ONE_VS_ONE__1WEJE1__1H0DE1__0__42	ONE_VS_ONE__1WEJE1__3VRL__0__42	3000	3000	0.7036666666666667	0.9973333333333333	0.6283074338513229	0.7709353259469208
ONE_VS_ONE__1WEJE1__1H0DE1__0__42	ONE_VS_ONE__1WEJE1__1NSN__0__42	3000	3000	0.825	0.9973333333333333	0.7416955875061974	0.8507250497583168
ONE_VS_ONE__1WEJE1__1H0DE1__0__42	ONE_VS_ONE__1WEJE1__3RAJ__0__42	3000	3000	0.6941666666666667	0.9973333333333333	0.6208757003527703	0.765315257705589
ONE_VS_ONE__1WEJE1__1H0DE1__0__42	ONE_VS_ONE__1WEJE1__5E94__0__42	3000	3000	0.9298333333333333	0.9973333333333333	0.8787077826725403	0.9342701014832162
ONE_VS_ONE__1WEJE1__1H0DE1__0__42	ONE_VS_ONE__1WEJE1__1H0D__0__42	3000	3000	0.9778333333333333	0.9973333333333333	0.9598973371831889	0.9782573156776196
ONE_VS_ONE__1WEJE1__1H0DE1__0__42	ONE_VS_ONE__1WEJE1__1ADQ__0__42	3000	3000	0.8161666666666667	0.9973333333333333	0.7320773183264008	0.8443629180189077
ONE_VS_ONE__1WEJE1__1H0DE1__0__42	ONE_VS_ONE__1WEJE1__1FBI__0__42	3000	3000	0.7526666666666667	0.9973333333333333	0.6696508504923904	0.8012854847348687
ONE_VS_ONE__1WEJE1__1H0DE1__0__42	ONE_VS_ONE__1WEJE1__2YPV__0__42	3000	3000	0.9413333333333334	0.9973333333333333	0.8968824940047961	0.9444444444444444
ONE_VS_ONE__1WEJE1__1H0DE1__0__42	ONE_VS_ONE__1WEJE1__1OB1__0__42	3000	3000	0.6266666666666667	0.9973333333333333	0.5727411944869831	0.7276264591439688
ONE_VS_ONE__1WEJE1__1H0DE1__0__42	ONE_VS_ONE__1WEJE1__1H0DE1__0__42	3000	3000	0.9778333333333333	0.9973333333333333	0.9598973371831889	0.9782573156776196
ONE_VS_ONE__1WEJE1__1H0DE1__0__42	ONE_VS_ONE__1WEJE1__1OB1E1__0__42	3000	3000	0.6266666666666667	0.9973333333333333	0.5727411944869831	0.7276264591439688
ONE_VS_ONE__1WEJE1__1H0DE1__0__42	ONE_VS_NINE__1WEJE1__auto__0__42	3000	3000	0.8086666666666666	0.9973333333333333	0.7241045498547919	0.839035333707235
ONE_VS_ONE__1WEJE1__1H0DE1__0__42	HIGH_VS_95LOW__1WEJE1__auto__0__42	3000	3000	0.7483333333333333	0.9973333333333333	0.6657765910102359	0.7985054710435016
ONE_VS_ONE__1WEJE1__1H0DE1__0__42	HIGH_VS_LOOSER__1WEJE1__auto__0__42	3000	3000	0.632	0.9973333333333333	0.576271186440678	0.73046875
ONE_VS_ONE__1WEJE1__1OB1E1__0__42	ONE_VS_ONE__1WEJE1__3VRL__0__42	3000	3000	0.5658333333333333	0.9906666666666667	0.5355919985582988	0.6952859983623815
ONE_VS_ONE__1WEJE1__1OB1E1__0__42	ONE_VS_ONE__1WEJE1__1NSN__0__42	3000	3000	0.6231666666666666	0.9906666666666667	0.5709894332372718	0.7244363193174893
ONE_VS_ONE__1WEJE1__1OB1E1__0__42	ONE_VS_ONE__1WEJE1__3RAJ__0__42	3000	3000	0.7238333333333333	0.9906666666666667	0.6459465333623126	0.7820023681094593
ONE_VS_ONE__1WEJE1__1OB1E1__0__42	ONE_VS_ONE__1WEJE1__5E94__0__42	3000	3000	0.8948333333333334	0.9906666666666667	0.8313286713286713	0.9040304182509507
ONE_VS_ONE__1WEJE1__1OB1E1__0__42	ONE_VS_ONE__1WEJE1__1H0D__0__42	3000	3000	0.7235	0.9906666666666667	0.6456658700847273	0.7817966592134684
ONE_VS_ONE__1WEJE1__1OB1E1__0__42	ONE_VS_ONE__1WEJE1__1ADQ__0__42	3000	3000	0.7418333333333333	0.9906666666666667	0.6614734030714444	0.7932737221406647
ONE_VS_ONE__1WEJE1__1OB1E1__0__42	ONE_VS_ONE__1WEJE1__1FBI__0__42	3000	3000	0.8048333333333333	0.9906666666666667	0.722235722964763	0.8354181307097681
ONE_VS_ONE__1WEJE1__1OB1E1__0__42	ONE_VS_ONE__1WEJE1__2YPV__0__42	3000	3000	0.732	0.9906666666666667	0.6528998242530756	0.7870762711864406
ONE_VS_ONE__1WEJE1__1OB1E1__0__42	ONE_VS_ONE__1WEJE1__1OB1__0__42	3000	3000	0.8718333333333333	0.9906666666666667	0.8004309183948289	0.8854461492626247
ONE_VS_ONE__1WEJE1__1OB1E1__0__42	ONE_VS_ONE__1WEJE1__1H0DE1__0__42	3000	3000	0.7235	0.9906666666666667	0.6456658700847273	0.7817966592134684
ONE_VS_ONE__1WEJE1__1OB1E1__0__42	ONE_VS_ONE__1WEJE1__1OB1E1__0__42	3000	3000	0.8718333333333333	0.9906666666666667	0.8004309183948289	0.8854461492626247
ONE_VS_ONE__1WEJE1__1OB1E1__0__42	ONE_VS_NINE__1WEJE1__auto__0__42	3000	3000	0.7411666666666666	0.9906666666666667	0.6608850344674227	0.7928504735227424
ONE_VS_ONE__1WEJE1__1OB1E1__0__42	HIGH_VS_95LOW__1WEJE1__auto__0__42	3000	3000	0.5803333333333334	0.9906666666666667	0.5441230318564628	0.7024344126683999
ONE_VS_ONE__1WEJE1__1OB1E1__0__42	HIGH_VS_LOOSER__1WEJE1__auto__0__42	3000	3000	0.6236666666666667	0.9906666666666667	0.5713187235678585	0.7247012923677153
ONE_VS_NINE__1H0DE1__auto__0__42	ONE_VS_ONE__1H0DE1__3VRL__0__42	3000	3000	0.9723333333333334	0.967	0.9774258760107817	0.9721849865951743
ONE_VS_NINE__1H0DE1__auto__0__42	ONE_VS_ONE__1H0DE1__1NSN__0__42	3000	3000	0.9708333333333333	0.967	0.9744709439032583	0.9707210975405722
ONE_VS_NINE__1H0DE1__auto__0__42	ONE_VS_ONE__1H0DE1__3RAJ__0__42	3000	3000	0.963	0.967	0.9593253968253969	0.9631474103585658
ONE_VS_NINE__1H0DE1__auto__0__42	ONE_VS_ONE__1H0DE1__5E94__0__42	3000	3000	0.9371666666666667	0.967	0.9125511167033659	0.9389868910826994
ONE_VS_NINE__1H0DE1__auto__0__42	ONE_VS_ONE__1H0DE1__1WEJ__0__42	3000	3000	0.9761666666666666	0.967	0.9850594227504245	0.975946173254836
ONE_VS_NINE__1H0DE1__auto__0__42	ONE_VS_ONE__1H0DE1__1ADQ__0__42	3000	3000	0.9681666666666666	0.967	0.9692616104243235	0.9681294843984648
ONE_VS_NINE__1H0DE1__auto__0__42	ONE_VS_ONE__1H0DE1__1FBI__0__42	3000	3000	0.9806666666666667	0.967	0.9941740918437286	0.9803987833727611
ONE_VS_NINE__1H0DE1__auto__0__42	ONE_VS_ONE__1H0DE1__2YPV__0__42	3000	3000	0.9413333333333334	0.967	0.9197844007609385	0.9428014299642509
ONE_VS_NINE__1H0DE1__auto__0__42	ONE_VS_ONE__1H0DE1__1OB1__0__42	3000	3000	0.9823333333333333	0.967	0.9975928473177441	0.9820582261340555
ONE_VS_NINE__1H0DE1__auto__0__42	ONE_VS_ONE__1H0DE1__1OB1E1__0__42	3000	3000	0.9823333333333333	0.967	0.9975928473177441	0.9820582261340555
ONE_VS_NINE__1H0DE1__auto__0__42	ONE_VS_ONE__1H0DE1__1WEJE1__0__42	3000	3000	0.9761666666666666	0.967	0.9850594227504245	0.975946173254836
ONE_VS_NINE__1H0DE1__auto__0__42	ONE_VS_NINE__1H0DE1__auto__0__42	3000	3000	0.9666666666666667	0.967	0.9663557628247835	0.9666777740753082
ONE_VS_NINE__1H0DE1__auto__0__42	HIGH_VS_95LOW__1H0DE1__auto__0__42	3000	3000	0.9085	0.967	0.8657117278424351	0.913556920170052
ONE_VS_NINE__1H0DE1__auto__0__42	HIGH_VS_LOOSER__1H0DE1__auto__0__42	3000	3000	0.7361666666666666	0.967	0.6615735461801596	0.7856465809072444
ONE_VS_NINE__1OB1E1__auto__0__42	ONE_VS_ONE__1OB1E1__3VRL__0__42	3000	3000	0.9751666666666666	0.9606666666666667	0.9893580501201511	0.9748012853035684
ONE_VS_NINE__1OB1E1__auto__0__42	ONE_VS_ONE__1OB1E1__1NSN__0__42	3000	3000	0.9768333333333333	0.9606666666666667	0.9927661040303135	0.976452651194308
ONE_VS_NINE__1OB1E1__auto__0__42	ONE_VS_ONE__1OB1E1__3RAJ__0__42	3000	3000	0.9616666666666667	0.9606666666666667	0.9625918503674015	0.9616282949616283
ONE_VS_NINE__1OB1E1__auto__0__42	ONE_VS_ONE__1OB1E1__5E94__0__42	3000	3000	0.949	0.9606666666666667	0.9387622149837134	0.9495881383855024
ONE_VS_NINE__1OB1E1__auto__0__42	ONE_VS_ONE__1OB1E1__1H0D__0__42	3000	3000	0.9795	0.9606666666666667	0.9982680983720125	0.9791065058603702
ONE_VS_NINE__1OB1E1__auto__0__42	ONE_VS_ONE__1OB1E1__1WEJ__0__42	3000	3000	0.9688333333333333	0.9606666666666667	0.9766180955608268	0.9685767097966728
ONE_VS_NINE__1OB1E1__auto__0__42	ONE_VS_ONE__1OB1E1__1ADQ__0__42	3000	3000	0.9701666666666666	0.9606666666666667	0.9792728508324838	0.9698805317179875
ONE_VS_NINE__1OB1E1__auto__0__42	ONE_VS_ONE__1OB1E1__1FBI__0__42	3000	3000	0.9696666666666667	0.9606666666666667	0.978275627970129	0.9693911873528421
ONE_VS_NINE__1OB1E1__auto__0__42	ONE_VS_ONE__1OB1E1__2YPV__0__42	3000	3000	0.9763333333333334	0.9606666666666667	0.9917412250516173	0.9759566542499153
ONE_VS_NINE__1OB1E1__auto__0__42	ONE_VS_ONE__1OB1E1__1H0DE1__0__42	3000	3000	0.9795	0.9606666666666667	0.9982680983720125	0.9791065058603702
ONE_VS_NINE__1OB1E1__auto__0__42	ONE_VS_ONE__1OB1E1__1WEJE1__0__42	3000	3000	0.9688333333333333	0.9606666666666667	0.9766180955608268	0.9685767097966728
ONE_VS_NINE__1OB1E1__auto__0__42	ONE_VS_NINE__1OB1E1__auto__0__42	3000	3000	0.9701666666666666	0.9606666666666667	0.9792728508324838	0.9698805317179875
ONE_VS_NINE__1OB1E1__auto__0__42	HIGH_VS_95LOW__1OB1E1__auto__0__42	3000	3000	0.9751666666666666	0.9606666666666667	0.9893580501201511	0.9748012853035684
ONE_VS_NINE__1OB1E1__auto__0__42	HIGH_VS_LOOSER__1OB1E1__auto__0__42	3000	3000	0.8298333333333333	0.9606666666666667	0.7614266842800529	0.849521002210759
ONE_VS_NINE__1WEJE1__auto__0__42	ONE_VS_ONE__1WEJE1__3VRL__0__42	3000	3000	0.9541666666666667	0.984	0.9285938974520289	0.9554944165722609
ONE_VS_NINE__1WEJE1__auto__0__42	ONE_VS_ONE__1WEJE1__1NSN__0__42	3000	3000	0.973	0.984	0.9628180039138943	0.973293768545994
ONE_VS_NINE__1WEJE1__auto__0__42	ONE_VS_ONE__1WEJE1__3RAJ__0__42	3000	3000	0.94	0.984	0.9044117647058824	0.942528735632184
ONE_VS_NINE__1WEJE1__auto__0__42	ONE_VS_ONE__1WEJE1__5E94__0__42	3000	3000	0.9873333333333333	0.984	0.9906040268456375	0.9872909698996656
ONE_VS_NINE__1WEJE1__auto__0__42	ONE_VS_ONE__1WEJE1__1H0D__0__42	3000	3000	0.9891666666666666	0.984	0.9942741663859885	0.9891104037527224
ONE_VS_NINE__1WEJE1__auto__0__42	ONE_VS_ONE__1WEJE1__1ADQ__0__42	3000	3000	0.9723333333333334	0.984	0.9615635179153095	0.972652388797364
ONE_VS_NINE__1WEJE1__auto__0__42	ONE_VS_ONE__1WEJE1__1FBI__0__42	3000	3000	0.9731666666666666	0.984	0.9631321370309951	0.9734542456718879
ONE_VS_NINE__1WEJE1__auto__0__42	ONE_VS_ONE__1WEJE1__2YPV__0__42	3000	3000	0.9876666666666667	0.984	0.9912693082605776	0.9876212780194045
ONE_VS_NINE__1WEJE1__auto__0__42	ONE_VS_ONE__1WEJE1__1OB1__0__42	3000	3000	0.9555	0.984	0.9309366130558183	0.9567331064657267
ONE_VS_NINE__1WEJE1__auto__0__42	ONE_VS_ONE__1WEJE1__1H0DE1__0__42	3000	3000	0.9891666666666666	0.984	0.9942741663859885	0.9891104037527224
ONE_VS_NINE__1WEJE1__auto__0__42	ONE_VS_ONE__1WEJE1__1OB1E1__0__42	3000	3000	0.9555	0.984	0.9309366130558183	0.9567331064657267
ONE_VS_NINE__1WEJE1__auto__0__42	ONE_VS_NINE__1WEJE1__auto__0__42	3000	3000	0.9726666666666667	0.984	0.9621903520208605	0.9729729729729729
ONE_VS_NINE__1WEJE1__auto__0__42	HIGH_VS_95LOW__1WEJE1__auto__0__42	3000	3000	0.8906666666666667	0.984	0.8292134831460675	0.9000000000000001
ONE_VS_NINE__1WEJE1__auto__0__42	HIGH_VS_LOOSER__1WEJE1__auto__0__42	3000	3000	0.7171666666666666	0.984	0.641599652249511	0.7767399026443889
HIGH_VS_95LOW__1H0DE1__auto__0__42	ONE_VS_ONE__1H0DE1__3VRL__0__42	3000	3000	0.5428333333333333	0.9993333333333333	0.5223906603937968	0.686119693328756
HIGH_VS_95LOW__1H0DE1__auto__0__42	ONE_VS_ONE__1H0DE1__1NSN__0__42	3000	3000	0.9113333333333333	0.9993333333333333	0.8497732426303855	0.9185049019607843
HIGH_VS_95LOW__1H0DE1__auto__0__42	ONE_VS_ONE__1H0DE1__3RAJ__0__42	3000	3000	0.5446666666666666	0.9993333333333333	0.5233938547486033	0.6869844179651695
HIGH_VS_95LOW__1H0DE1__auto__0__42	ONE_VS_ONE__1H0DE1__5E94__0__42	3000	3000	0.5001666666666666	0.9993333333333333	0.5000834028356964	0.6665925514174541
HIGH_VS_95LOW__1H0DE1__auto__0__42	ONE_VS_ONE__1H0DE1__1WEJ__0__42	3000	3000	0.7578333333333334	0.9993333333333333	0.673859294223421	0.8049402604376426
HIGH_VS_95LOW__1H0DE1__auto__0__42	ONE_VS_ONE__1H0DE1__1ADQ__0__42	3000	3000	0.67	0.9993333333333333	0.602491961414791	0.7517552657973922
HIGH_VS_95LOW__1H0DE1__auto__0__42	ONE_VS_ONE__1H0DE1__1FBI__0__42	3000	3000	0.5338333333333334	0.9993333333333333	0.5175211462109442	0.6819060616399408
HIGH_VS_95LOW__1H0DE1__auto__0__42	ONE_VS_ONE__1H0DE1__2YPV__0__42	3000	3000	0.6365	0.9993333333333333	0.579099864786556	0.7332762626880274
HIGH_VS_95LOW__1H0DE1__auto__0__42	ONE_VS_ONE__1H0DE1__1OB1__0__42	3000	3000	0.6765	0.9993333333333333	0.607251367227061	0.7554491621519465
HIGH_VS_95LOW__1H0DE1__auto__0__42	ONE_VS_ONE__1H0DE1__1OB1E1__0__42	3000	3000	0.6765	0.9993333333333333	0.607251367227061	0.7554491621519465
HIGH_VS_95LOW__1H0DE1__auto__0__42	ONE_VS_ONE__1H0DE1__1WEJE1__0__42	3000	3000	0.7578333333333334	0.9993333333333333	0.673859294223421	0.8049402604376426
HIGH_VS_95LOW__1H0DE1__auto__0__42	ONE_VS_NINE__1H0DE1__auto__0__42	3000	3000	0.6448333333333334	0.9993333333333333	0.5847474156426761	0.7377876215085517
HIGH_VS_95LOW__1H0DE1__auto__0__42	HIGH_VS_95LOW__1H0DE1__auto__0__42	3000	3000	0.9798333333333333	0.9993333333333333	0.9618222649983958	0.9802190616315186
HIGH_VS_95LOW__1H0DE1__auto__0__42	HIGH_VS_LOOSER__1H0DE1__auto__0__42	3000	3000	0.8381666666666666	0.9993333333333333	0.7557348122006554	0.8606286780536816
HIGH_VS_LOOSER__1H0DE1__auto__0__42	ONE_VS_ONE__1H0DE1__3VRL__0__42	3000	3000	0.7341666666666666	0.9676666666666667	0.6596228129970462	0.7844885826239697
HIGH_VS_LOOSER__1H0DE1__auto__0__42	ONE_VS_ONE__1H0DE1__1NSN__0__42	3000	3000	0.927	0.9676666666666667	0.8948828606658447	0.9298526585522101
HIGH_VS_LOOSER__1H0DE1__auto__0__42	ONE_VS_ONE__1H0DE1__3RAJ__0__42	3000	3000	0.7055	0.9676666666666667	0.6348130330198994	0.7666710682688499
HIGH_VS_LOOSER__1H0DE1__auto__0__42	ONE_VS_ONE__1H0DE1__5E94__0__42	3000	3000	0.588	0.9676666666666667	0.5500189465706707	0.7013771442377386
HIGH_VS_LOOSER__1H0DE1__auto__0__42	ONE_VS_ONE__1H0DE1__1WEJ__0__42	3000	3000	0.9198333333333333	0.9676666666666667	0.8831761484636447	0.9234929219023382
HIGH_VS_LOOSER__1H0DE1__auto__0__42	ONE_VS_ONE__1H0DE1__1ADQ__0__42	3000	3000	0.871	0.9676666666666667	0.8108938547486033	0.882370820668693
HIGH_VS_LOOSER__1H0DE1__auto__0__42	ONE_VS_ONE__1H0DE1__1FBI__0__42	3000	3000	0.8603333333333333	0.9676666666666667	0.7966520307354555	0.8738711619506323
HIGH_VS_LOOSER__1H0DE1__auto__0__42	ONE_VS_ONE__1H0DE1__2YPV__0__42	3000	3000	0.9091666666666667	0.9676666666666667	0.8663085646075799	0.9141867422453157
HIGH_VS_LOOSER__1H0DE1__auto__0__42	ONE_VS_ONE__1H0DE1__1OB1__0__42	3000	3000	0.9051666666666667	0.9676666666666667	0.8601481481481481	0.9107450980392157
HIGH_VS_LOOSER__1H0DE1__auto__0__42	ONE_VS_ONE__1H0DE1__1OB1E1__0__42	3000	3000	0.9051666666666667	0.9676666666666667	0.8601481481481481	0.9107450980392157
HIGH_VS_LOOSER__1H0DE1__auto__0__42	ONE_VS_ONE__1H0DE1__1WEJE1__0__42	3000	3000	0.9198333333333333	0.9676666666666667	0.8831761484636447	0.9234929219023382
HIGH_VS_LOOSER__1H0DE1__auto__0__42	ONE_VS_NINE__1H0DE1__auto__0__42	3000	3000	0.8178333333333333	0.9676666666666667	0.7445498845857912	0.8415712422090157
HIGH_VS_LOOSER__1H0DE1__auto__0__42	HIGH_VS_95LOW__1H0DE1__auto__0__42	3000	3000	0.9781666666666666	0.9676666666666667	0.9884235614572693	0.9779349839986525
HIGH_VS_LOOSER__1H0DE1__auto__0__42	HIGH_VS_LOOSER__1H0DE1__auto__0__42	3000	3000	0.9555	0.9676666666666667	0.9446794663195575	0.9560349086118887
HIGH_VS_95LOW__1OB1E1__auto__0__42	ONE_VS_ONE__1OB1E1__3VRL__0__42	3000	3000	0.7091666666666666	1.0	0.6322444678609063	0.7746933505487411
HIGH_VS_95LOW__1OB1E1__auto__0__42	ONE_VS_ONE__1OB1E1__1NSN__0__42	3000	3000	0.9695	1.0	0.942507068803016	0.970402717127608
HIGH_VS_95LOW__1OB1E1__auto__0__42	ONE_VS_ONE__1OB1E1__3RAJ__0__42	3000	3000	0.6955	1.0	0.6215040397762586	0.7665772326561902
HIGH_VS_95LOW__1OB1E1__auto__0__42	ONE_VS_ONE__1OB1E1__5E94__0__42	3000	3000	0.6201666666666666	1.0	0.5682894487592347	0.7247252083584974
HIGH_VS_95LOW__1OB1E1__auto__0__42	ONE_VS_ONE__1OB1E1__1H0D__0__42	3000	3000	0.9736666666666667	1.0	0.9499683343888538	0.9743423189347191
HIGH_VS_95LOW__1OB1E1__auto__0__42	ONE_VS_ONE__1OB1E1__1WEJ__0__42	3000	3000	0.8085	1.0	0.7230657989877078	0.839278220730172
HIGH_VS_95LOW__1OB1E1__auto__0__42	ONE_VS_ONE__1OB1E1__1ADQ__0__42	3000	3000	0.876	1.0	0.8012820512820513	0.8896797153024911
HIGH_VS_95LOW__1OB1E1__auto__0__42	ONE_VS_ONE__1OB1E1__1FBI__0__42	3000	3000	0.7963333333333333	1.0	0.7105637138796779	0.8307947936859595
HIGH_VS_95LOW__1OB1E1__auto__0__42	ONE_VS_ONE__1OB1E1__2YPV__0__42	3000	3000	0.9505	1.0	0.9099181073703366	0.9528346831824678
HIGH_VS_95LOW__1OB1E1__auto__0__42	ONE_VS_ONE__1OB1E1__1H0DE1__0__42	3000	3000	0.9736666666666667	1.0	0.9499683343888538	0.9743423189347191
HIGH_VS_95LOW__1OB1E1__auto__0__42	ONE_VS_ONE__1OB1E1__1WEJE1__0__42	3000	3000	0.8085	1.0	0.7230657989877078	0.839278220730172
HIGH_VS_95LOW__1OB1E1__auto__0__42	ONE_VS_NINE__1OB1E1__auto__0__42	3000	3000	0.8191666666666667	1.0	0.7343941248470012	0.8468595624558927
HIGH_VS_95LOW__1OB1E1__auto__0__42	HIGH_VS_95LOW__1OB1E1__auto__0__42	3000	3000	0.9906666666666667	1.0	0.981675392670157	0.9907529722589168
HIGH_VS_95LOW__1OB1E1__auto__0__42	HIGH_VS_LOOSER__1OB1E1__auto__0__42	3000	3000	0.7665	1.0	0.6816632583503749	0.8107012565869477
HIGH_VS_LOOSER__1OB1E1__auto__0__42	ONE_VS_ONE__1OB1E1__3VRL__0__42	3000	3000	0.9251666666666667	0.9023333333333333	0.9455117010129235	0.9234180453692648
HIGH_VS_LOOSER__1OB1E1__auto__0__42	ONE_VS_ONE__1OB1E1__1NSN__0__42	3000	3000	0.9445	0.9023333333333333	0.9854386603567529	0.9420567252479556
HIGH_VS_LOOSER__1OB1E1__auto__0__42	ONE_VS_ONE__1OB1E1__3RAJ__0__42	3000	3000	0.9056666666666666	0.9023333333333333	0.9083892617449665	0.905351170568562
HIGH_VS_LOOSER__1OB1E1__auto__0__42	ONE_VS_ONE__1OB1E1__5E94__0__42	3000	3000	0.9005	0.9023333333333333	0.8990368648289605	0.9006820828481118
HIGH_VS_LOOSER__1OB1E1__auto__0__42	ONE_VS_ONE__1OB1E1__1H0D__0__42	3000	3000	0.9508333333333333	0.9023333333333333	0.9992617201919527	0.9483272026624627
HIGH_VS_LOOSER__1OB1E1__auto__0__42	ONE_VS_ONE__1OB1E1__1WEJ__0__42	3000	3000	0.932	0.9023333333333333	0.9592487597448618	0.9299209893507385
HIGH_VS_LOOSER__1OB1E1__auto__0__42	ONE_VS_ONE__1OB1E1__1ADQ__0__42	3000	3000	0.9353333333333333	0.9023333333333333	0.9660956459671663	0.933126508100655
HIGH_VS_LOOSER__1OB1E1__auto__0__42	ONE_VS_ONE__1OB1E1__1FBI__0__42	3000	3000	0.9348333333333333	0.9023333333333333	0.9650623885918004	0.9326442721791559
HIGH_VS_LOOSER__1OB1E1__auto__0__42	ONE_VS_ONE__1OB1E1__2YPV__0__42	3000	3000	0.9493333333333334	0.9023333333333333	0.9959529065489331	0.9468345575376006
HIGH_VS_LOOSER__1OB1E1__auto__0__42	ONE_VS_ONE__1OB1E1__1H0DE1__0__42	3000	3000	0.9508333333333333	0.9023333333333333	0.9992617201919527	0.9483272026624627
HIGH_VS_LOOSER__1OB1E1__auto__0__42	ONE_VS_ONE__1OB1E1__1WEJE1__0__42	3000	3000	0.932	0.9023333333333333	0.9592487597448618	0.9299209893507385
HIGH_VS_LOOSER__1OB1E1__auto__0__42	ONE_VS_NINE__1OB1E1__auto__0__42	3000	3000	0.9266666666666666	0.9023333333333333	0.9484933426769446	0.924837717799795
HIGH_VS_LOOSER__1OB1E1__auto__0__42	HIGH_VS_95LOW__1OB1E1__auto__0__42	3000	3000	0.9506666666666667	0.9023333333333333	0.9988929889298893	0.9481611208406305
HIGH_VS_LOOSER__1OB1E1__auto__0__42	HIGH_VS_LOOSER__1OB1E1__auto__0__42	3000	3000	0.9238333333333333	0.9023333333333333	0.9428770463253222	0.9221597683529211
HIGH_VS_95LOW__1WEJE1__auto__0__42	ONE_VS_ONE__1WEJE1__3VRL__0__42	3000	3000	0.5698333333333333	1.0	0.5375380756136893	0.6992192052208368
HIGH_VS_95LOW__1WEJE1__auto__0__42	ONE_VS_ONE__1WEJE1__1NSN__0__42	3000	3000	0.9236666666666666	1.0	0.8675534991324465	0.9290802105915144
HIGH_VS_95LOW__1WEJE1__auto__0__42	ONE_VS_ONE__1WEJE1__3RAJ__0__42	3000	3000	0.5713333333333334	1.0	0.5384063173007897	0.6999533364442371
HIGH_VS_95LOW__1WEJE1__auto__0__42	ONE_VS_ONE__1WEJE1__5E94__0__42	3000	3000	0.6171666666666666	1.0	0.5663583160279403	0.7231529468482583
HIGH_VS_95LOW__1WEJE1__auto__0__42	ONE_VS_ONE__1WEJE1__1H0D__0__42	3000	3000	0.9028333333333334	1.0	0.8372871895060006	0.9114385538508278
HIGH_VS_95LOW__1WEJE1__auto__0__42	ONE_VS_ONE__1WEJE1__1ADQ__0__42	3000	3000	0.78	1.0	0.6944444444444444	0.819672131147541
HIGH_VS_95LOW__1WEJE1__auto__0__42	ONE_VS_ONE__1WEJE1__1FBI__0__42	3000	3000	0.7118333333333333	1.0	0.6343835906111228	0.7762970630094449
HIGH_VS_95LOW__1WEJE1__auto__0__42	ONE_VS_ONE__1WEJE1__2YPV__0__42	3000	3000	0.8766666666666667	1.0	0.8021390374331551	0.8902077151335311
HIGH_VS_95LOW__1WEJE1__auto__0__42	ONE_VS_ONE__1WEJE1__1OB1__0__42	3000	3000	0.674	1.0	0.6053268765133172	0.7541478129713424
HIGH_VS_95LOW__1WEJE1__auto__0__42	ONE_VS_ONE__1WEJE1__1H0DE1__0__42	3000	3000	0.9028333333333334	1.0	0.8372871895060006	0.9114385538508278
HIGH_VS_95LOW__1WEJE1__auto__0__42	ONE_VS_ONE__1WEJE1__1OB1E1__0__42	3000	3000	0.674	1.0	0.6053268765133172	0.7541478129713424
HIGH_VS_95LOW__1WEJE1__auto__0__42	ONE_VS_NINE__1WEJE1__auto__0__42	3000	3000	0.737	1.0	0.6553079947575361	0.7917656373713382
HIGH_VS_95LOW__1WEJE1__auto__0__42	HIGH_VS_95LOW__1WEJE1__auto__0__42	3000	3000	0.9846666666666667	1.0	0.9702457956015524	0.9848982271831911
HIGH_VS_95LOW__1WEJE1__auto__0__42	HIGH_VS_LOOSER__1WEJE1__auto__0__42	3000	3000	0.7365	1.0	0.6548788474132285	0.7914523149980214
HIGH_VS_LOOSER__1WEJE1__auto__0__42	ONE_VS_ONE__1WEJE1__3VRL__0__42	3000	3000	0.7596666666666667	0.994	0.6768043576940536	0.8052930056710775
HIGH_VS_LOOSER__1WEJE1__auto__0__42	ONE_VS_ONE__1WEJE1__1NSN__0__42	3000	3000	0.9566666666666667	0.994	0.924937965260546	0.9582262210796916
HIGH_VS_LOOSER__1WEJE1__auto__0__42	ONE_VS_ONE__1WEJE1__3RAJ__0__42	3000	3000	0.7318333333333333	0.994	0.6520883446315329	0.7875346626171926
HIGH_VS_LOOSER__1WEJE1__auto__0__42	ONE_VS_ONE__1WEJE1__5E94__0__42	3000	3000	0.7653333333333333	0.994	0.682067703568161	0.8090070537167662
HIGH_VS_LOOSER__1WEJE1__auto__0__42	ONE_VS_ONE__1WEJE1__1H0D__0__42	3000	3000	0.9325	0.994	0.8851291184327693	0.9364107395195479
HIGH_VS_LOOSER__1WEJE1__auto__0__42	ONE_VS_ONE__1WEJE1__1ADQ__0__42	3000	3000	0.8655	0.994	0.7907716785998409	0.8808152414709791
HIGH_VS_LOOSER__1WEJE1__auto__0__42	ONE_VS_ONE__1WEJE1__1FBI__0__42	3000	3000	0.8201666666666667	0.994	0.7375711105614643	0.8467982393866251
HIGH_VS_LOOSER__1WEJE1__auto__0__42	ONE_VS_ONE__1WEJE1__2YPV__0__42	3000	3000	0.9188333333333333	0.994	0.8640973630831643	0.9245078282436832
HIGH_VS_LOOSER__1WEJE1__auto__0__42	ONE_VS_ONE__1WEJE1__1OB1__0__42	3000	3000	0.8465	0.994	0.7675675675675676	0.8662309368191722
HIGH_VS_LOOSER__1WEJE1__auto__0__42	ONE_VS_ONE__1WEJE1__1H0DE1__0__42	3000	3000	0.9325	0.994	0.8851291184327693	0.9364107395195479
HIGH_VS_LOOSER__1WEJE1__auto__0__42	ONE_VS_ONE__1WEJE1__1OB1E1__0__42	3000	3000	0.8465	0.994	0.7675675675675676	0.8662309368191722
HIGH_VS_LOOSER__1WEJE1__auto__0__42	ONE_VS_NINE__1WEJE1__auto__0__42	3000	3000	0.8445	0.994	0.7652040030792918	0.864723792953458
HIGH_VS_LOOSER__1WEJE1__auto__0__42	HIGH_VS_95LOW__1WEJE1__auto__0__42	3000	3000	0.989	0.994	0.9841584158415841	0.9890547263681593
HIGH_VS_LOOSER__1WEJE1__auto__0__42	HIGH_VS_LOOSER__1WEJE1__auto__0__42	3000	3000	0.8905	0.994	0.8235294117647058	0.9007702763932941
