dataset_name,r_total_corr_all,r_total_corr_pos,r_total_corr_neg
ONE_VS_NINE__3VRL__auto__0__42,0.8252185803292043,0.8252185803292043,
HIGH_VS_95LOW__3VRL__auto__0__42,0.8803722849411884,0.9148150501415558,0.8609123609042998
HIGH_VS_LOOSER__3VRL__auto__0__42,0.8705783203169165,0.8456287253093132,0.8880596071276573
ONE_VS_NINE__3VRL__auto__1__42,0.7910904389771087,0.7910904389771087,
HIGH_VS_95LOW__3VRL__auto__1__42,0.8740772283677535,0.9111210133980154,0.856107743166159
HIGH_VS_LOOSER__3VRL__auto__1__42,0.8805855976215011,0.8700126260317883,0.8851938993363387
ONE_VS_NINE__3VRL__auto__2__42,0.7971320830733545,0.7971320830733545,
HIGH_VS_95LOW__3VRL__auto__2__42,0.8855912832984284,0.9133309096343908,0.8718854454273011
HIGH_VS_LOOSER__3VRL__auto__2__42,0.8926684783128939,0.8932488976490421,0.8891084164685169
ONE_VS_NINE__3VRL__auto__3__42,0.8002008050962117,0.8002008050962117,
HIGH_VS_95LOW__3VRL__auto__3__42,0.8951901676968699,0.8988552648491694,0.8965012285892792
HIGH_VS_LOOSER__3VRL__auto__3__42,0.8795423321034763,0.8686169472147556,0.8843732307094067
ONE_VS_NINE__3VRL__auto__0__0,0.8520924211993048,0.8520924211993048,
HIGH_VS_95LOW__3VRL__auto__0__0,0.857330949685696,0.9188552474513302,0.8160939545139895
HIGH_VS_LOOSER__3VRL__auto__0__0,0.8868070204604802,0.8605327710569103,0.903113902318377
ONE_VS_NINE__3VRL__auto__0__1,0.8566595646250146,0.8566595646250146,
HIGH_VS_95LOW__3VRL__auto__0__1,0.8310711962140653,0.9122434862508998,0.7775649394797265
HIGH_VS_LOOSER__3VRL__auto__0__1,0.8906806529390097,0.8693266156750924,0.906882809942801
ONE_VS_NINE__3VRL__auto__0__2,0.8620234896388181,0.8620234896388181,
HIGH_VS_95LOW__3VRL__auto__0__2,0.8625230130826629,0.9084921292973206,0.8287530235260847
HIGH_VS_LOOSER__3VRL__auto__0__2,0.8794058629754654,0.8609346650305734,0.8928937097874742
ONE_VS_NINE__3VRL__auto__0__3,0.862553443386603,0.862553443386603,
HIGH_VS_95LOW__3VRL__auto__0__3,0.851128334252804,0.9117768341287988,0.8125909451868232
HIGH_VS_LOOSER__3VRL__auto__0__3,0.8697392793509051,0.8496366631742414,0.883568869425402
ONE_VS_NINE__3VRL__auto__0__4,0.8361508907802369,0.8361508907802369,
HIGH_VS_95LOW__3VRL__auto__0__4,0.8577653710057308,0.9161672766524565,0.8196999084949723
HIGH_VS_LOOSER__3VRL__auto__0__4,0.8996654713007888,0.8841725339416111,0.9099914168629398
ONE_VS_NINE__1NSN__auto__0__42,0.4818633811773545,0.4818633811773545,
HIGH_VS_95LOW__1NSN__auto__0__42,0.8203483392032223,0.6918750543184438,0.8081642188782626
HIGH_VS_LOOSER__1NSN__auto__0__42,0.3527959530998794,0.4170672767654958,0.2202125586489285
ONE_VS_NINE__1NSN__auto__1__42,0.5318977809189251,0.5318977809189251,
HIGH_VS_95LOW__1NSN__auto__1__42,0.7602581606875836,0.5872799504728015,0.7641079101075393
HIGH_VS_LOOSER__1NSN__auto__1__42,0.3134896410265776,0.3781642494217116,0.1712373328909009
ONE_VS_NINE__1NSN__auto__2__42,0.5116044884517211,0.5116044884517211,
HIGH_VS_95LOW__1NSN__auto__2__42,0.7642632039009422,0.6029995275285603,0.7723263352739396
HIGH_VS_LOOSER__1NSN__auto__2__42,0.3454492496466868,0.4016526410878041,0.2183560751618473
ONE_VS_NINE__1NSN__auto__3__42,0.5077478693055538,0.5077478693055538,
HIGH_VS_95LOW__1NSN__auto__3__42,0.7653202081023808,0.590025913598909,0.7713301701303319
HIGH_VS_LOOSER__1NSN__auto__3__42,0.3204810017229177,0.3261528928944693,0.2144411000220732
ONE_VS_NINE__1NSN__auto__0__0,0.5288316782730954,0.5288316782730954,
HIGH_VS_95LOW__1NSN__auto__0__0,0.794105836113541,0.66458681459795,0.7755278219947479
HIGH_VS_LOOSER__1NSN__auto__0__0,0.3712708987597669,0.3645943336972594,0.2871820636152862
ONE_VS_NINE__1NSN__auto__0__1,0.4877415022539009,0.4877415022539009,
HIGH_VS_95LOW__1NSN__auto__0__1,0.8014756453214644,0.6543424370732053,0.7923869897807003
HIGH_VS_LOOSER__1NSN__auto__0__1,0.3565682723409799,0.3964507855350467,0.2430500796124245
ONE_VS_NINE__1NSN__auto__0__2,0.507518631284602,0.507518631284602,
HIGH_VS_95LOW__1NSN__auto__0__2,0.8116100119177377,0.6966717002724734,0.7898927402884162
HIGH_VS_LOOSER__1NSN__auto__0__2,0.3633040645655881,0.4139511357750227,0.2387724315484117
ONE_VS_NINE__1NSN__auto__0__3,0.562813205095035,0.562813205095035,
HIGH_VS_95LOW__1NSN__auto__0__3,0.8373068981023487,0.721292071845077,0.8291243139499775
HIGH_VS_LOOSER__1NSN__auto__0__3,0.3894025501897234,0.4040961386829413,0.2965251425017737
ONE_VS_NINE__1NSN__auto__0__4,0.5348456254865462,0.5348456254865462,
HIGH_VS_95LOW__1NSN__auto__0__4,0.7974118882021577,0.6327851210719243,0.7853019139539348
HIGH_VS_LOOSER__1NSN__auto__0__4,0.3573662588270122,0.39645411770341,0.2509176733318641
ONE_VS_NINE__3RAJ__auto__0__42,0.5494290203453314,0.5494290203453314,
HIGH_VS_95LOW__3RAJ__auto__0__42,0.8534005596829118,0.8126698148008005,0.9108843037488732
HIGH_VS_LOOSER__3RAJ__auto__0__42,0.825441218651148,0.8028411190777469,0.8454552040014008
ONE_VS_NINE__3RAJ__auto__1__42,0.5397386676297264,0.5397386676297264,
HIGH_VS_95LOW__3RAJ__auto__1__42,0.8499757535184709,0.825578740834843,0.896474941842822
HIGH_VS_LOOSER__3RAJ__auto__1__42,0.8105187719381852,0.78971516151097,0.8282665048762327
ONE_VS_NINE__3RAJ__auto__2__42,0.545255097712522,0.545255097712522,
HIGH_VS_95LOW__3RAJ__auto__2__42,0.8463963863227125,0.8067020554600844,0.8955254944054771
HIGH_VS_LOOSER__3RAJ__auto__2__42,0.754100252699362,0.7196566453584208,0.8042659379632662
ONE_VS_NINE__3RAJ__auto__3__42,0.5544274819607687,0.5544274819607687,
HIGH_VS_95LOW__3RAJ__auto__3__42,0.8496974343655286,0.8012782843376854,0.9242475871025212
HIGH_VS_LOOSER__3RAJ__auto__3__42,0.8166556254193823,0.7918932124449015,0.8427619597645939
ONE_VS_NINE__3RAJ__auto__0__0,0.6155011298466234,0.6155011298466234,
HIGH_VS_95LOW__3RAJ__auto__0__0,0.8651308830550265,0.8287660559199556,0.9150341285553628
HIGH_VS_LOOSER__3RAJ__auto__0__0,0.7901115809896876,0.7539694892094212,0.828368192799502
ONE_VS_NINE__3RAJ__auto__0__1,0.5617521751987625,0.5617521751987625,
HIGH_VS_95LOW__3RAJ__auto__0__1,0.8849712824461615,0.85664511185985,0.9149403017528994
HIGH_VS_LOOSER__3RAJ__auto__0__1,0.8258011272133413,0.807758738013954,0.842474921863007
ONE_VS_NINE__3RAJ__auto__0__2,0.555946596248745,0.555946596248745,
HIGH_VS_95LOW__3RAJ__auto__0__2,0.8877962894348018,0.8330045046589604,0.9351988028610408
HIGH_VS_LOOSER__3RAJ__auto__0__2,0.8052088568057637,0.7796226565480666,0.8369563837497567
ONE_VS_NINE__3RAJ__auto__0__3,0.5735511639250866,0.5735511639250866,
HIGH_VS_95LOW__3RAJ__auto__0__3,0.8123854158480986,0.7607123971301225,0.9185488247643336
HIGH_VS_LOOSER__3RAJ__auto__0__3,0.8371690534548899,0.817242170122452,0.855206637536455
ONE_VS_NINE__3RAJ__auto__0__4,0.5135771009098428,0.5135771009098428,
HIGH_VS_95LOW__3RAJ__auto__0__4,0.8748679897324972,0.8306357186255542,0.9177977592598716
HIGH_VS_LOOSER__3RAJ__auto__0__4,0.8498240396206987,0.8385803215545753,0.8587130575152415
ONE_VS_NINE__5E94__auto__0__42,0.6675456495209182,0.6675456495209182,
HIGH_VS_95LOW__5E94__auto__0__42,0.8611882139892916,0.7930119798440862,0.847535691600988
HIGH_VS_LOOSER__5E94__auto__0__42,0.5935157918040184,0.5417198328975473,0.6284506584286768
ONE_VS_NINE__5E94__auto__1__42,0.5964708862451771,0.5964708862451771,
HIGH_VS_95LOW__5E94__auto__1__42,0.8484495405862854,0.6998232797024206,0.8759312827473261
HIGH_VS_LOOSER__5E94__auto__1__42,0.5330243678661307,0.4686795842766109,0.5754043207151842
ONE_VS_NINE__5E94__auto__2__42,0.6604892041760977,0.6604892041760977,
HIGH_VS_95LOW__5E94__auto__2__42,0.8094532319788283,0.7274513978827774,0.8026651186561443
HIGH_VS_LOOSER__5E94__auto__2__42,0.5125085087440422,0.4432347956321327,0.5599632849770562
ONE_VS_NINE__5E94__auto__3__42,0.6167444296241379,0.6167444296241379,
HIGH_VS_95LOW__5E94__auto__3__42,0.8404207093174821,0.6709208274100807,0.8699008971425255
HIGH_VS_LOOSER__5E94__auto__3__42,0.5207604335567072,0.4068854386226558,0.6047852707978353
ONE_VS_NINE__5E94__auto__0__0,0.5856480267576684,0.5856480267576684,
HIGH_VS_95LOW__5E94__auto__0__0,0.8301788392893009,0.7625927842829804,0.8108584732613796
HIGH_VS_LOOSER__5E94__auto__0__0,0.6154736035605797,0.599581344835799,0.6256919259953021
ONE_VS_NINE__5E94__auto__0__1,0.5986393814255105,0.5986393814255105,
HIGH_VS_95LOW__5E94__auto__0__1,0.8915384222485693,0.8238637988769302,0.8982809464428174
HIGH_VS_LOOSER__5E94__auto__0__1,0.6037756835035988,0.5968039911048127,0.6143185893743033
ONE_VS_NINE__5E94__auto__0__2,0.5947710421818567,0.5947710421818567,
HIGH_VS_95LOW__5E94__auto__0__2,0.8208369679917207,0.7092336063617424,0.826253084928235
HIGH_VS_LOOSER__5E94__auto__0__2,0.5440510100726261,0.4823149196034838,0.5922019774553299
ONE_VS_NINE__5E94__auto__0__3,0.6283707912354122,0.6283707912354122,
HIGH_VS_95LOW__5E94__auto__0__3,0.8337418293256621,0.7509773323786819,0.8321132690458564
HIGH_VS_LOOSER__5E94__auto__0__3,0.6003090881242458,0.5551350923365577,0.619749439292116
ONE_VS_NINE__5E94__auto__0__4,0.5647277127890697,0.5647277127890697,
HIGH_VS_95LOW__5E94__auto__0__4,0.8177976220605153,0.6747023489891213,0.8613477128211331
HIGH_VS_LOOSER__5E94__auto__0__4,0.5073356129761701,0.4796992728982611,0.5309344782378214
ONE_VS_NINE__1H0D__auto__0__42,0.4097697000289939,0.4097697000289939,
HIGH_VS_95LOW__1H0D__auto__0__42,0.6679408149573345,0.6128023104219639,0.8784628406830861
HIGH_VS_LOOSER__1H0D__auto__0__42,0.4706266150801926,0.4165153436154801,0.5552577333061784
ONE_VS_NINE__1H0D__auto__1__42,0.4356776027493535,0.4356776027493535,
HIGH_VS_95LOW__1H0D__auto__1__42,0.6489302664917871,0.5750878685199099,0.8786622425724988
HIGH_VS_LOOSER__1H0D__auto__1__42,0.4955067052901185,0.4637869764345728,0.5529373581851661
ONE_VS_NINE__1H0D__auto__2__42,0.4043363811890338,0.4043363811890338,
HIGH_VS_95LOW__1H0D__auto__2__42,0.5730637069528289,0.533181646522296,0.8502514538572256
HIGH_VS_LOOSER__1H0D__auto__2__42,0.4934967411258616,0.4496395984196267,0.5570723669882321
ONE_VS_NINE__1H0D__auto__3__42,0.508584027238452,0.508584027238452,
HIGH_VS_95LOW__1H0D__auto__3__42,0.6133445993370022,0.5653587223209613,0.8647357544164913
HIGH_VS_LOOSER__1H0D__auto__3__42,0.5061432283640916,0.4817728745355409,0.5431866946455369
ONE_VS_NINE__1H0D__auto__0__0,0.401242769552178,0.401242769552178,
HIGH_VS_95LOW__1H0D__auto__0__0,0.6620862048904226,0.643971174109752,0.8603462603738925
HIGH_VS_LOOSER__1H0D__auto__0__0,0.494246039161176,0.4417811475004272,0.566214538713495
ONE_VS_NINE__1H0D__auto__0__1,0.5840304176763061,0.5840304176763061,
HIGH_VS_95LOW__1H0D__auto__0__1,0.6898098015794779,0.6313850798558867,0.8788203421176637
HIGH_VS_LOOSER__1H0D__auto__0__1,0.4586620172756437,0.4282722311479771,0.5016613020020696
ONE_VS_NINE__1H0D__auto__0__2,0.4577925467296745,0.4577925467296745,
HIGH_VS_95LOW__1H0D__auto__0__2,0.6679226438027963,0.6068172062862334,0.8547715000901261
HIGH_VS_LOOSER__1H0D__auto__0__2,0.4735311403401023,0.4110678334344769,0.5604056688208179
ONE_VS_NINE__1H0D__auto__0__3,0.4925367519179253,0.4925367519179253,
HIGH_VS_95LOW__1H0D__auto__0__3,0.7200996170731103,0.6521072252297665,0.8880964984950237
HIGH_VS_LOOSER__1H0D__auto__0__3,0.4594532651594961,0.4207750627497095,0.512250544286341
ONE_VS_NINE__1H0D__auto__0__4,0.5184796317394751,0.5184796317394751,
HIGH_VS_95LOW__1H0D__auto__0__4,0.7723863171257346,0.7255754108101002,0.8930104666449831
HIGH_VS_LOOSER__1H0D__auto__0__4,0.4738035124107793,0.4255202771345778,0.548098557784875
ONE_VS_NINE__1WEJ__auto__0__42,0.6800585545248408,0.6800585545248408,
HIGH_VS_95LOW__1WEJ__auto__0__42,0.9202694712594724,0.966736005685842,0.8951172413450048
HIGH_VS_LOOSER__1WEJ__auto__0__42,0.6864991138281218,0.7483251609994618,0.632704713860021
ONE_VS_NINE__1WEJ__auto__1__42,0.6821312849488375,0.6821312849488375,
HIGH_VS_95LOW__1WEJ__auto__1__42,0.8980482002720002,0.9250360915734432,0.9085400171593648
HIGH_VS_LOOSER__1WEJ__auto__1__42,0.6596212515705455,0.6858642112632649,0.6363587420875698
ONE_VS_NINE__1WEJ__auto__2__42,0.684997990684593,0.684997990684593,
HIGH_VS_95LOW__1WEJ__auto__2__42,0.9079201242534144,0.9340877075539258,0.9197982205789266
HIGH_VS_LOOSER__1WEJ__auto__2__42,0.7023954091622405,0.7370651864553383,0.6725975083801874
ONE_VS_NINE__1WEJ__auto__3__42,0.7127876680697361,0.7127876680697361,
HIGH_VS_95LOW__1WEJ__auto__3__42,0.8931784984351262,0.9084728891979992,0.911417963608404
HIGH_VS_LOOSER__1WEJ__auto__3__42,0.5179160113157875,0.5789375123289452,0.4644888557076379
ONE_VS_NINE__1WEJ__auto__0__0,0.6604585522739209,0.6604585522739209,
HIGH_VS_95LOW__1WEJ__auto__0__0,0.9350760358438004,0.9267931396760244,0.9463013425193534
HIGH_VS_LOOSER__1WEJ__auto__0__0,0.6922095281385894,0.7382710343350796,0.6524961747519078
ONE_VS_NINE__1WEJ__auto__0__1,0.7122427203826783,0.7122427203826783,
HIGH_VS_95LOW__1WEJ__auto__0__1,0.9141176122134848,0.9546740144575177,0.8918987493756418
HIGH_VS_LOOSER__1WEJ__auto__0__1,0.5709706148226358,0.6409503728155876,0.5111618513969104
ONE_VS_NINE__1WEJ__auto__0__2,0.6948933497093613,0.6948933497093613,
HIGH_VS_95LOW__1WEJ__auto__0__2,0.9305223922530748,0.9284734481300896,0.935900816288424
HIGH_VS_LOOSER__1WEJ__auto__0__2,0.5257973462288139,0.5718303157097183,0.4853245276078344
ONE_VS_NINE__1WEJ__auto__0__3,0.6953360084460531,0.6953360084460531,
HIGH_VS_95LOW__1WEJ__auto__0__3,0.9314742366581756,0.9402745588375956,0.9439140278834884
HIGH_VS_LOOSER__1WEJ__auto__0__3,0.5810162348618424,0.6310436924035281,0.5400323581063977
ONE_VS_NINE__1WEJ__auto__0__4,0.7099433778301564,0.7099433778301564,
HIGH_VS_95LOW__1WEJ__auto__0__4,0.9243592394720044,0.9619516885715208,0.8997422526371628
HIGH_VS_LOOSER__1WEJ__auto__0__4,0.5266844644059344,0.5623126125190161,0.4949091290828229
ONE_VS_NINE__1ADQ__auto__0__0,0.3523085269014489,0.3523085269014489,
HIGH_VS_95LOW__1ADQ__auto__0__0,0.7510084199667975,0.7250060417711344,0.80415320007543
HIGH_VS_LOOSER__1ADQ__auto__0__0,0.1604398146921021,0.1507374505161244,0.1934523470876434
ONE_VS_NINE__1ADQ__auto__0__1,0.3344141863741783,0.3344141863741783,
HIGH_VS_95LOW__1ADQ__auto__0__1,0.7017993232585275,0.6961821203985591,0.7997951170908488
HIGH_VS_LOOSER__1ADQ__auto__0__1,0.1493943717686232,0.1451312662361197,0.1681281859977853
ONE_VS_NINE__1ADQ__auto__0__2,0.3633148247015231,0.3633148247015231,
HIGH_VS_95LOW__1ADQ__auto__0__2,0.6063301501480558,0.6385125264116942,0.7803888581853601
HIGH_VS_LOOSER__1ADQ__auto__0__2,0.1445781182539555,0.1418528729331305,0.1760243230794793
ONE_VS_NINE__1ADQ__auto__0__3,0.3668841629642691,0.3668841629642691,
HIGH_VS_95LOW__1ADQ__auto__0__3,0.8314136714233207,0.7032398838418028,0.901772704522104
HIGH_VS_LOOSER__1ADQ__auto__0__3,0.1027864606511069,0.0840000544414107,0.138247308166323
ONE_VS_NINE__1ADQ__auto__0__4,0.3822580105870977,0.3822580105870977,
HIGH_VS_95LOW__1ADQ__auto__0__4,0.82346463305087,0.7351394590482747,0.8910462984594255
HIGH_VS_LOOSER__1ADQ__auto__0__4,0.1300061022256304,0.1395529060193633,0.133725337718542
ONE_VS_NINE__1FBI__auto__0__42,0.8315934905709079,0.8315934905709079,
HIGH_VS_95LOW__1FBI__auto__0__42,0.9204355141098338,0.9002304268082062,0.9009811148759094
HIGH_VS_LOOSER__1FBI__auto__0__42,0.8267182109368146,0.8663424892735946,0.7726386845036284
ONE_VS_NINE__1FBI__auto__1__42,0.8014017784141103,0.8014017784141103,
HIGH_VS_95LOW__1FBI__auto__1__42,0.9196196203903436,0.8384148854984049,0.9221121192672408
HIGH_VS_LOOSER__1FBI__auto__1__42,0.797889444658061,0.8629566498778062,0.7272940656846926
ONE_VS_NINE__1FBI__auto__2__42,0.7873281159015378,0.7873281159015378,
HIGH_VS_95LOW__1FBI__auto__2__42,0.9029844895745368,0.842734654027958,0.9005413818200211
HIGH_VS_LOOSER__1FBI__auto__2__42,0.8391763105242619,0.8743385561726855,0.7910772438510598
ONE_VS_NINE__1FBI__auto__3__42,0.7281956037854007,0.7281956037854007,
HIGH_VS_95LOW__1FBI__auto__3__42,0.9168608830816124,0.8301141218982673,0.9225440442379642
HIGH_VS_LOOSER__1FBI__auto__3__42,0.818583148149803,0.8684767103873919,0.7580515184439328
ONE_VS_NINE__1FBI__auto__0__0,0.8397541567837928,0.8397541567837928,
HIGH_VS_95LOW__1FBI__auto__0__0,0.9022558987237722,0.8847523709665535,0.8795717889378302
HIGH_VS_LOOSER__1FBI__auto__0__0,0.8393761395657561,0.8614846266670646,0.8014317769202125
ONE_VS_NINE__1FBI__auto__0__1,0.8281537264789866,0.8281537264789866,
HIGH_VS_95LOW__1FBI__auto__0__1,0.9033815922380708,0.8751712145590167,0.8777876713940357
HIGH_VS_LOOSER__1FBI__auto__0__1,0.8357621063494709,0.8707340347646981,0.785076502260791
ONE_VS_NINE__1FBI__auto__0__2,0.8344376025002784,0.8344376025002784,
HIGH_VS_95LOW__1FBI__auto__0__2,0.9049458077355038,0.8908174412873274,0.873303528137546
HIGH_VS_LOOSER__1FBI__auto__0__2,0.8172341891458628,0.8554045919016254,0.7629624810091331
ONE_VS_NINE__1FBI__auto__0__3,0.8336650962283134,0.8336650962283134,
HIGH_VS_95LOW__1FBI__auto__0__3,0.9351038998330328,0.8930166925002311,0.9196637985361766
HIGH_VS_LOOSER__1FBI__auto__0__3,0.8032974608545116,0.8472377241481132,0.7463800740597228
ONE_VS_NINE__1FBI__auto__0__4,0.8394756154853029,0.8394756154853029,
HIGH_VS_95LOW__1FBI__auto__0__4,0.8858270634957629,0.8805565173336999,0.8393163427119718
HIGH_VS_LOOSER__1FBI__auto__0__4,0.8121546260688074,0.8412089446855406,0.766299937353458
ONE_VS_NINE__2YPV__auto__0__42,0.5651650703550464,0.5651650703550464,
HIGH_VS_95LOW__2YPV__auto__0__42,0.3751371859356151,0.3618101915622584,0.7389560538998371
HIGH_VS_LOOSER__2YPV__auto__0__42,0.278321817623461,0.2869706442863708,0.2999390026285663
ONE_VS_NINE__2YPV__auto__1__42,0.5121991701155841,0.5121991701155841,
HIGH_VS_95LOW__2YPV__auto__1__42,0.3766400939561102,0.3648786362459761,0.7178762057975426
HIGH_VS_LOOSER__2YPV__auto__1__42,0.2775395597655908,0.2809678593155219,0.3083421652398816
ONE_VS_NINE__2YPV__auto__2__42,0.6035946832669774,0.6035946832669774,
HIGH_VS_95LOW__2YPV__auto__2__42,0.3291714566815149,0.3398443006742145,0.7045241073577025
HIGH_VS_LOOSER__2YPV__auto__2__42,0.2639142824436317,0.2630037846105136,0.3031228277688162
ONE_VS_NINE__2YPV__auto__3__42,0.596044696975519,0.596044696975519,
HIGH_VS_95LOW__2YPV__auto__3__42,0.3296124732309266,0.3363067190678786,0.7038210253679853
HIGH_VS_LOOSER__2YPV__auto__3__42,0.2777528493723767,0.2869838074288048,0.3096703002058552
ONE_VS_NINE__2YPV__auto__0__0,0.6168352026745444,0.6168352026745444,
HIGH_VS_95LOW__2YPV__auto__0__0,0.4296018453924594,0.4143409560730697,0.7811748172899918
HIGH_VS_LOOSER__2YPV__auto__0__0,0.3261774915501392,0.3003944756350927,0.3856200711517895
ONE_VS_NINE__2YPV__auto__0__1,0.5293799882990924,0.5293799882990924,
HIGH_VS_95LOW__2YPV__auto__0__1,0.3447733986110385,0.3157313077984397,0.7761120200210744
HIGH_VS_LOOSER__2YPV__auto__0__1,0.2787123839354227,0.2770544222877441,0.3073259706471716
ONE_VS_NINE__2YPV__auto__0__2,0.6263261597771999,0.6263261597771999,
HIGH_VS_95LOW__2YPV__auto__0__2,0.4181074453199845,0.3626495244285092,0.7674555841288058
HIGH_VS_LOOSER__2YPV__auto__0__2,0.3169518726247194,0.2907247149491473,0.3672653833336644
ONE_VS_NINE__2YPV__auto__0__3,0.5988038167318626,0.5988038167318626,
HIGH_VS_95LOW__2YPV__auto__0__3,0.5099041712700643,0.455924636628293,0.7508366069492411
HIGH_VS_LOOSER__2YPV__auto__0__3,0.2976613567781706,0.2841964680787782,0.3357817958224904
ONE_VS_NINE__2YPV__auto__0__4,0.5998716592116319,0.5998716592116319,
HIGH_VS_95LOW__2YPV__auto__0__4,0.3386358979130188,0.318250630836966,0.7285092813628815
HIGH_VS_LOOSER__2YPV__auto__0__4,0.3186715344520242,0.2949318916239702,0.3678337780828634
ONE_VS_NINE__1OB1__auto__0__42,0.6494333228851561,0.6494333228851561,
HIGH_VS_95LOW__1OB1__auto__0__42,0.8550810708965869,0.6495152764627503,0.8999003101173213
HIGH_VS_LOOSER__1OB1__auto__0__42,0.672724215409647,0.7439904780606674,0.5950698247344567
ONE_VS_NINE__1OB1__auto__1__42,0.5887995722166919,0.5887995722166919,
HIGH_VS_95LOW__1OB1__auto__1__42,0.8337936424718235,0.6299467203712167,0.8860946155500753
HIGH_VS_LOOSER__1OB1__auto__1__42,0.6364124015342266,0.7084764926035325,0.5536266641070156
ONE_VS_NINE__1OB1__auto__2__42,0.6244850008900124,0.6244850008900124,
HIGH_VS_95LOW__1OB1__auto__2__42,0.8589350704668745,0.6581521479384981,0.8967938234518115
HIGH_VS_LOOSER__1OB1__auto__2__42,0.6411013135983695,0.7246080156967311,0.554561653109612
ONE_VS_NINE__1OB1__auto__3__42,0.5786599469789112,0.5786599469789112,
HIGH_VS_95LOW__1OB1__auto__3__42,0.7484544730904272,0.5407616298883764,0.8751256652100816
HIGH_VS_LOOSER__1OB1__auto__3__42,0.647461529376327,0.7353775113489986,0.557797537066915
ONE_VS_NINE__1OB1__auto__0__0,0.5623982648677153,0.5623982648677153,
HIGH_VS_95LOW__1OB1__auto__0__0,0.7671462103789992,0.5750359653577349,0.8888443266341437
HIGH_VS_LOOSER__1OB1__auto__0__0,0.6695970124804418,0.7193405123911191,0.606850428111838
ONE_VS_NINE__1OB1__auto__0__1,0.5969906701827856,0.5969906701827856,
HIGH_VS_95LOW__1OB1__auto__0__1,0.8648659289053736,0.6840465007878237,0.8961675905605464
HIGH_VS_LOOSER__1OB1__auto__0__1,0.6969483241653104,0.7560237145328255,0.6260744703844932
ONE_VS_NINE__1OB1__auto__0__2,0.6026796268870631,0.6026796268870631,
HIGH_VS_95LOW__1OB1__auto__0__2,0.8815051875645622,0.7769915493342675,0.8930926990779915
HIGH_VS_LOOSER__1OB1__auto__0__2,0.6472384894795289,0.697498880299915,0.5888982133166828
ONE_VS_NINE__1OB1__auto__0__3,0.597808519421184,0.597808519421184,
HIGH_VS_95LOW__1OB1__auto__0__3,0.8479880645118413,0.6588473338313187,0.8847370241970433
HIGH_VS_LOOSER__1OB1__auto__0__3,0.6809227226557533,0.7650146347458496,0.5874721809861584
ONE_VS_NINE__1OB1__auto__0__4,0.5802831565088838,0.5802831565088838,
HIGH_VS_95LOW__1OB1__auto__0__4,0.807370698468389,0.5783713377632147,0.8998240030539235
HIGH_VS_LOOSER__1OB1__auto__0__4,0.6544515805169322,0.7321030271916127,0.5684806587982385
ONE_VS_ONE__3VRL__1NSN__0__42,0.7376283886844767,0.7376283886844767,
ONE_VS_ONE__3VRL__3RAJ__0__42,0.7600285739143859,0.7600285739143859,
ONE_VS_ONE__3VRL__5E94__0__42,0.7622718270805925,0.7622718270805925,
ONE_VS_ONE__3VRL__1H0D__0__42,0.8438338724252293,0.8438338724252293,
ONE_VS_ONE__3VRL__1WEJ__0__42,0.7346676158618373,0.7346676158618373,
ONE_VS_ONE__3VRL__1ADQ__0__42,0.688152138027849,0.688152138027849,
ONE_VS_ONE__3VRL__1FBI__0__42,0.7738099759281875,0.7738099759281875,
ONE_VS_ONE__3VRL__2YPV__0__42,0.7612620006843572,0.7612620006843572,
ONE_VS_ONE__3VRL__1OB1__0__42,0.8304846640464858,0.8304846640464858,
ONE_VS_ONE__1NSN__3VRL__0__42,0.7229502762475833,0.7229502762475833,
ONE_VS_ONE__1NSN__3RAJ__0__42,0.5077156309697396,0.5077156309697396,
ONE_VS_ONE__1NSN__5E94__0__42,0.5982812269284101,0.5982812269284101,
ONE_VS_ONE__1NSN__1H0D__0__42,0.632484447466297,0.632484447466297,
ONE_VS_ONE__1NSN__1WEJ__0__42,0.6981310973176375,0.6981310973176375,
ONE_VS_ONE__1NSN__1ADQ__0__42,0.2868093548925558,0.2868093548925558,
ONE_VS_ONE__1NSN__1FBI__0__42,0.7493677504309206,0.7493677504309206,
ONE_VS_ONE__1NSN__2YPV__0__42,0.5741675921136807,0.5741675921136807,
ONE_VS_ONE__1NSN__1OB1__0__42,0.695448996063807,0.695448996063807,
ONE_VS_ONE__3RAJ__3VRL__0__42,0.7431131416152981,0.7431131416152981,
ONE_VS_ONE__3RAJ__1NSN__0__42,0.33987208043559,0.33987208043559,
ONE_VS_ONE__3RAJ__5E94__0__42,0.3641680427188875,0.3641680427188875,
ONE_VS_ONE__3RAJ__1H0D__0__42,0.8682936848131351,0.8682936848131351,
ONE_VS_ONE__3RAJ__1WEJ__0__42,0.3627667512002029,0.3627667512002029,
ONE_VS_ONE__3RAJ__1ADQ__0__42,0.482303222669458,0.482303222669458,
ONE_VS_ONE__3RAJ__1FBI__0__42,0.7478675369618982,0.7478675369618982,
ONE_VS_ONE__3RAJ__2YPV__0__42,0.5721741646368805,0.5721741646368805,
ONE_VS_ONE__3RAJ__1OB1__0__42,0.544617159690207,0.544617159690207,
ONE_VS_ONE__5E94__3VRL__0__42,0.8042373423311854,0.8042373423311854,
ONE_VS_ONE__5E94__1NSN__0__42,0.3669108680255873,0.3669108680255873,
ONE_VS_ONE__5E94__3RAJ__0__42,0.7110449911666599,0.7110449911666599,
ONE_VS_ONE__5E94__1H0D__0__42,0.868279447948125,0.868279447948125,
ONE_VS_ONE__5E94__1WEJ__0__42,0.6208822345594488,0.6208822345594488,
ONE_VS_ONE__5E94__1ADQ__0__42,0.5229276786486499,0.5229276786486499,
ONE_VS_ONE__5E94__1FBI__0__42,0.7776037759597914,0.7776037759597914,
ONE_VS_ONE__5E94__2YPV__0__42,0.7231802635423688,0.7231802635423688,
ONE_VS_ONE__5E94__1OB1__0__42,0.7431947856476253,0.7431947856476253,
ONE_VS_ONE__1H0D__3VRL__0__42,0.8399643285960728,0.8399643285960728,
ONE_VS_ONE__1H0D__1NSN__0__42,0.5212040239946649,0.5212040239946649,
ONE_VS_ONE__1H0D__3RAJ__0__42,0.8774955457144733,0.8774955457144733,
ONE_VS_ONE__1H0D__5E94__0__42,0.8797633491395153,0.8797633491395153,
ONE_VS_ONE__1H0D__1WEJ__0__42,0.7554061200564387,0.7554061200564387,
ONE_VS_ONE__1H0D__1ADQ__0__42,0.6769216412337036,0.6769216412337036,
ONE_VS_ONE__1H0D__1FBI__0__42,0.8915912237499676,0.8915912237499676,
ONE_VS_ONE__1H0D__2YPV__0__42,0.2953965260198827,0.2953965260198827,
ONE_VS_ONE__1H0D__1OB1__0__42,0.8784157649219247,0.8784157649219247,
ONE_VS_ONE__1WEJ__3VRL__0__42,0.6839689913843269,0.6839689913843269,
ONE_VS_ONE__1WEJ__1NSN__0__42,0.7600070103514027,0.7600070103514027,
ONE_VS_ONE__1WEJ__3RAJ__0__42,0.4299116680756664,0.4299116680756664,
ONE_VS_ONE__1WEJ__5E94__0__42,0.3289159713143932,0.3289159713143932,
ONE_VS_ONE__1WEJ__1H0D__0__42,0.8413192784680763,0.8413192784680763,
ONE_VS_ONE__1WEJ__1ADQ__0__42,0.4643429456210423,0.4643429456210423,
ONE_VS_ONE__1WEJ__1FBI__0__42,0.8846130872977241,0.8846130872977241,
ONE_VS_ONE__1WEJ__2YPV__0__42,0.8530505409784929,0.8530505409784929,
ONE_VS_ONE__1WEJ__1OB1__0__42,0.7558052345937091,0.7558052345937091,
ONE_VS_ONE__1FBI__3VRL__0__42,0.9076797819343938,0.9076797819343938,
ONE_VS_ONE__1FBI__1NSN__0__42,0.7574285938272698,0.7574285938272698,
ONE_VS_ONE__1FBI__3RAJ__0__42,0.7745656227183553,0.7745656227183553,
ONE_VS_ONE__1FBI__5E94__0__42,0.868534056407575,0.868534056407575,
ONE_VS_ONE__1FBI__1H0D__0__42,0.7289933480846122,0.7289933480846122,
ONE_VS_ONE__1FBI__1WEJ__0__42,0.7957819892844867,0.7957819892844867,
ONE_VS_ONE__1FBI__1ADQ__0__42,0.7798949131184585,0.7798949131184585,
ONE_VS_ONE__1FBI__2YPV__0__42,0.8034449863178983,0.8034449863178983,
ONE_VS_ONE__1FBI__1OB1__0__42,0.8777340140564165,0.8777340140564165,
ONE_VS_ONE__2YPV__3VRL__0__42,0.8579826612130262,0.8579826612130262,
ONE_VS_ONE__2YPV__1NSN__0__42,0.5146472642433408,0.5146472642433408,
ONE_VS_ONE__2YPV__3RAJ__0__42,0.7888723813900579,0.7888723813900579,
ONE_VS_ONE__2YPV__5E94__0__42,0.8239269500560398,0.8239269500560398,
ONE_VS_ONE__2YPV__1H0D__0__42,0.4150606175911285,0.4150606175911285,
ONE_VS_ONE__2YPV__1WEJ__0__42,0.8324944926020605,0.8324944926020605,
ONE_VS_ONE__2YPV__1ADQ__0__42,0.4348526513124142,0.4348526513124142,
ONE_VS_ONE__2YPV__1FBI__0__42,0.7439717194105261,0.7439717194105261,
ONE_VS_ONE__2YPV__1OB1__0__42,0.7518270080335231,0.7518270080335231,
ONE_VS_ONE__1OB1__3VRL__0__42,0.9043438355139062,0.9043438355139062,
ONE_VS_ONE__1OB1__1NSN__0__42,0.5207594068239414,0.5207594068239414,
ONE_VS_ONE__1OB1__3RAJ__0__42,0.2884036642552579,0.2884036642552579,
ONE_VS_ONE__1OB1__5E94__0__42,0.6811721585534536,0.6811721585534536,
ONE_VS_ONE__1OB1__1H0D__0__42,0.8081130253527038,0.8081130253527038,
ONE_VS_ONE__1OB1__1WEJ__0__42,0.5971216711850889,0.5971216711850889,
ONE_VS_ONE__1OB1__1ADQ__0__42,0.6505311233299534,0.6505311233299534,
ONE_VS_ONE__1OB1__1FBI__0__42,0.9095903326543086,0.9095903326543086,
ONE_VS_ONE__1OB1__2YPV__0__42,0.6969268462622819,0.6969268462622819,
ONE_VS_ONE__1ADQ__3VRL__0__42,0.5614739075895923,0.5614739075895923,
ONE_VS_ONE__1ADQ__1NSN__0__42,0.2806652127083635,0.2806652127083635,
ONE_VS_ONE__1ADQ__3RAJ__0__42,0.2284005519651365,0.2284005519651365,
ONE_VS_ONE__1ADQ__5E94__0__42,0.6427172178972533,0.6427172178972533,
ONE_VS_ONE__1ADQ__1H0D__0__42,0.651131037343089,0.651131037343089,
ONE_VS_ONE__1ADQ__1WEJ__0__42,0.1107856518384075,0.1107856518384075,
ONE_VS_ONE__1ADQ__1FBI__0__42,0.6184321773838358,0.6184321773838358,
ONE_VS_ONE__1ADQ__2YPV__0__42,0.3302420468568584,0.3302420468568584,
ONE_VS_ONE__1ADQ__1OB1__0__42,0.5863194121038254,0.5863194121038254,
