,task,w_#pos,w_#neg,w_avg_pos,w_avg_neg,w_skewness_pos,w_skewness_neg
0,ONE_VS_NINE__3VRL__auto__0__42,6,4,2.252782036860784,-1.6197867542505264,0.867707605802973,-1.1407538572753297
1,HIGH_VS_95LOW__3VRL__auto__0__42,6,4,2.750524878501892,-2.404510498046875,0.7339271631987193,-0.6410133319571032
2,HIGH_VS_LOOSER__3VRL__auto__0__42,6,4,2.7554146448771157,-3.2712525129318237,-1.2795376173979482,1.0063310677560222
3,ONE_VS_NINE__3VRL__auto__1__42,6,4,2.5705423951148987,-2.8364639580249786,-0.6817803716441336,0.10088019709505817
4,HIGH_VS_95LOW__3VRL__auto__1__42,6,4,2.8185752828915915,-2.6802057027816772,-0.48481776627344225,-0.5440680851711697
5,HIGH_VS_LOOSER__3VRL__auto__1__42,6,4,2.6903876066207886,-3.125786393880844,-0.46927265137345453,-0.3832606055967004
6,ONE_VS_NINE__3VRL__auto__2__42,6,4,2.4124121268590293,-2.65585920214653,0.05447731559262198,-0.09875329486032072
7,HIGH_VS_95LOW__3VRL__auto__2__42,6,4,2.602251390616099,-2.58183753490448,-0.17656272928637096,-0.11417602829799871
8,HIGH_VS_LOOSER__3VRL__auto__2__42,6,4,2.640635152657827,-2.9961704313755035,-1.1874681713471273,-0.10442234429362349
9,ONE_VS_NINE__3VRL__auto__3__42,5,5,2.8005937576293944,-2.844332146644592,-0.2644685395932844,0.6620775808026849
10,HIGH_VS_95LOW__3VRL__auto__3__42,5,5,2.5748408794403077,-2.848189115524292,0.9119533206300355,0.15332825443387366
11,HIGH_VS_LOOSER__3VRL__auto__3__42,5,5,2.8248265981674194,-2.965206003189087,-0.4299809669510248,0.3331265310748674
12,ONE_VS_NINE__3VRL__auto__0__0,6,4,2.6084790031115213,-2.1229617595672607,0.106589262214721,0.5002293823818497
13,HIGH_VS_95LOW__3VRL__auto__0__0,6,4,2.6106318632761636,-1.9062887728214264,1.2395079104584374,-0.4602035929483063
14,HIGH_VS_LOOSER__3VRL__auto__0__0,6,4,2.823754072189331,-3.087794601917267,-0.2633175247934106,0.6227980307883468
15,ONE_VS_NINE__3VRL__auto__0__1,6,4,2.222131609916687,-1.6730300039052963,0.994834266555762,-1.1546136714212465
16,HIGH_VS_95LOW__3VRL__auto__0__1,6,4,2.7151690125465393,-2.0465943813323975,0.8200168894773139,0.39816524407689985
17,HIGH_VS_LOOSER__3VRL__auto__0__1,6,4,2.7467762231826782,-2.983852207660675,-0.8315089133814422,1.019813637748765
18,ONE_VS_NINE__3VRL__auto__0__2,6,4,2.4376251697540283,-1.7315526902675629,0.573514650126297,-1.0516470341410946
19,HIGH_VS_95LOW__3VRL__auto__0__2,6,4,2.6844536463419595,-1.9688820242881775,0.604477978308079,-0.4427714866663195
20,HIGH_VS_LOOSER__3VRL__auto__0__2,6,4,2.682680368423462,-2.900128185749054,-0.4529686998135619,0.9079641668567233
21,ONE_VS_NINE__3VRL__auto__0__3,6,4,2.1543810764948526,-1.0723666101694107,1.1173204341285707,-1.0135459659996668
22,HIGH_VS_95LOW__3VRL__auto__0__3,6,4,2.5620687206586203,-1.9649512767791748,0.8695799273931679,-0.02811366556737366
23,HIGH_VS_LOOSER__3VRL__auto__0__3,6,4,2.7474815050760903,-3.070061206817627,-0.29646876092544827,0.8726956700424654
24,ONE_VS_NINE__3VRL__auto__0__4,6,4,2.591029703617096,-1.9491775333881378,0.07746748117345933,-0.6193529163446951
25,HIGH_VS_95LOW__3VRL__auto__0__4,6,4,2.6376872261365256,-1.6250921785831451,0.9070307584362387,-0.6546222488702019
26,HIGH_VS_LOOSER__3VRL__auto__0__4,6,4,2.914953271547953,-3.1547555029392242,0.047773937077139214,0.9899149405150066
27,ONE_VS_NINE__1NSN__auto__0__42,6,4,3.1992594401041665,-1.3037377893924713,0.03580307896445998,-0.2481992562809209
28,HIGH_VS_95LOW__1NSN__auto__0__42,6,4,1.99739670753479,-1.6917238682508469,1.124104931483862,-1.0426387172773735
29,HIGH_VS_LOOSER__1NSN__auto__0__42,6,4,2.6828155517578125,-2.3414466977119446,0.09781271532365687,-1.1328483802882763
30,ONE_VS_NINE__1NSN__auto__1__42,6,4,3.053591251373291,-1.377782255411148,0.0437696779756969,-0.8365010857077929
31,HIGH_VS_95LOW__1NSN__auto__1__42,6,4,2.3836061159769693,-2.1958789229393005,1.0760323340032083,-1.1149740333918818
32,HIGH_VS_LOOSER__1NSN__auto__1__42,6,4,2.5448453426361084,-2.6903659999370575,0.6696091953110113,-1.1212267476566822
33,ONE_VS_NINE__1NSN__auto__2__42,6,4,2.9453337987264,-1.3332059979438782,-0.04048728170896965,-0.9709376759165408
34,HIGH_VS_95LOW__1NSN__auto__2__42,6,4,2.119270463784536,-2.5502203702926636,0.7364916084208941,-0.7489764299348224
35,HIGH_VS_LOOSER__1NSN__auto__2__42,6,4,2.661378641923269,-3.3780814707279205,-0.6899096312650596,-0.2341056021368385
36,ONE_VS_NINE__1NSN__auto__3__42,5,5,2.9367085695266724,-1.431706476211548,0.46421267186042076,-0.7733520451708715
37,HIGH_VS_95LOW__1NSN__auto__3__42,5,5,2.126994323730469,-2.5566999912261963,0.9383994506033079,-0.7009933112594534
38,HIGH_VS_LOOSER__1NSN__auto__3__42,5,5,2.682240295410156,-3.1837039947509767,0.9542078136203489,-0.7197988631530737
39,ONE_VS_NINE__1NSN__auto__0__0,6,4,3.053053557872772,-1.3570933640003204,-0.23852733387762612,-0.01315884918572637
40,HIGH_VS_95LOW__1NSN__auto__0__0,6,4,2.1834475000699363,-1.5326303541660309,0.7801435901754744,-1.1460300809694421
41,HIGH_VS_LOOSER__1NSN__auto__0__0,6,4,2.440547207991282,-2.270138531923294,0.7258164224341086,-1.0687778207211576
42,ONE_VS_NINE__1NSN__auto__0__1,6,4,2.9035263856252036,-1.250885009765625,0.37487301198615314,-1.0475258265433214
43,HIGH_VS_95LOW__1NSN__auto__0__1,6,4,2.1051602760950723,-1.75888192653656,0.9994766140211389,-1.1542309546018266
44,HIGH_VS_LOOSER__1NSN__auto__0__1,6,4,2.8631683588027954,-2.2879048585891724,-0.00958517239628708,-1.136373258348548
45,ONE_VS_NINE__1NSN__auto__0__2,6,4,3.2170438170433044,-1.369678407907486,-0.18819773217663416,-0.6409559406941782
46,HIGH_VS_95LOW__1NSN__auto__0__2,6,4,1.9934779405593872,-1.5719754695892334,0.7054721572820001,-1.1437911147139492
47,HIGH_VS_LOOSER__1NSN__auto__0__2,6,4,2.8234750429789224,-2.444100320339203,0.007717189120399676,-1.1390843544333267
48,ONE_VS_NINE__1NSN__auto__0__3,6,4,3.0999621550242105,-1.2798858731985092,0.17085138389891402,-0.10432662728737184
49,HIGH_VS_95LOW__1NSN__auto__0__3,6,4,2.1102964878082275,-1.6442853659391403,0.7918967032319806,-1.1130277970341582
50,HIGH_VS_LOOSER__1NSN__auto__0__3,6,4,2.48465496301651,-2.425136387348175,0.4059043962392585,-1.1325212755996696
51,ONE_VS_NINE__1NSN__auto__0__4,6,4,3.086993932723999,-1.3147621750831604,0.026937854057057314,-0.15811303251408237
52,HIGH_VS_95LOW__1NSN__auto__0__4,6,4,2.149214426676432,-1.880246952176094,0.6026832034711106,-0.9952016500072906
53,HIGH_VS_LOOSER__1NSN__auto__0__4,6,4,2.4133619467417398,-2.17820742726326,0.8423369741159563,-1.1484353525507014
54,ONE_VS_NINE__3RAJ__auto__0__42,6,4,1.9486376841862996,-2.172104924917221,0.3298705215984913,-0.5053254038817744
55,HIGH_VS_95LOW__3RAJ__auto__0__42,6,4,1.4131199220816295,-3.3219656348228455,1.6631409289863068,0.1783905304947932
56,HIGH_VS_LOOSER__3RAJ__auto__0__42,6,4,1.3918437361717224,-2.550883322954178,1.188684399282029,0.045008210629418816
57,ONE_VS_NINE__3RAJ__auto__1__42,6,4,2.0226438442866006,-2.3391680121421814,1.0002706016366387,0.0988198701349295
58,HIGH_VS_95LOW__3RAJ__auto__1__42,6,4,1.5525720516840618,-3.8595720529556274,1.4763678961437883,-0.001079298978359379
59,HIGH_VS_LOOSER__3RAJ__auto__1__42,6,4,1.539422074953715,-2.5771746039390564,0.18228982411040637,-0.5970770425584776
60,ONE_VS_NINE__3RAJ__auto__2__42,6,4,1.9364887475967407,-2.5147571861743927,1.2249874374700462,0.07779160520256508
61,HIGH_VS_95LOW__3RAJ__auto__2__42,6,4,1.3336511154969533,-3.767140030860901,1.4367443317200286,0.9246837526313068
62,HIGH_VS_LOOSER__3RAJ__auto__2__42,5,5,1.5854358911514281,-2.6957849264144897,-0.38742706418190925,-0.4028069996219406
63,ONE_VS_NINE__3RAJ__auto__3__42,5,5,1.7601587057113648,-2.4668464422225953,1.2267442242089968,-0.22383501715723567
64,HIGH_VS_95LOW__3RAJ__auto__3__42,5,5,1.7063514947891236,-3.742679262161255,1.1286370613559813,1.0961634751797176
65,HIGH_VS_LOOSER__3RAJ__auto__3__42,5,5,1.553291630744934,-2.2602031946182253,-0.050661226007231906,-0.3093345145891855
66,ONE_VS_NINE__3RAJ__auto__0__0,7,3,1.7080319268362862,-1.8908865650494893,0.4001634021564701,-0.7070485603431612
67,HIGH_VS_95LOW__3RAJ__auto__0__0,6,4,1.2224080264568329,-3.3092814683914185,1.6959875014243193,0.8680882312595866
68,HIGH_VS_LOOSER__3RAJ__auto__0__0,6,4,1.546230673789978,-2.6146179139614105,0.7007891443291833,-0.6202549663514327
69,ONE_VS_NINE__3RAJ__auto__0__1,6,4,1.8726756572723389,-1.8972099125385284,-0.27992352100029777,-0.07727733404775432
70,HIGH_VS_95LOW__3RAJ__auto__0__1,7,3,1.134601584502629,-3.2502339680989585,1.491955086592571,-0.685782605103321
71,HIGH_VS_LOOSER__3RAJ__auto__0__1,6,4,1.329327553510666,-2.5593601763248444,0.9086130876852824,-0.2605439631319374
72,ONE_VS_NINE__3RAJ__auto__0__2,7,3,1.912324070930481,-2.395134449005127,-0.03817823187023533,-0.18969996709175868
73,HIGH_VS_95LOW__3RAJ__auto__0__2,7,3,0.6846156120300293,-3.027551809946696,0.2891296592550769,-0.5110155573476461
74,HIGH_VS_LOOSER__3RAJ__auto__0__2,6,4,1.388053447008133,-2.358464151620865,0.9499872083589678,0.0003249244644799611
75,ONE_VS_NINE__3RAJ__auto__0__3,7,3,1.7877968038831438,-1.8504193425178528,-0.08131432594539674,-0.7000077158280373
76,HIGH_VS_95LOW__3RAJ__auto__0__3,6,4,1.3012447357177734,-3.498819649219513,1.5424578324350677,0.8709735874969132
77,HIGH_VS_LOOSER__3RAJ__auto__0__3,5,5,1.5630685091018677,-2.0516197949647905,0.8408102336071519,-0.3448775689981754
78,ONE_VS_NINE__3RAJ__auto__0__4,6,4,1.8642110427220662,-2.279532641172409,-0.6634601525888074,-0.07650273170830686
79,HIGH_VS_95LOW__3RAJ__auto__0__4,7,3,1.4094298567090715,-3.33669106165568,1.6251789494408309,-0.436102643547706
80,HIGH_VS_LOOSER__3RAJ__auto__0__4,6,4,1.48197740316391,-1.9427993595600128,0.42152188058351936,-0.6029471380563324
81,ONE_VS_NINE__5E94__auto__0__42,7,3,1.9772813320159912,-1.718127727508545,0.9387765888120567,-0.6929139064382157
82,HIGH_VS_95LOW__5E94__auto__0__42,7,3,1.2585154516356332,-1.7664838631947835,1.871428885055161,-0.7058337311843025
83,HIGH_VS_LOOSER__5E94__auto__0__42,7,3,2.115799971989223,-3.233628590901693,0.2750734970895913,-0.2051850764897016
84,ONE_VS_NINE__5E94__auto__1__42,6,4,1.924099326133728,-2.1333251297473907,0.5567277086931617,-0.1458554120941895
85,HIGH_VS_95LOW__5E94__auto__1__42,6,4,1.421380231777827,-3.050261437892914,1.7811117461798316,-0.626680064772197
86,HIGH_VS_LOOSER__5E94__auto__1__42,6,4,2.1371113061904907,-3.695688098669052,-0.23233433020292077,0.11246396926901361
87,ONE_VS_NINE__5E94__auto__2__42,6,4,1.9073129097620647,-2.222102105617523,1.077228340446989,-0.9342020664919395
88,HIGH_VS_95LOW__5E94__auto__2__42,6,4,1.4868267973264058,-2.9036309719085693,1.4709339738877725,0.09347126882969085
89,HIGH_VS_LOOSER__5E94__auto__2__42,6,4,2.052638212839762,-3.700139105319977,0.5007721731521243,0.24354959083325228
90,ONE_VS_NINE__5E94__auto__3__42,5,5,2.0811717033386232,-1.9802381992340088,1.0243797834461814,0.1971688935655104
91,HIGH_VS_95LOW__5E94__auto__3__42,5,5,1.5355255603790283,-3.0186040878295897,1.4810031286546184,0.7491199926334736
92,HIGH_VS_LOOSER__5E94__auto__3__42,5,5,2.180308294296265,-3.220457077026367,-0.3350849291790127,-0.7113510602050772
93,ONE_VS_NINE__5E94__auto__0__0,6,4,2.0120298862457275,-1.8745272755622864,1.3997754660835886,-0.0675627575230848
94,HIGH_VS_95LOW__5E94__auto__0__0,7,3,1.580732090132577,-2.044601639111837,1.4195511653627735,0.11207466103408344
95,HIGH_VS_LOOSER__5E94__auto__0__0,7,3,2.167182053838457,-2.8206226030985513,0.030684647734629512,-0.5249926674352324
96,ONE_VS_NINE__5E94__auto__0__1,6,4,2.089699308077494,-1.9259669780731201,1.1181978552520995,-0.7473282805816102
97,HIGH_VS_95LOW__5E94__auto__0__1,7,3,0.9554430586951119,-2.4112861156463623,1.9529364213086855,0.45940316579673157
98,HIGH_VS_LOOSER__5E94__auto__0__1,7,3,2.055771384920393,-3.2757054964701333,0.15709284752545596,0.3230807095855357
99,ONE_VS_NINE__5E94__auto__0__2,6,4,2.110174814860026,-1.9882860630750656,1.475611519617402,-0.4908665343446979
100,HIGH_VS_95LOW__5E94__auto__0__2,6,4,1.5070740679899852,-2.6854329705238342,1.3784377570946915,0.17675710246157558
101,HIGH_VS_LOOSER__5E94__auto__0__2,6,4,2.1829216281572976,-3.405645340681076,0.21896175833844395,-0.015905987593715785
102,ONE_VS_NINE__5E94__auto__0__3,6,4,2.1414116621017456,-1.9758695662021637,1.2998340973272169,0.0017200608230279826
103,HIGH_VS_95LOW__5E94__auto__0__3,7,3,1.5553321838378906,-2.1388057470321655,0.9145992860584845,0.3464575330106914
104,HIGH_VS_LOOSER__5E94__auto__0__3,6,4,2.2262412110964456,-3.1746893227100372,0.1455830938514779,-0.06371478831165962
105,ONE_VS_NINE__5E94__auto__0__4,6,4,1.9944828152656555,-2.0872725546360016,0.2955869779040229,-0.42876790008690896
106,HIGH_VS_95LOW__5E94__auto__0__4,6,4,1.5956248044967651,-2.7916727662086487,1.040798966047866,0.06848501308419803
107,HIGH_VS_LOOSER__5E94__auto__0__4,6,4,2.1578709284464517,-3.409848541021347,0.20396082262892773,0.46820644734432554
108,ONE_VS_NINE__1H0D__auto__0__42,6,4,2.0659833351771035,-1.1847796142101288,-0.3783758552663613,-1.0878151738324973
109,HIGH_VS_95LOW__1H0D__auto__0__42,6,4,1.8536021709442139,-2.8604873418807983,0.1405958874787017,-0.07717642757415603
110,HIGH_VS_LOOSER__1H0D__auto__0__42,6,4,1.6726864178975422,-2.3604175448417664,0.20808967762129482,0.624130269730214
111,ONE_VS_NINE__1H0D__auto__1__42,6,4,2.049831748008728,-1.8428252935409546,0.012253028870790154,-0.7824144278338356
112,HIGH_VS_95LOW__1H0D__auto__1__42,6,4,1.9447781046231587,-3.4294719099998474,-0.22754019364737438,-0.27606732688048263
113,HIGH_VS_LOOSER__1H0D__auto__1__42,6,4,1.569803277651469,-2.8224416375160217,-0.7642840778347879,0.8379924546298297
114,ONE_VS_NINE__1H0D__auto__2__42,6,4,2.003049989541372,-1.755719542503357,0.514709803368738,-0.60004509988277
115,HIGH_VS_95LOW__1H0D__auto__2__42,6,4,1.7790619730949402,-3.2455958127975464,0.16459306360441955,0.6834971182210207
116,HIGH_VS_LOOSER__1H0D__auto__2__42,6,4,1.5773469905058544,-2.5924466848373413,0.8871465767102699,-0.09010489978263264
117,ONE_VS_NINE__1H0D__auto__3__42,5,5,1.9327381610870362,-2.0907419681549073,-0.7245105266144561,-1.0023924388839864
118,HIGH_VS_95LOW__1H0D__auto__3__42,5,5,2.080642032623291,-3.4151354312896727,-1.1951589414841144,0.5008530827438118
119,HIGH_VS_LOOSER__1H0D__auto__3__42,5,5,1.6702983617782592,-2.6662861108779907,-0.3854454954051795,-0.663792739528338
120,ONE_VS_NINE__1H0D__auto__0__0,6,4,1.9751343925793965,-1.4513997733592987,0.2539134092379492,-1.086637080185702
121,HIGH_VS_95LOW__1H0D__auto__0__0,6,4,1.9564079244931538,-2.8460284769535065,-0.10548353614475069,0.045793291263130614
122,HIGH_VS_LOOSER__1H0D__auto__0__0,6,4,1.8089125355084736,-2.476727545261383,0.005470004379302805,0.4308445369278166
123,ONE_VS_NINE__1H0D__auto__0__1,6,4,1.9028222958246868,-1.7447868585586548,0.245485033876996,-0.41406218737140454
124,HIGH_VS_95LOW__1H0D__auto__0__1,6,4,2.0669371485710144,-2.894183576107025,0.6450632635464977,-0.22042117935560682
125,HIGH_VS_LOOSER__1H0D__auto__0__1,6,4,1.6772175828615825,-2.4330695271492004,0.46928315316217706,0.6397947751587236
126,ONE_VS_NINE__1H0D__auto__0__2,7,3,1.9219051599502563,-0.8962960640589396,0.22673516054872087,-0.6731177358968755
127,HIGH_VS_95LOW__1H0D__auto__0__2,6,4,1.8555243213971455,-2.795906126499176,0.5394606980995249,0.03441244458789929
128,HIGH_VS_LOOSER__1H0D__auto__0__2,6,4,1.6351057887077332,-2.365596652030945,0.28200142295631714,0.45847173246404344
129,ONE_VS_NINE__1H0D__auto__0__3,6,4,1.9740528066953023,-1.4937307685613632,1.1669724440990783,-0.6351013573815412
130,HIGH_VS_95LOW__1H0D__auto__0__3,6,4,1.8635720411936443,-2.7409940659999847,-0.6845847155451895,-0.017377183206895536
131,HIGH_VS_LOOSER__1H0D__auto__0__3,6,4,1.6662032008171082,-2.345221370458603,0.9530696395382001,0.2981247178012618
132,ONE_VS_NINE__1H0D__auto__0__4,6,4,2.103102723757426,-1.449807956814766,0.18398824751428322,-0.6510149528117246
133,HIGH_VS_95LOW__1H0D__auto__0__4,6,4,1.9020827809969585,-2.740532696247101,0.023679770234308853,-0.022111367028890626
134,HIGH_VS_LOOSER__1H0D__auto__0__4,6,4,1.678460379441579,-2.398473799228668,-0.6601188583158654,0.2689287665968109
135,ONE_VS_NINE__1WEJ__auto__0__42,7,3,2.4164308650153026,-1.3696015278498332,0.33818769072019667,-0.5696688641888769
136,HIGH_VS_95LOW__1WEJ__auto__0__42,7,3,1.4745230376720428,-1.464452823003133,1.3266584368219034,-0.671713148594322
137,HIGH_VS_LOOSER__1WEJ__auto__0__42,7,3,1.9762263127735682,-3.243424336115519,1.3011611865785817,-0.7070986151236623
138,ONE_VS_NINE__1WEJ__auto__1__42,6,4,2.243648807207743,-1.5341365039348602,-0.26537463506921494,0.3943370323348011
139,HIGH_VS_95LOW__1WEJ__auto__1__42,6,4,2.2452321449915567,-3.5722933411598206,1.0013221335402072,-0.825942732571082
140,HIGH_VS_LOOSER__1WEJ__auto__1__42,6,4,2.153173883756002,-4.7202849090099335,0.24694234154213374,0.020326686719341583
141,ONE_VS_NINE__1WEJ__auto__2__42,6,4,2.156516174475352,-1.4132153689861298,-0.5541691341368528,-0.13277095369219688
142,HIGH_VS_95LOW__1WEJ__auto__2__42,6,4,2.3482239643732705,-3.452049195766449,-0.3816193178488249,0.12023462204876408
143,HIGH_VS_LOOSER__1WEJ__auto__2__42,6,4,2.0844055811564126,-4.247607350349426,-0.7866024737807319,0.455645446560641
144,ONE_VS_NINE__1WEJ__auto__3__42,5,5,2.1786407232284546,-1.7507069110870361,-0.3855376025658483,-1.141653271803866
145,HIGH_VS_95LOW__1WEJ__auto__3__42,5,5,2.3533167123794554,-3.491249370574951,0.181160048166622,-1.068966291847473
146,HIGH_VS_LOOSER__1WEJ__auto__3__42,5,5,2.3299192428588866,-4.409630703926086,1.4224350398322003,0.5227595850155672
147,ONE_VS_NINE__1WEJ__auto__0__0,7,3,2.3686439309801375,-1.4584407409032185,0.7668619465647734,-0.6937074180020066
148,HIGH_VS_95LOW__1WEJ__auto__0__0,6,4,1.9465139110883076,-2.9293476939201355,1.051511359773932,-1.0014933934134391
149,HIGH_VS_LOOSER__1WEJ__auto__0__0,7,3,2.004708392279489,-3.6567212343215942,0.7678342330542492,-0.6992286510619754
150,ONE_VS_NINE__1WEJ__auto__0__1,7,3,2.303224359239851,-1.588612715403239,0.915507609801684,-0.28974775300591776
151,HIGH_VS_95LOW__1WEJ__auto__0__1,7,3,1.28654459970338,-1.3862373034159343,1.5199343875942775,0.09953502876621283
152,HIGH_VS_LOOSER__1WEJ__auto__0__1,6,4,2.0937045216560364,-4.23091185092926,1.4054598536618148,0.6242480461853704
153,ONE_VS_NINE__1WEJ__auto__0__2,6,4,2.4293710589408875,-1.3339068293571472,0.1806747316528872,-0.12476000705611695
154,HIGH_VS_95LOW__1WEJ__auto__0__2,6,4,1.6127885977427165,-2.969043642282486,1.489687801014597,-0.42363669617970806
155,HIGH_VS_LOOSER__1WEJ__auto__0__2,6,4,2.1842424869537354,-4.260739326477051,1.3931463622180245,0.5685398295023015
156,ONE_VS_NINE__1WEJ__auto__0__3,7,3,2.5310902425221036,-1.4755055904388428,0.36233409918377024,-0.5801939536739394
157,HIGH_VS_95LOW__1WEJ__auto__0__3,6,4,2.129004875818888,-3.201923191547394,1.1128690729340132,0.6337026086266204
158,HIGH_VS_LOOSER__1WEJ__auto__0__3,7,3,2.054798586027963,-3.9346054792404175,1.332499498642106,0.33623948313761076
159,ONE_VS_NINE__1WEJ__auto__0__4,7,3,2.339410424232483,-1.3924267689387004,-0.6477745087672538,-0.6573764260595376
160,HIGH_VS_95LOW__1WEJ__auto__0__4,7,3,1.7679180545466286,-1.6600559155146282,0.6754961050409397,-0.6843105016348884
161,HIGH_VS_LOOSER__1WEJ__auto__0__4,6,4,2.2044689655303955,-4.293295055627823,0.061922244680881394,0.9871861284764838
162,ONE_VS_NINE__1ADQ__auto__0__42,6,4,2.436739365259806,-1.587512493133545,0.9463574675587205,0.11954397969836796
163,HIGH_VS_95LOW__1ADQ__auto__0__42,7,3,0.8665062699999128,-2.450553297996521,1.215677078835386,0.3781196849011145
164,HIGH_VS_LOOSER__1ADQ__auto__0__42,7,3,1.7719381196158273,-2.823616067568461,1.023125458470801,-0.3904996607847132
165,ONE_VS_NINE__1ADQ__auto__1__42,6,4,2.349778930346171,-1.96284219622612,0.1015377500886951,0.13179147131580118
166,HIGH_VS_95LOW__1ADQ__auto__1__42,6,4,1.4106893241405487,-3.7310829758644104,1.521464497548937,-0.9077896617070901
167,HIGH_VS_LOOSER__1ADQ__auto__1__42,6,4,1.8529964089393616,-2.9702211916446686,0.6523951896777147,-0.5355577130921969
168,ONE_VS_NINE__1ADQ__auto__2__42,6,4,2.363958160082499,-1.7737898528575897,0.9403727750471991,1.0684401566748112
169,HIGH_VS_95LOW__1ADQ__auto__2__42,6,4,1.490656574567159,-3.4400086402893066,0.60350755164945,0.8913542567276185
170,HIGH_VS_LOOSER__1ADQ__auto__2__42,5,5,1.8295840978622437,-2.661624217033386,0.5082867654875368,-0.7268121454377218
171,ONE_VS_NINE__1ADQ__auto__3__42,5,5,2.3429213762283325,-1.6695279836654664,1.0972445376994107,-0.3447561375314152
172,HIGH_VS_95LOW__1ADQ__auto__3__42,5,5,1.3273283243179321,-3.169823980331421,1.0237387778108362,0.5150174778206728
173,HIGH_VS_LOOSER__1ADQ__auto__3__42,5,5,1.963156485557556,-2.7600704431533813,0.9120415878006474,-0.6846346255261403
174,ONE_VS_NINE__1ADQ__auto__0__0,6,4,2.3937275807062783,-1.661963552236557,1.4958338467511252,0.4299830497186819
175,HIGH_VS_95LOW__1ADQ__auto__0__0,6,4,1.4426636497179668,-3.1845264434814453,-0.020065797899447086,0.08829781039169017
176,HIGH_VS_LOOSER__1ADQ__auto__0__0,6,4,1.6597269376118977,-2.5208134055137634,0.8563702659140644,-0.8961351837870772
177,ONE_VS_NINE__1ADQ__auto__0__1,6,4,2.160661200682322,-1.7200981974601746,0.5205758414980199,-0.42187151392461025
178,HIGH_VS_95LOW__1ADQ__auto__0__1,7,3,1.3111035483224052,-2.8433276414871216,1.349420194182865,0.5928321142420633
179,HIGH_VS_LOOSER__1ADQ__auto__0__1,6,4,1.6721175114313762,-2.560305595397949,1.2581583616349818,-0.4269269092803489
180,ONE_VS_NINE__1ADQ__auto__0__2,6,4,2.2764915029207864,-1.6163211464881897,0.9550225209616828,0.11392996957021771
181,HIGH_VS_95LOW__1ADQ__auto__0__2,6,4,1.2436900983254116,-3.0308084785938263,1.0335178104792822,0.4512217742455738
182,HIGH_VS_LOOSER__1ADQ__auto__0__2,6,4,1.6475699345270793,-2.8665335178375244,0.9082660871462341,-0.27499109442090913
183,ONE_VS_NINE__1ADQ__auto__0__3,6,4,2.4540633956591287,-1.5355989933013916,1.2187569222627619,-0.21161873318608226
184,HIGH_VS_95LOW__1ADQ__auto__0__3,7,3,0.7873021704810006,-2.4610819816589355,1.2863497298829782,-0.5803125245458668
185,HIGH_VS_LOOSER__1ADQ__auto__0__3,6,4,1.8044999440511067,-2.569912761449814,-0.391324404544429,-1.0166253099470413
186,ONE_VS_NINE__1ADQ__auto__0__4,6,4,2.149056375026703,-1.510407418012619,1.1974221386991515,-0.05455410716235018
187,HIGH_VS_95LOW__1ADQ__auto__0__4,7,3,0.679375593151365,-2.557581822077433,1.4517753274889875,-0.5578972119140493
188,HIGH_VS_LOOSER__1ADQ__auto__0__4,6,4,1.64077623685201,-2.523802489042282,-0.08216738715617465,0.39684491192084853
189,ONE_VS_NINE__1FBI__auto__0__42,7,3,1.4374468922615051,-1.218511700630188,0.46338841198725234,-0.7071033674045925
190,HIGH_VS_95LOW__1FBI__auto__0__42,7,3,1.8261164937700545,-2.564625104268392,1.5932025489400883,0.3864051353541659
191,HIGH_VS_LOOSER__1FBI__auto__0__42,6,4,3.0498188932736716,-3.8145852088928223,-0.5582535250465587,1.1194767059740536
192,ONE_VS_NINE__1FBI__auto__1__42,6,4,1.9078579346338909,-2.1197935938835144,0.0273701377898361,-0.6596177277978621
193,HIGH_VS_95LOW__1FBI__auto__1__42,6,4,1.932586928208669,-3.354817569255829,0.9832427946995197,-0.004224848663932502
194,HIGH_VS_LOOSER__1FBI__auto__1__42,6,4,3.0139389435450235,-4.40216201543808,-0.2232186045966158,0.18638168577403372
195,ONE_VS_NINE__1FBI__auto__2__42,6,4,1.7572446664174397,-1.9523205757141113,1.1206152513710805,-0.1642500624897132
196,HIGH_VS_95LOW__1FBI__auto__2__42,6,4,1.9256368577480316,-3.315468430519104,0.7004488953441046,0.6341419063695888
197,HIGH_VS_LOOSER__1FBI__auto__2__42,6,4,2.6129174629847207,-4.1214916706085205,0.04255730000901715,1.0776142736698895
198,ONE_VS_NINE__1FBI__auto__3__42,5,5,1.7999815702438355,-2.552487874031067,0.262006133034817,-0.7129092195004584
199,HIGH_VS_95LOW__1FBI__auto__3__42,5,5,1.8088640689849853,-3.2998205184936524,1.2955475775698673,0.1980371639164879
200,HIGH_VS_LOOSER__1FBI__auto__3__42,5,5,3.1560070753097533,-3.8703360080718996,-0.3654368854389809,1.4438531282937885
201,ONE_VS_NINE__1FBI__auto__0__0,7,3,1.5408003841127669,-1.1324548919995625,0.22152149836844856,-0.7061395089104093
202,HIGH_VS_95LOW__1FBI__auto__0__0,7,3,2.0320839285850525,-2.1356631914774575,1.1856690678782194,-0.7065568136344247
203,HIGH_VS_LOOSER__1FBI__auto__0__0,6,4,2.817650099595388,-3.9163263142108917,0.06326919779569312,1.0593646893119073
204,ONE_VS_NINE__1FBI__auto__0__1,7,3,1.612206416470664,-1.23479167620341,0.06155417162885945,-0.6801934083151137
205,HIGH_VS_95LOW__1FBI__auto__0__1,7,3,1.7785034264836992,-2.252738356590271,1.7404412395567264,-0.6821815407043644
206,HIGH_VS_LOOSER__1FBI__auto__0__1,7,3,2.6481914009366716,-3.8043368260065713,0.2897087613415545,0.6560250558574358
207,ONE_VS_NINE__1FBI__auto__0__2,7,3,1.4482805047716414,-0.9882036844889323,0.6218506423945203,-0.7070254336786264
208,HIGH_VS_95LOW__1FBI__auto__0__2,7,3,1.8016876237733024,-2.3793254295984902,1.612250055895377,-0.05398039540749821
209,HIGH_VS_LOOSER__1FBI__auto__0__2,6,4,2.879686951637268,-3.8270398378372192,0.06968317392484061,1.1073531982466531
210,ONE_VS_NINE__1FBI__auto__0__3,7,3,1.528561294078827,-0.9184517065684,0.4786705309559506,-0.43258372667569156
211,HIGH_VS_95LOW__1FBI__auto__0__3,7,3,1.6818475467818124,-1.839706579844157,1.3544670652864057,-0.7069785255487245
212,HIGH_VS_LOOSER__1FBI__auto__0__3,6,4,2.777171234289805,-3.877005696296692,0.20888682470808423,1.1055728928473205
213,ONE_VS_NINE__1FBI__auto__0__4,7,3,1.6088082790374756,-1.2207427024841309,0.2687155007682173,-0.7067505027689406
214,HIGH_VS_95LOW__1FBI__auto__0__4,7,3,1.835662032876696,-1.7006485064824421,1.5587087182386752,-0.1538933555692088
215,HIGH_VS_LOOSER__1FBI__auto__0__4,6,4,2.599193354447683,-3.736838787794113,0.5987372612200782,1.0866300961352668
216,ONE_VS_NINE__2YPV__auto__0__42,6,4,2.041277825832367,-1.2008096575737,-0.3511753235509321,-1.0966461802462635
217,HIGH_VS_95LOW__2YPV__auto__0__42,6,4,1.8120344281196594,-3.6263920962810516,0.9986687698273534,-0.008974736141253261
218,HIGH_VS_LOOSER__2YPV__auto__0__42,6,4,1.979985813299815,-5.01590234041214,-0.13871760797672336,-0.43399899990131396
219,ONE_VS_NINE__2YPV__auto__1__42,6,4,2.1815048257509866,-1.4693213999271393,0.7367401661543923,0.227053250796497
220,HIGH_VS_95LOW__2YPV__auto__1__42,6,4,2.1819764574368796,-4.411358654499054,0.5079880742715246,0.23430954165890466
221,HIGH_VS_LOOSER__2YPV__auto__1__42,6,4,1.960488776365916,-5.56436550617218,-0.34033182090397307,-0.8571336843931203
222,ONE_VS_NINE__2YPV__auto__2__42,6,4,1.9501809080441792,-1.351661816239357,-0.5917835664412842,-0.43779685332952845
223,HIGH_VS_95LOW__2YPV__auto__2__42,6,4,2.2915823658307395,-4.466678977012634,0.25848287232175193,-0.4425632173680978
224,HIGH_VS_LOOSER__2YPV__auto__2__42,6,4,1.8678016861279805,-5.295259058475494,1.2257172889794428,-0.4632576604767844
225,ONE_VS_NINE__2YPV__auto__3__42,5,5,1.9741196393966676,-1.3181920528411866,-0.5621273841041173,-0.17701470465505473
226,HIGH_VS_95LOW__2YPV__auto__3__42,5,5,2.117100143432617,-4.179554748535156,1.1919935802477473,0.004389939124500015
227,HIGH_VS_LOOSER__2YPV__auto__3__42,5,5,1.9693703174591064,-4.792345142364502,-1.0684023749150349,0.26158722217546776
228,ONE_VS_NINE__2YPV__auto__0__0,6,4,2.0768392086029053,-1.267236590385437,0.5242523592964576,0.3040685098595914
229,HIGH_VS_95LOW__2YPV__auto__0__0,6,4,1.9652565618356068,-3.8109086453914642,1.217071017849184,-0.16872805447333203
230,HIGH_VS_LOOSER__2YPV__auto__0__0,6,4,1.962263782819112,-5.037971019744873,0.17142290123472959,0.42039428706837123
231,ONE_VS_NINE__2YPV__auto__0__1,7,3,2.088724204472133,-1.3420795599619548,-0.19165684301225483,-0.6985095519228162
232,HIGH_VS_95LOW__2YPV__auto__0__1,6,4,1.6749859750270844,-3.8813067078590393,1.5155605595119768,-0.38174774189755717
233,HIGH_VS_LOOSER__2YPV__auto__0__1,6,4,2.0005431373914084,-5.195379793643951,0.525711781526828,-0.5949878593842793
234,ONE_VS_NINE__2YPV__auto__0__2,6,4,2.1341541012128196,-1.3463391661643982,0.14930212654407213,-0.6462111116182699
235,HIGH_VS_95LOW__2YPV__auto__0__2,6,4,2.075048844019572,-3.9070056676864624,1.1023913461387886,0.3088385527762792
236,HIGH_VS_LOOSER__2YPV__auto__0__2,6,4,2.0529445012410483,-5.215343773365021,-0.12837022366331158,0.7077002711877243
237,ONE_VS_NINE__2YPV__auto__0__3,7,3,1.9521765879222326,-1.233437995115916,0.12470229539537568,-0.6978272267416201
238,HIGH_VS_95LOW__2YPV__auto__0__3,7,3,1.74628084897995,-3.6282265981038413,0.5717963874567716,-0.039367066382215134
239,HIGH_VS_LOOSER__2YPV__auto__0__3,6,4,2.037797451019287,-5.260722279548645,0.3437909336065336,-0.22231911738013163
240,ONE_VS_NINE__2YPV__auto__0__4,7,3,1.959958451134818,-1.1884842316309612,0.10177087746858457,-0.6997220542415127
241,HIGH_VS_95LOW__2YPV__auto__0__4,6,4,1.8577225804328918,-3.8362471163272858,1.4005759540365041,0.04768714484762639
242,HIGH_VS_LOOSER__2YPV__auto__0__4,6,4,2.223400076230367,-5.116848051548004,0.0309441199342803,0.7484981985681175
243,ONE_VS_NINE__1OB1__auto__0__42,6,4,1.9382896622021992,-1.5871067494153976,0.8767208902893167,-0.5171786895915623
244,HIGH_VS_95LOW__1OB1__auto__0__42,6,4,1.2212240894635518,-2.87689408659935,1.6624035244931825,-0.33560022378942567
245,HIGH_VS_LOOSER__1OB1__auto__0__42,6,4,1.8601577083269756,-2.7021571695804596,0.7774039851112328,-0.4285157907079482
246,ONE_VS_NINE__1OB1__auto__1__42,6,4,2.096199711163839,-2.014810562133789,0.8575472332705475,-0.08941999618308057
247,HIGH_VS_95LOW__1OB1__auto__1__42,6,4,1.1668458183606465,-3.618175208568573,1.7186139210020177,-0.9760799282228012
248,HIGH_VS_LOOSER__1OB1__auto__1__42,6,4,1.8648732701937358,-3.047293335199356,0.4525196411092417,-0.4623996648542769
249,ONE_VS_NINE__1OB1__auto__2__42,6,4,1.913889358441035,-1.8008494675159454,0.40021921837014135,0.18279950316416566
250,HIGH_VS_95LOW__1OB1__auto__2__42,6,4,1.219323347012202,-3.24950635433197,1.7583433457984567,-0.04165496126432425
251,HIGH_VS_LOOSER__1OB1__auto__2__42,6,4,1.8679649631182353,-2.8564761579036713,0.453848140057866,-0.4505363348546343
252,ONE_VS_NINE__1OB1__auto__3__42,5,5,2.1840527057647705,-2.219796562194824,0.3401087594090974,0.34016116175709943
253,HIGH_VS_95LOW__1OB1__auto__3__42,5,5,0.9080714702606201,-3.7569697856903077,0.30415629834185376,0.3616268156168075
254,HIGH_VS_LOOSER__1OB1__auto__3__42,5,5,2.309346556663513,-2.7934768915176393,0.614713166296659,-0.2834478354443671
255,ONE_VS_NINE__1OB1__auto__0__0,7,3,1.9609370742525374,-1.2015615502993267,0.6697103714975007,-0.6804794254107857
256,HIGH_VS_95LOW__1OB1__auto__0__0,6,4,1.0917741854985554,-3.1098297238349915,1.614984590544806,0.2581395422803224
257,HIGH_VS_LOOSER__1OB1__auto__0__0,6,4,1.9523586233456929,-2.1770123541355133,1.0683929821865608,-1.0529071542929622
258,ONE_VS_NINE__1OB1__auto__0__1,7,3,1.9510170136179243,-1.372850517431895,0.0969397608693,-0.6724739518474246
259,HIGH_VS_95LOW__1OB1__auto__0__1,6,4,1.3785822093486786,-2.614943414926529,1.5725778083065747,-0.5478622521275492
260,HIGH_VS_LOOSER__1OB1__auto__0__1,6,4,1.7966607411702473,-2.187469094991684,0.6251420109124013,-1.1101854143104122
261,ONE_VS_NINE__1OB1__auto__0__2,7,3,1.961335871900831,-1.1174012223879497,0.3056085386978656,-0.6691462957830892
262,HIGH_VS_95LOW__1OB1__auto__0__2,7,3,1.038335578782218,-2.3952560424804688,1.9954550336371875,-0.05308309709844309
263,HIGH_VS_LOOSER__1OB1__auto__0__2,6,4,1.5597235262393951,-2.5036492347717285,0.17185087245662678,-0.6807141520256533
264,ONE_VS_NINE__1OB1__auto__0__3,7,3,2.043754424367632,-1.2924070755640666,0.66724960399493,-0.6845210146234832
265,HIGH_VS_95LOW__1OB1__auto__0__3,6,4,1.484528472026189,-2.8879627883434296,1.3064437868025855,0.4035473153054248
266,HIGH_VS_LOOSER__1OB1__auto__0__3,6,4,1.8167117536067963,-2.132848769426346,0.5447346050100983,-1.1477141660811694
267,ONE_VS_NINE__1OB1__auto__0__4,8,2,1.8690321296453476,-1.1198731064796448,0.7587805487879001,0.0
268,HIGH_VS_95LOW__1OB1__auto__0__4,6,4,1.3000628252824147,-3.2752327919006348,1.547166241339798,0.5833088863248832
269,HIGH_VS_LOOSER__1OB1__auto__0__4,6,4,1.8500474393367767,-2.514187753200531,0.42242652145452697,-0.688746984122765
270,ONE_VS_ONE__3VRL__1NSN__0__42,7,3,2.335549865450178,-2.4029398361841836,0.5929705397083118,0.18085745245117654
271,ONE_VS_ONE__3VRL__3RAJ__0__42,6,4,2.443561871846517,-0.9473549872636795,0.8663519929311847,-0.683291539485631
272,ONE_VS_ONE__3VRL__5E94__0__42,6,4,2.394755701224009,-1.8990968763828278,-0.2410327019271608,-0.3843637703162017
273,ONE_VS_ONE__3VRL__1H0D__0__42,7,3,2.675653713090079,-1.396087606747945,0.2616773218541738,0.3685327850845104
274,ONE_VS_ONE__3VRL__1WEJ__0__42,6,4,2.767233153184255,-2.871475011110306,1.1150850923079194,0.27411331805035466
275,ONE_VS_ONE__3VRL__1ADQ__0__42,6,4,2.585388720035553,-1.5936649292707443,0.21525644778161157,-1.1392009484542203
276,ONE_VS_ONE__3VRL__1FBI__0__42,6,4,2.534035801887512,-1.517778992652893,0.6456841492210291,-0.027673314043843836
277,ONE_VS_ONE__3VRL__2YPV__0__42,6,4,2.3703349828720093,-2.073898196220398,0.13314696588954214,-0.8818970133338142
278,ONE_VS_ONE__3VRL__1OB1__0__42,6,4,3.0987852215766907,-1.524385392665863,-0.021135866874418544,-1.0905823834194446
279,ONE_VS_ONE__1NSN__3VRL__0__42,6,4,3.2628570795059204,-1.3873821794986725,0.3014989364656411,-0.8078356616724196
280,ONE_VS_ONE__1NSN__3RAJ__0__42,6,4,4.311010440190633,-1.530214011669159,0.6624171634358743,0.7072366857012219
281,ONE_VS_ONE__1NSN__5E94__0__42,6,4,3.570193330446879,-2.256385028362274,0.5257578202862017,-0.19771424817407673
282,ONE_VS_ONE__1NSN__1H0D__0__42,7,3,3.251102958406721,-1.7068989674250286,1.0764239752447775,-0.6543962885295811
283,ONE_VS_ONE__1NSN__1WEJ__0__42,6,4,3.332456350326538,-2.0550293624401093,-0.5084448732227836,-0.0025961091541497447
284,ONE_VS_ONE__1NSN__1ADQ__0__42,6,4,4.09389082590739,-1.6099961698055267,0.2499765447929799,0.2637318507850786
285,ONE_VS_ONE__1NSN__1FBI__0__42,6,4,3.309690237045288,-1.8563362658023834,0.4183567740289284,-0.0408138328343409
286,ONE_VS_ONE__1NSN__2YPV__0__42,6,4,3.196619232495626,-2.2266355752944946,0.6786133251168176,-0.7971289603387263
287,ONE_VS_ONE__1NSN__1OB1__0__42,6,4,3.715977986653646,-1.1036019027233124,-0.1523612129932792,0.05317510847108872
288,ONE_VS_ONE__3RAJ__3VRL__0__42,7,3,2.4748208863394603,-2.4217479626337686,0.32591351304281585,-0.3586684072952041
289,ONE_VS_ONE__3RAJ__1NSN__0__42,7,3,1.945298194885254,-4.911754449208577,0.9383572644965688,0.6126690434093932
290,ONE_VS_ONE__3RAJ__5E94__0__42,6,4,1.61751784880956,-2.3071444630622864,0.3120945453222881,0.24397367416707993
291,ONE_VS_ONE__3RAJ__1H0D__0__42,7,3,2.2809197391782488,-1.5241672992706299,0.6811574381952323,0.1270428591998895
292,ONE_VS_ONE__3RAJ__1WEJ__0__42,6,4,2.2093701561292014,-2.746072828769684,-0.1889193695379831,-0.4110910891492593
293,ONE_VS_ONE__3RAJ__1ADQ__0__42,6,4,2.3537830114364624,-2.299580305814743,0.5110467263576446,-0.022289133397119333
294,ONE_VS_ONE__3RAJ__1FBI__0__42,6,4,2.387085199356079,-1.3992163389921188,-0.17552553679284136,-0.9921779236732025
295,ONE_VS_ONE__3RAJ__2YPV__0__42,6,4,2.0823357105255127,-2.8661246299743652,0.30552691352274963,-0.6531189471933189
296,ONE_VS_ONE__3RAJ__1OB1__0__42,7,3,2.8933404684066772,-1.1637142896652222,-0.4020542852714616,0.47814041742594887
297,ONE_VS_ONE__5E94__3VRL__0__42,7,3,2.732564244951521,-1.7774966955184937,0.5536571472009864,-0.3212105262967402
298,ONE_VS_ONE__5E94__1NSN__0__42,7,3,2.9327308791024342,-2.590588370958964,0.32542703057997385,-0.6702219062827512
299,ONE_VS_ONE__5E94__3RAJ__0__42,6,4,2.4516955614089966,-1.1405691802501678,1.137524361136297,-0.8655181694038176
300,ONE_VS_ONE__5E94__1H0D__0__42,7,3,2.416275450161525,-1.0956156253814697,0.23960899291935517,-0.3634291488381429
301,ONE_VS_ONE__5E94__1WEJ__0__42,6,4,2.1973883509635925,-2.263961613178253,0.5258184601085769,-0.10141581973775014
302,ONE_VS_ONE__5E94__1ADQ__0__42,6,4,2.8348454236984253,-2.588369905948639,-0.8284549465758986,-0.491589167702767
303,ONE_VS_ONE__5E94__1FBI__0__42,6,4,2.660187760988871,-1.2710295170545578,-0.07291097127884417,-0.9494894218677765
304,ONE_VS_ONE__5E94__2YPV__0__42,6,4,2.2960917750994363,-2.4787528812885284,-0.04451526446840305,-0.6558683032118089
305,ONE_VS_ONE__5E94__1OB1__0__42,7,3,2.473942756652832,-1.259136696656545,0.3734762362112914,-0.6235757675068156
306,ONE_VS_ONE__1H0D__3VRL__0__42,7,3,2.697603668485369,-1.1942062377929688,0.46793784807334454,0.15893553813722885
307,ONE_VS_ONE__1H0D__1NSN__0__42,7,3,2.6332595688956126,-3.2779698371887207,0.5858426996166662,-0.47870907734157936
308,ONE_VS_ONE__1H0D__3RAJ__0__42,6,4,3.0567572911580405,-0.8522634208202362,1.4333256295614896,-0.016721195744210958
309,ONE_VS_ONE__1H0D__5E94__0__42,6,4,3.0505605141321817,-1.2015604078769684,0.9749419773913685,-1.1128571745025693
310,ONE_VS_ONE__1H0D__1WEJ__0__42,6,4,2.1095370848973594,-2.019299626350403,0.7808119499762037,-0.10356675362830241
311,ONE_VS_ONE__1H0D__1ADQ__0__42,6,4,3.371363043785095,-1.8415260910987854,0.3454508938223767,-0.7908459582031377
312,ONE_VS_ONE__1H0D__1FBI__0__42,6,4,3.370947003364563,-1.0428426861763,1.1235052875504838,0.08438116923495365
313,ONE_VS_ONE__1H0D__2YPV__0__42,7,3,2.2503182888031006,-1.895769476890564,1.166766317446031,-0.7065715085332444
314,ONE_VS_ONE__1H0D__1OB1__0__42,6,4,2.565580368041992,-1.4273151457309723,-0.5855362222626449,-0.19003030425415504
315,ONE_VS_ONE__1WEJ__3VRL__0__42,7,3,3.0046426228114536,-2.349985043207804,0.0973380977581646,-0.7039706386960778
316,ONE_VS_ONE__1WEJ__1NSN__0__42,7,3,2.135782241821289,-3.0395469665527344,0.1974107206906398,0.2776147325132365
317,ONE_VS_ONE__1WEJ__3RAJ__0__42,6,4,3.2492358684539795,-1.625888615846634,0.7627181831612504,-0.4989486583116633
318,ONE_VS_ONE__1WEJ__5E94__0__42,7,3,2.577759998185294,-1.7083290815353394,0.11838682324828942,-0.39901383700760645
319,ONE_VS_ONE__1WEJ__1H0D__0__42,8,2,2.3268174678087234,-1.3971256613731384,-0.5692292129629615,0.0
320,ONE_VS_ONE__1WEJ__1ADQ__0__42,7,3,3.0642801352909634,-1.5201898018519084,0.5934069174912943,-0.5764298505343269
321,ONE_VS_ONE__1WEJ__1FBI__0__42,6,4,2.535954932371775,-1.3568855226039886,-0.3477362725919936,-1.1003404358943252
322,ONE_VS_ONE__1WEJ__2YPV__0__42,6,4,2.6872931321461997,-2.648579031229019,1.1965951936933747,0.0980465881307479
323,ONE_VS_ONE__1WEJ__1OB1__0__42,7,3,3.0186072077069963,-1.1730583707491558,-0.10306976603914154,-0.4416241662489223
324,ONE_VS_ONE__1ADQ__3VRL__0__42,7,3,2.82258677482605,-2.17720361550649,0.30208413071521506,0.4047504239423191
325,ONE_VS_ONE__1ADQ__1NSN__0__42,7,3,2.624494433403015,-3.3181901772816977,1.4399370945406211,-0.11666868141579541
326,ONE_VS_ONE__1ADQ__3RAJ__0__42,6,4,2.9372013409932456,-1.7985747754573822,0.46613768838772396,-0.1180395542959866
327,ONE_VS_ONE__1ADQ__5E94__0__42,6,4,3.2022502422332764,-2.4392865896224976,0.6437495369976234,0.018755528301551902
328,ONE_VS_ONE__1ADQ__1H0D__0__42,8,2,2.784331575036049,-1.2964907884597778,-0.7215911838790371,0.0
329,ONE_VS_ONE__1ADQ__1WEJ__0__42,6,4,2.4497727751731873,-2.7202170193195343,1.0018268623151128,-0.45670054807044647
330,ONE_VS_ONE__1ADQ__1FBI__0__42,6,4,2.9026246468226113,-1.7530048936605453,0.5953354951108654,-0.3924449885599815
331,ONE_VS_ONE__1ADQ__2YPV__0__42,6,4,2.2232490181922913,-3.1458001732826233,-0.5966946656358595,-0.387362774722517
332,ONE_VS_ONE__1ADQ__1OB1__0__42,6,4,2.9981056451797485,-1.556447446346283,-0.09519077428668242,-1.0598324565314063
333,ONE_VS_ONE__1FBI__3VRL__0__42,7,3,2.355982167380197,-1.196000615755717,0.34985061791077116,-0.6811701104734414
334,ONE_VS_ONE__1FBI__1NSN__0__42,7,3,2.152171177523477,-2.6847244103749595,0.6122769414913009,0.7053993628755951
335,ONE_VS_ONE__1FBI__3RAJ__0__42,7,3,2.0654574121747697,-0.8584499756495158,-0.018450822276613835,0.6159540766736679
336,ONE_VS_ONE__1FBI__5E94__0__42,7,3,2.3045855164527893,-1.4268726110458374,0.1253989140847947,-0.3615721588548811
337,ONE_VS_ONE__1FBI__1H0D__0__42,8,2,2.3684364557266235,-1.5320303440093994,0.7070666912575932,0.0
338,ONE_VS_ONE__1FBI__1WEJ__0__42,7,3,2.3186672244753157,-1.269177993138631,0.5192623247056173,0.6945201063158891
339,ONE_VS_ONE__1FBI__1ADQ__0__42,7,3,1.9434239183153426,-1.3971486886342366,0.18411284362023428,-0.40905888108402816
340,ONE_VS_ONE__1FBI__2YPV__0__42,6,4,1.3261367082595825,-2.652667611837387,0.8773186972295334,-0.2009930947184406
341,ONE_VS_ONE__1FBI__1OB1__0__42,7,3,2.12824593271528,-1.2299678723017375,-0.03931030163806851,-0.6919091845784824
342,ONE_VS_ONE__2YPV__3VRL__0__42,7,3,2.94670113495418,-1.4602393706639607,-0.10782959351819138,0.24048287185941064
343,ONE_VS_ONE__2YPV__1NSN__0__42,7,3,2.7597090687070573,-2.467673897743225,0.5982588801887797,-0.60094418774761
344,ONE_VS_ONE__2YPV__3RAJ__0__42,6,4,3.037079850832621,-1.1794344037771225,0.08597366553641841,-0.6375636999344199
345,ONE_VS_ONE__2YPV__5E94__0__42,6,4,3.142749468485514,-1.7548194825649261,0.5576006357190576,-0.834799630914203
346,ONE_VS_ONE__2YPV__1H0D__0__42,6,4,1.9300065437952678,-1.7275544106960297,-0.05860608123265071,-1.0884067022185329
347,ONE_VS_ONE__2YPV__1WEJ__0__42,7,3,3.1805383137294223,-1.887058973312378,-0.11538871954757927,-0.6594298810757933
348,ONE_VS_ONE__2YPV__1ADQ__0__42,7,3,3.1225972175598145,-1.3078266382217407,-0.2518444713262918,-0.46823494866730053
349,ONE_VS_ONE__2YPV__1FBI__0__42,6,4,2.862770199775696,-0.9665237218141556,-0.12204939709164422,-0.9823064198003226
350,ONE_VS_ONE__2YPV__1OB1__0__42,7,3,2.9364689758845737,-1.1975351174672444,0.8823082614557494,0.09388403443226152
351,ONE_VS_ONE__1OB1__3VRL__0__42,7,3,3.0918498379843578,-1.1369186639785767,0.4846923687492625,0.4161947407614925
352,ONE_VS_ONE__1OB1__1NSN__0__42,7,3,2.663204159055437,-1.9918617010116577,-0.13757541709828475,-0.7056163299574538
353,ONE_VS_ONE__1OB1__3RAJ__0__42,6,4,2.683193842569987,-2.032455801963806,-0.47712547405513056,-0.04202892405400856
354,ONE_VS_ONE__1OB1__5E94__0__42,6,4,2.556532601515452,-1.6351617872714996,-0.7883548751487052,0.19876616227805502
355,ONE_VS_ONE__1OB1__1H0D__0__42,8,2,2.04791446775198,-1.3011927604675293,0.1325102723173808,0.0
356,ONE_VS_ONE__1OB1__1WEJ__0__42,6,4,2.81406299273173,-2.5521549582481384,-1.1314174644328185,-0.13322461741845537
357,ONE_VS_ONE__1OB1__1ADQ__0__42,7,3,2.8881923811776296,-0.9336316188176473,-0.05086440897550962,-0.07349177525711548
358,ONE_VS_ONE__1OB1__1FBI__0__42,6,4,2.0464161137739816,-1.485872969031334,-0.22382014087687654,-1.1343701465091593
359,ONE_VS_ONE__1OB1__2YPV__0__42,7,3,1.8966312578746252,-1.591980218887329,0.6710794300224908,-0.6023536377532712
