,train_task,jsd,acc,train_ag,train_neg,seed,split
0,vs 9,2.864139174614534,0.943271635817909,5E94,auto,2,42
1,vs 9,3.0197702736775276,0.9348674337168584,1WEJ,auto,2,42
2,vs 9,1.9311060073950113,0.9115557778889444,1ADQ,auto,2,42
3,vs 9,2.997983703221413,0.9499749874937468,1OB1,auto,2,42
4,vs 9,2.9822910168892305,0.9583791895947974,1NSN,auto,2,42
5,vs 9,2.913083452610124,0.945472736368184,2YPV,auto,2,42
6,vs 9,1.5732755278822939,0.912056028014007,3RAJ,auto,2,42
7,vs 9,3.701267522996512,0.974287143571786,3VRL,auto,2,42
8,vs 9,3.627213662010418,0.9712856428214108,1FBI,auto,2,42
9,vs 9,3.11147642765417,0.9453726863431716,1H0D,auto,2,42
10,vs 9,2.864139174614534,0.944672336168084,5E94,auto,3,42
11,vs 9,3.0197702736775276,0.9354677338669336,1WEJ,auto,3,42
12,vs 9,1.9311060073950113,0.9157578789394696,1ADQ,auto,3,42
13,vs 9,2.997983703221413,0.9536768384192096,1OB1,auto,3,42
14,vs 9,2.9822910168892305,0.9581790895447724,1NSN,auto,3,42
15,vs 9,2.913083452610124,0.943671835917959,2YPV,auto,3,42
16,vs 9,1.5732755278822939,0.9061530765382692,3RAJ,auto,3,42
17,vs 9,3.701267522996512,0.9725862931465732,3VRL,auto,3,42
18,vs 9,3.627213662010418,0.9728864432216108,1FBI,auto,3,42
19,vs 9,3.11147642765417,0.9466733366683342,1H0D,auto,3,42
20,vs 9,2.864139174614534,0.941470735367684,5E94,auto,1,42
21,vs 9,3.0197702736775276,0.9348674337168584,1WEJ,auto,1,42
22,vs 9,1.9311060073950113,0.9158579289644824,1ADQ,auto,1,42
23,vs 9,2.997983703221413,0.9528764382191096,1OB1,auto,1,42
24,vs 9,2.9822910168892305,0.9552776388194096,1NSN,auto,1,42
25,vs 9,2.913083452610124,0.944872436218109,2YPV,auto,1,42
26,vs 9,1.5732755278822939,0.9086543271635816,3RAJ,auto,1,42
27,vs 9,3.701267522996512,0.9726863431715858,3VRL,auto,1,42
28,vs 9,3.627213662010418,0.9710855427713856,1FBI,auto,1,42
29,vs 9,3.11147642765417,0.9445722861430716,1H0D,auto,1,42
30,vs 9,2.8976190517437295,0.942671335667834,5E94,auto,0,4
31,vs 9,2.9854224880523392,0.9360680340170086,1WEJ,auto,0,4
32,vs 9,2.0091259284297927,0.9111555777888944,1ADQ,auto,0,4
33,vs 9,3.0184107276079843,0.9444722361180592,1OB1,auto,0,4
34,vs 9,2.965459708355352,0.9565782891445724,1NSN,auto,0,4
35,vs 9,2.8938153807670073,0.9420710355177588,2YPV,auto,0,4
36,vs 9,1.5325363751111842,0.9061530765382692,3RAJ,auto,0,4
37,vs 9,3.7460440742029606,0.9736868434217107,3VRL,auto,0,4
38,vs 9,3.6188536217569243,0.968184092046023,1FBI,auto,0,4
39,vs 9,3.0569225613551163,0.942671335667834,1H0D,auto,0,4
40,vs 9,2.8589405789966973,0.945272636318159,5E94,auto,0,3
41,vs 9,3.0203389334214235,0.9376688344172086,1WEJ,auto,0,3
42,vs 9,2.0301966474683177,0.919559779889945,1ADQ,auto,0,3
43,vs 9,3.0014364078555302,0.950575287643822,1OB1,auto,0,3
44,vs 9,3.0316888725209963,0.9586793396698348,1NSN,auto,0,3
45,vs 9,2.9052570165639726,0.9398699349674836,2YPV,auto,0,3
46,vs 9,1.6036716906760815,0.9062531265632816,3RAJ,auto,0,3
47,vs 9,3.7072019537086955,0.9680840420210104,3VRL,auto,0,3
48,vs 9,3.6079898541447726,0.969584792396198,1FBI,auto,0,3
49,vs 9,3.0879297210705268,0.9437718859429716,1H0D,auto,0,3
50,vs 9,2.864139174614534,0.9443721860930464,5E94,auto,0,42
51,vs 9,2.864139174614534,0.9443721860930464,5E94,auto,0,42
52,vs 9,3.0197702736775276,0.9374687343671836,1WEJ,auto,0,42
53,vs 9,3.0197702736775276,0.9374687343671836,1WEJ,auto,0,42
54,vs 9,1.9311060073950113,0.9169584792396198,1ADQ,auto,0,42
55,vs 9,1.9311060073950113,0.9169584792396198,1ADQ,auto,0,42
56,vs 9,2.997983703221413,0.9472736368184091,1OB1,auto,0,42
57,vs 9,2.997983703221413,0.9472736368184091,1OB1,auto,0,42
58,vs 9,2.9822910168892305,0.9599799899949976,1NSN,auto,0,42
59,vs 9,2.9822910168892305,0.9599799899949976,1NSN,auto,0,42
60,vs 9,2.913083452610124,0.9473736868434216,2YPV,auto,0,42
61,vs 9,2.913083452610124,0.9473736868434216,2YPV,auto,0,42
62,vs 9,1.5732755278822939,0.9050525262631316,3RAJ,auto,0,42
63,vs 9,1.5732755278822939,0.9050525262631316,3RAJ,auto,0,42
64,vs 9,3.701267522996512,0.9729864932466232,3VRL,auto,0,42
65,vs 9,3.701267522996512,0.9729864932466232,3VRL,auto,0,42
66,vs 9,3.627213662010418,0.966983491745873,1FBI,auto,0,42
67,vs 9,3.627213662010418,0.966983491745873,1FBI,auto,0,42
68,vs 9,3.11147642765417,0.9429714857428716,1H0D,auto,0,42
69,vs 9,3.11147642765417,0.9429714857428716,1H0D,auto,0,42
70,vs 9,2.834577763916436,0.945472736368184,5E94,auto,0,2
71,vs 9,2.9797558541370335,0.9421710855427714,1WEJ,auto,0,2
72,vs 9,2.002969969667941,0.912456228114057,1ADQ,auto,0,2
73,vs 9,2.950307117282457,0.9460730365182592,1OB1,auto,0,2
74,vs 9,3.0303090822056085,0.9655827913956978,1NSN,auto,0,2
75,vs 9,2.918076280164168,0.9389694847423712,2YPV,auto,0,2
76,vs 9,1.533424088847802,0.9111555777888944,3RAJ,auto,0,2
77,vs 9,3.7257399496452965,0.9741870935467734,3VRL,auto,0,2
78,vs 9,3.615565494601678,0.9692846423211606,1FBI,auto,0,2
79,vs 9,3.0743654496419177,0.9350675337668836,1H0D,auto,0,2
80,vs 9,2.901006126149642,0.9399699849924964,5E94,auto,0,0
81,vs 9,3.019577585339469,0.9405702851425712,1WEJ,auto,0,0
82,vs 9,2.0288522593161087,0.9219609804902452,1ADQ,auto,0,0
83,vs 9,2.997504698407943,0.9479739869934968,1OB1,auto,0,0
84,vs 9,2.9768603070020254,0.9623811905952976,1NSN,auto,0,0
85,vs 9,2.88401666368869,0.9441720860430216,2YPV,auto,0,0
86,vs 9,1.6529490694350608,0.905952976488244,3RAJ,auto,0,0
87,vs 9,3.760342352506994,0.9757878939469736,3VRL,auto,0,0
88,vs 9,3.567663696848159,0.9708854427213608,1FBI,auto,0,0
89,vs 9,3.0283753711584573,0.9421710855427714,1H0D,auto,0,0
90,vs 9,2.90959149360648,0.9429714857428716,5E94,auto,0,1
91,vs 9,3.028947628162085,0.9390695347673836,1WEJ,auto,0,1
92,vs 9,2.01449431353248,0.9068534267133568,1ADQ,auto,0,1
93,vs 9,3.0577164720716286,0.952376188094047,1OB1,auto,0,1
94,vs 9,3.0063195941748395,0.9560780390195096,1NSN,auto,0,1
95,vs 9,2.85100978313212,0.9401700850425212,2YPV,auto,0,1
96,vs 9,1.5320182501237518,0.912056028014007,3RAJ,auto,0,1
97,vs 9,3.703965870148672,0.9734867433716858,3VRL,auto,0,1
98,vs 9,3.5962090629116212,0.9711855927963982,1FBI,auto,0,1
99,vs 9,3.0791161334563335,0.9375687843921962,1H0D,auto,0,1
100,vs Non-binder,3.138993145494587,0.9813,1H0D,auto,2,42
101,vs Non-binder,3.345475764490456,0.9917,3RAJ,auto,2,42
102,vs Non-binder,3.062293937374732,0.9779,1NSN,auto,2,42
103,vs Non-binder,3.116646635104809,0.98,1ADQ,auto,2,42
104,vs Non-binder,3.4599586625422196,0.9966,1FBI,auto,2,42
105,vs Non-binder,3.221687851863516,0.9883,2YPV,auto,2,42
106,vs Non-binder,3.2274774681552736,0.9887,1OB1,auto,2,42
107,vs Non-binder,3.093696632544596,0.9865,1WEJ,auto,2,42
108,vs Non-binder,3.532250056649364,0.9956,5E94,auto,2,42
109,vs Non-binder,4.0245506051024265,0.9964,3VRL,auto,2,42
110,vs Non-binder,3.138993145494587,0.9796,1H0D,auto,3,42
111,vs Non-binder,3.345475764490456,0.9929,3RAJ,auto,3,42
112,vs Non-binder,3.062293937374732,0.9765,1NSN,auto,3,42
113,vs Non-binder,3.116646635104809,0.9804,1ADQ,auto,3,42
114,vs Non-binder,3.4599586625422196,0.995,1FBI,auto,3,42
115,vs Non-binder,3.221687851863516,0.9878,2YPV,auto,3,42
116,vs Non-binder,3.2274774681552736,0.9856,1OB1,auto,3,42
117,vs Non-binder,3.093696632544596,0.9867,1WEJ,auto,3,42
118,vs Non-binder,3.532250056649364,0.9957,5E94,auto,3,42
119,vs Non-binder,4.0245506051024265,0.9952,3VRL,auto,3,42
120,vs Non-binder,3.138993145494587,0.9804,1H0D,auto,1,42
121,vs Non-binder,3.345475764490456,0.9922,3RAJ,auto,1,42
122,vs Non-binder,3.062293937374732,0.9792,1NSN,auto,1,42
123,vs Non-binder,3.116646635104809,0.9809,1ADQ,auto,1,42
124,vs Non-binder,3.4599586625422196,0.9965,1FBI,auto,1,42
125,vs Non-binder,3.221687851863516,0.9876,2YPV,auto,1,42
126,vs Non-binder,3.2274774681552736,0.9872,1OB1,auto,1,42
127,vs Non-binder,3.093696632544596,0.9868,1WEJ,auto,1,42
128,vs Non-binder,3.532250056649364,0.996,5E94,auto,1,42
129,vs Non-binder,4.0245506051024265,0.9962,3VRL,auto,1,42
130,vs Non-binder,3.117093252713368,0.9813,1H0D,auto,0,4
131,vs Non-binder,3.396353609231144,0.9922,3RAJ,auto,0,4
132,vs Non-binder,3.030105894450813,0.9769,1NSN,auto,0,4
133,vs Non-binder,3.111626768902985,0.9717,1ADQ,auto,0,4
134,vs Non-binder,3.4726565889714873,0.9977,1FBI,auto,0,4
135,vs Non-binder,3.2695752432871794,0.988,2YPV,auto,0,4
136,vs Non-binder,3.192394715809815,0.988,1OB1,auto,0,4
137,vs Non-binder,3.102632088352164,0.9875,1WEJ,auto,0,4
138,vs Non-binder,3.5493233978911753,0.9962,5E94,auto,0,4
139,vs Non-binder,4.055380872619997,0.9973,3VRL,auto,0,4
140,vs Non-binder,3.147136768163285,0.9824,1H0D,auto,0,3
141,vs Non-binder,3.402959506190867,0.9934,3RAJ,auto,0,3
142,vs Non-binder,3.1193661129055426,0.9795,1NSN,auto,0,3
143,vs Non-binder,3.1548899886868433,0.9747,1ADQ,auto,0,3
144,vs Non-binder,3.4752188685733785,0.9953,1FBI,auto,0,3
145,vs Non-binder,3.22526092463887,0.9835,2YPV,auto,0,3
146,vs Non-binder,3.204792044042705,0.9889,1OB1,auto,0,3
147,vs Non-binder,3.104696173062866,0.9886,1WEJ,auto,0,3
148,vs Non-binder,3.519549692122319,0.995,5E94,auto,0,3
149,vs Non-binder,4.037487021385204,0.9965,3VRL,auto,0,3
150,vs Non-binder,3.138993145494587,0.9817,1H0D,auto,0,42
151,vs Non-binder,3.138993145494587,0.9817,1H0D,auto,0,42
152,vs Non-binder,3.345475764490456,0.9922,3RAJ,auto,0,42
153,vs Non-binder,3.345475764490456,0.9922,3RAJ,auto,0,42
154,vs Non-binder,3.062293937374732,0.9771,1NSN,auto,0,42
155,vs Non-binder,3.062293937374732,0.9771,1NSN,auto,0,42
156,vs Non-binder,3.116646635104809,0.9737,1ADQ,auto,0,42
157,vs Non-binder,3.116646635104809,0.9737,1ADQ,auto,0,42
158,vs Non-binder,3.4599586625422196,0.998,1FBI,auto,0,42
159,vs Non-binder,3.4599586625422196,0.998,1FBI,auto,0,42
160,vs Non-binder,3.221687851863516,0.9889,2YPV,auto,0,42
161,vs Non-binder,3.221687851863516,0.9889,2YPV,auto,0,42
162,vs Non-binder,3.2274774681552736,0.9876,1OB1,auto,0,42
163,vs Non-binder,3.2274774681552736,0.9876,1OB1,auto,0,42
164,vs Non-binder,3.093696632544596,0.9863,1WEJ,auto,0,42
165,vs Non-binder,3.093696632544596,0.9863,1WEJ,auto,0,42
166,vs Non-binder,3.532250056649364,0.9951,5E94,auto,0,42
167,vs Non-binder,3.532250056649364,0.9951,5E94,auto,0,42
168,vs Non-binder,4.0245506051024265,0.9966,3VRL,auto,0,42
169,vs Non-binder,4.0245506051024265,0.9966,3VRL,auto,0,42
170,vs Non-binder,3.1927000564477854,0.9781,1H0D,auto,0,2
171,vs Non-binder,3.365908614042421,0.9897,3RAJ,auto,0,2
172,vs Non-binder,3.0799674985231764,0.9777,1NSN,auto,0,2
173,vs Non-binder,3.0698949805904605,0.9759,1ADQ,auto,0,2
174,vs Non-binder,3.492658780309151,0.9969,1FBI,auto,0,2
175,vs Non-binder,3.2719975922476086,0.9884,2YPV,auto,0,2
176,vs Non-binder,3.252868783077833,0.9826,1OB1,auto,0,2
177,vs Non-binder,3.0703673701094125,0.9856,1WEJ,auto,0,2
178,vs Non-binder,3.523699540414368,0.9946,5E94,auto,0,2
179,vs Non-binder,4.0823885367418065,0.9968,3VRL,auto,0,2
180,vs Non-binder,3.1226284430439515,0.981,1H0D,auto,0,0
181,vs Non-binder,3.379671977524902,0.9911,3RAJ,auto,0,0
182,vs Non-binder,3.04200677123388,0.9763,1NSN,auto,0,0
183,vs Non-binder,3.1540834035734653,0.9767,1ADQ,auto,0,0
184,vs Non-binder,3.4459817122956182,0.997,1FBI,auto,0,0
185,vs Non-binder,3.2726272132424503,0.9875,2YPV,auto,0,0
186,vs Non-binder,3.177917656480173,0.9883,1OB1,auto,0,0
187,vs Non-binder,3.1106641075522297,0.9864,1WEJ,auto,0,0
188,vs Non-binder,3.5564635351494456,0.9966,5E94,auto,0,0
189,vs Non-binder,4.093707213694028,0.9968,3VRL,auto,0,0
190,vs Non-binder,3.1286450984752614,0.9763,1H0D,auto,0,1
191,vs Non-binder,3.3580235545451367,0.9915,3RAJ,auto,0,1
192,vs Non-binder,3.0767854445658966,0.9809,1NSN,auto,0,1
193,vs Non-binder,3.12699149714136,0.9791,1ADQ,auto,0,1
194,vs Non-binder,3.453368254670842,0.9972,1FBI,auto,0,1
195,vs Non-binder,3.2640911433411794,0.9866,2YPV,auto,0,1
196,vs Non-binder,3.227370251128548,0.9884,1OB1,auto,0,1
197,vs Non-binder,3.088114692004725,0.9846,1WEJ,auto,0,1
198,vs Non-binder,3.4915186812923134,0.9936,5E94,auto,0,1
199,vs Non-binder,4.01828312251959,0.9976,3VRL,auto,0,1
200,vs Weak,2.054203645630968,0.9161,1NSN,auto,2,42
201,vs Weak,1.3148175006193028,0.9108,1OB1,auto,2,42
202,vs Weak,1.1365369913125145,0.8825,3RAJ,auto,2,42
203,vs Weak,1.6461079861243215,0.9231,5E94,auto,2,42
204,vs Weak,1.7815201910874254,0.954,3VRL,auto,2,42
205,vs Weak,1.201191932371917,0.8967,1H0D,auto,2,42
206,vs Weak,1.4833750103495666,0.9178,1WEJ,auto,2,42
207,vs Weak,1.3000827717845487,0.8599,1ADQ,auto,2,42
208,vs Weak,1.5733574122232956,0.9407,2YPV,auto,2,42
209,vs Weak,1.2633491145099836,0.9763,1FBI,auto,2,42
210,vs Weak,2.054203645630968,0.9239,1NSN,auto,3,42
211,vs Weak,1.3148175006193028,0.9149,1OB1,auto,3,42
212,vs Weak,1.1365369913125145,0.8844,3RAJ,auto,3,42
213,vs Weak,1.6461079861243215,0.9239,5E94,auto,3,42
214,vs Weak,1.7815201910874254,0.949,3VRL,auto,3,42
215,vs Weak,1.201191932371917,0.8951,1H0D,auto,3,42
216,vs Weak,1.4833750103495666,0.9174,1WEJ,auto,3,42
217,vs Weak,1.3000827717845487,0.8641,1ADQ,auto,3,42
218,vs Weak,1.5733574122232956,0.9373,2YPV,auto,3,42
219,vs Weak,1.2633491145099836,0.9744,1FBI,auto,3,42
220,vs Weak,2.054203645630968,0.9106,1NSN,auto,1,42
221,vs Weak,1.3148175006193028,0.9112,1OB1,auto,1,42
222,vs Weak,1.1365369913125145,0.8873,3RAJ,auto,1,42
223,vs Weak,1.6461079861243215,0.9259,5E94,auto,1,42
224,vs Weak,1.7815201910874254,0.9526,3VRL,auto,1,42
225,vs Weak,1.201191932371917,0.8913,1H0D,auto,1,42
226,vs Weak,1.4833750103495666,0.9172,1WEJ,auto,1,42
227,vs Weak,1.3000827717845487,0.8567,1ADQ,auto,1,42
228,vs Weak,1.5733574122232956,0.9433,2YPV,auto,1,42
229,vs Weak,1.2633491145099836,0.9754,1FBI,auto,1,42
230,vs Weak,1.999265498691574,0.9046,1NSN,auto,0,4
231,vs Weak,1.3224326958103965,0.9187,1OB1,auto,0,4
232,vs Weak,1.2279705604540985,0.8763,3RAJ,auto,0,4
233,vs Weak,1.683012503484266,0.9226,5E94,auto,0,4
234,vs Weak,1.8472050830136106,0.9522,3VRL,auto,0,4
235,vs Weak,1.1996082229982203,0.8886,1H0D,auto,0,4
236,vs Weak,1.3701360844882735,0.9173,1WEJ,auto,0,4
237,vs Weak,1.3641911856695208,0.8493,1ADQ,auto,0,4
238,vs Weak,1.5996192721561995,0.9427,2YPV,auto,0,4
239,vs Weak,1.2518533500234215,0.9747,1FBI,auto,0,4
240,vs Weak,2.0092165175707,0.9053,1NSN,auto,0,3
241,vs Weak,1.3410385544494003,0.9187,1OB1,auto,0,3
242,vs Weak,1.2172744465135081,0.8798,3RAJ,auto,0,3
243,vs Weak,1.6001292285484334,0.9243,5E94,auto,0,3
244,vs Weak,1.8261071788648153,0.9501,3VRL,auto,0,3
245,vs Weak,1.1716051260893023,0.8917,1H0D,auto,0,3
246,vs Weak,1.49519908201706,0.9211,1WEJ,auto,0,3
247,vs Weak,1.4099213246111304,0.8594,1ADQ,auto,0,3
248,vs Weak,1.523113577322623,0.9337,2YPV,auto,0,3
249,vs Weak,1.2270153744475942,0.9769,1FBI,auto,0,3
250,vs Weak,2.054203645630968,0.9072,1NSN,auto,0,42
251,vs Weak,2.054203645630968,0.9072,1NSN,auto,0,42
252,vs Weak,1.3148175006193028,0.9114,1OB1,auto,0,42
253,vs Weak,1.3148175006193028,0.9114,1OB1,auto,0,42
254,vs Weak,1.1365369913125145,0.8787,3RAJ,auto,0,42
255,vs Weak,1.1365369913125145,0.8787,3RAJ,auto,0,42
256,vs Weak,1.6461079861243215,0.9201,5E94,auto,0,42
257,vs Weak,1.6461079861243215,0.9201,5E94,auto,0,42
258,vs Weak,1.7815201910874254,0.9534,3VRL,auto,0,42
259,vs Weak,1.7815201910874254,0.9534,3VRL,auto,0,42
260,vs Weak,1.201191932371917,0.8937,1H0D,auto,0,42
261,vs Weak,1.201191932371917,0.8937,1H0D,auto,0,42
262,vs Weak,1.4833750103495666,0.9184,1WEJ,auto,0,42
263,vs Weak,1.4833750103495666,0.9184,1WEJ,auto,0,42
264,vs Weak,1.3000827717845487,0.8559,1ADQ,auto,0,42
265,vs Weak,1.3000827717845487,0.8559,1ADQ,auto,0,42
266,vs Weak,1.5733574122232956,0.943,2YPV,auto,0,42
267,vs Weak,1.5733574122232956,0.943,2YPV,auto,0,42
268,vs Weak,1.2633491145099836,0.975,1FBI,auto,0,42
269,vs Weak,1.2633491145099836,0.975,1FBI,auto,0,42
270,vs Weak,1.9816284233350216,0.9144,1NSN,auto,0,2
271,vs Weak,1.3264189090992615,0.8992,1OB1,auto,0,2
272,vs Weak,1.125619214344895,0.8705,3RAJ,auto,0,2
273,vs Weak,1.6240492042875365,0.9177,5E94,auto,0,2
274,vs Weak,1.868280123572343,0.9526,3VRL,auto,0,2
275,vs Weak,1.1849013707770661,0.8938,1H0D,auto,0,2
276,vs Weak,1.4448885998634113,0.9217,1WEJ,auto,0,2
277,vs Weak,1.2796852483572625,0.8526,1ADQ,auto,0,2
278,vs Weak,1.5790050664096307,0.9405,2YPV,auto,0,2
279,vs Weak,1.2688471279931357,0.9787,1FBI,auto,0,2
280,vs Weak,1.9663341486367083,0.9064,1NSN,auto,0,0
281,vs Weak,1.341938479947431,0.9102,1OB1,auto,0,0
282,vs Weak,1.1283664757538876,0.8831,3RAJ,auto,0,0
283,vs Weak,1.6850261073241222,0.924,5E94,auto,0,0
284,vs Weak,1.8923546345744109,0.9566,3VRL,auto,0,0
285,vs Weak,1.1734779149623253,0.8943,1H0D,auto,0,0
286,vs Weak,1.5052661202356659,0.9088,1WEJ,auto,0,0
287,vs Weak,1.3549083310746788,0.8457,1ADQ,auto,0,0
288,vs Weak,1.6112397608352094,0.9368,2YPV,auto,0,0
289,vs Weak,1.2977408944899864,0.9741,1FBI,auto,0,0
290,vs Weak,1.9936865370394607,0.9048,1NSN,auto,0,1
291,vs Weak,1.4095307064313973,0.9104,1OB1,auto,0,1
292,vs Weak,1.1860734494178784,0.8753,3RAJ,auto,0,1
293,vs Weak,1.599938614825417,0.9201,5E94,auto,0,1
294,vs Weak,1.7854579290859809,0.9494,3VRL,auto,0,1
295,vs Weak,1.2599136836452014,0.8897,1H0D,auto,0,1
296,vs Weak,1.556841965207054,0.9179,1WEJ,auto,0,1
297,vs Weak,1.4254112051243213,0.8525,1ADQ,auto,0,1
298,vs Weak,1.5515712153709835,0.9365,2YPV,auto,0,1
299,vs Weak,1.2748608081909933,0.9779,1FBI,auto,0,1
300,vs 1,4.750259143857204,0.9941,1H0D,1OB1,2,42
301,vs 1,4.750259143857204,0.9943,1OB1,1H0D,2,42
302,vs 1,3.0418102677184433,0.9752,1ADQ,2YPV,2,42
303,vs 1,4.05306891486875,0.9887,1NSN,1WEJ,2,42
304,vs 1,3.4768791526825122,0.9716,3RAJ,1FBI,2,42
305,vs 1,3.5552421108358034,0.9737,1WEJ,1ADQ,2,42
306,vs 1,3.9402196925086876,0.9756,1OB1,1NSN,2,42
307,vs 1,4.124484187496733,0.9729,1ADQ,3VRL,2,42
308,vs 1,3.2064729488458386,0.9778,1H0D,1ADQ,2,42
309,vs 1,3.6887863071613625,0.9914,3VRL,1NSN,2,42
310,vs 1,4.529891593769374,0.9921,3VRL,1H0D,2,42
311,vs 1,4.0763554513763856,0.9858,2YPV,1FBI,2,42
312,vs 1,3.6045991941852202,0.9792,1WEJ,1OB1,2,42
313,vs 1,3.873642899905951,0.981,1ADQ,1FBI,2,42
314,vs 1,3.6045991941852202,0.9818,1OB1,1WEJ,2,42
315,vs 1,5.067362240009063,0.9951,1FBI,3VRL,2,42
316,vs 1,3.8742631270266794,0.9847,1NSN,1H0D,2,42
317,vs 1,2.896740479087033,0.9447,5E94,3RAJ,2,42
318,vs 1,3.285021692699048,0.9713,3RAJ,2YPV,2,42
319,vs 1,4.621036974488788,0.9909,2YPV,3VRL,2,42
320,vs 1,4.0763554513763856,0.9873,1FBI,2YPV,2,42
321,vs 1,3.756917651182522,0.9727,3RAJ,3VRL,2,42
322,vs 1,3.435891669853482,0.9831,3VRL,1WEJ,2,42
323,vs 1,4.682928960997365,0.9927,1FBI,1OB1,2,42
324,vs 1,3.756917651182522,0.9743,3VRL,3RAJ,2,42
325,vs 1,4.290610302588908,0.9883,1WEJ,1FBI,2,42
326,vs 1,2.0537190999870125,0.9498,3RAJ,1ADQ,2,42
327,vs 1,4.322922072501658,0.9886,2YPV,1OB1,2,42
328,vs 1,4.93882808409679,0.9851,3VRL,5E94,2,42
329,vs 1,3.873642899905951,0.9817,1FBI,1ADQ,2,42
330,vs 1,4.1307472460760915,0.9745,5E94,1WEJ,2,42
331,vs 1,3.4268395757420462,0.9777,1OB1,5E94,2,42
332,vs 1,3.911317919215552,0.9891,1H0D,1FBI,2,42
333,vs 1,2.664556098235485,0.971,3RAJ,1OB1,2,42
334,vs 1,3.0418102677184433,0.9705,2YPV,1ADQ,2,42
335,vs 1,2.664556098235485,0.9749,1OB1,3RAJ,2,42
336,vs 1,4.529891593769374,0.9929,1H0D,3VRL,2,42
337,vs 1,4.026072952703993,0.9888,1WEJ,2YPV,2,42
338,vs 1,3.4495256105612944,0.9796,1NSN,3RAJ,2,42
339,vs 1,3.5284657038892817,0.9803,5E94,1H0D,2,42
340,vs 1,3.4780048290456835,0.9611,1H0D,2YPV,2,42
341,vs 1,3.20997792112678,0.9792,1ADQ,1OB1,2,42
342,vs 1,3.435891669853482,0.9837,1WEJ,3VRL,2,42
343,vs 1,4.061132045275165,0.9854,5E94,1NSN,2,42
344,vs 1,4.061132045275165,0.9844,1NSN,5E94,2,42
345,vs 1,3.4572557128455608,0.9759,1ADQ,1NSN,2,42
346,vs 1,4.872897715003348,0.9921,1NSN,1FBI,2,42
347,vs 1,2.9727133334434632,0.9529,3RAJ,1WEJ,2,42
348,vs 1,3.4268395757420462,0.9735,5E94,1OB1,2,42
349,vs 1,3.2064729488458386,0.9796,1ADQ,1H0D,2,42
350,vs 1,4.322922072501658,0.989,1OB1,2YPV,2,42
351,vs 1,4.026072952703993,0.9873,2YPV,1WEJ,2,42
352,vs 1,4.621036974488788,0.9923,3VRL,2YPV,2,42
353,vs 1,3.155704478320734,0.9709,5E94,1ADQ,2,42
354,vs 1,4.277304287873081,0.9892,1OB1,3VRL,2,42
355,vs 1,4.290610302588908,0.9875,1FBI,1WEJ,2,42
356,vs 1,4.082082209673199,0.9866,1NSN,2YPV,2,42
357,vs 1,3.3908447909261037,0.9758,1H0D,3RAJ,2,42
358,vs 1,3.3908447909261037,0.98,3RAJ,1H0D,2,42
359,vs 1,3.4495256105612944,0.9808,3RAJ,1NSN,2,42
360,vs 1,4.682928960997365,0.9922,1OB1,1FBI,2,42
361,vs 1,3.5284657038892817,0.9812,1H0D,5E94,2,42
362,vs 1,3.5552421108358034,0.9721,1ADQ,1WEJ,2,42
363,vs 1,3.4780048290456835,0.9533,2YPV,1H0D,2,42
364,vs 1,4.1307472460760915,0.9755,1WEJ,5E94,2,42
365,vs 1,4.872897715003348,0.9921,1FBI,1NSN,2,42
366,vs 1,5.067362240009063,0.994,3VRL,1FBI,2,42
367,vs 1,3.6887863071613625,0.9912,1NSN,3VRL,2,42
368,vs 1,2.9727133334434632,0.9495,1WEJ,3RAJ,2,42
369,vs 1,3.911317919215552,0.9938,1FBI,1H0D,2,42
370,vs 1,4.082082209673199,0.9869,2YPV,1NSN,2,42
371,vs 1,3.4572557128455608,0.977,1NSN,1ADQ,2,42
372,vs 1,3.9402196925086876,0.9734,1NSN,1OB1,2,42
373,vs 1,2.0537190999870125,0.9494,1ADQ,3RAJ,2,42
374,vs 1,4.273464393552524,0.9854,1H0D,1WEJ,2,42
375,vs 1,3.155704478320734,0.969,1ADQ,5E94,2,42
376,vs 1,4.415536873614149,0.9878,5E94,1FBI,2,42
377,vs 1,3.4768791526825122,0.9708,1FBI,3RAJ,2,42
378,vs 1,4.277304287873081,0.9896,3VRL,1OB1,2,42
379,vs 1,4.273464393552524,0.9871,1WEJ,1H0D,2,42
380,vs 1,2.982723138946873,0.9841,2YPV,5E94,2,42
381,vs 1,4.05306891486875,0.9878,1WEJ,1NSN,2,42
382,vs 1,4.415536873614149,0.9889,1FBI,5E94,2,42
383,vs 1,4.93882808409679,0.9864,5E94,3VRL,2,42
384,vs 1,3.20997792112678,0.9805,1OB1,1ADQ,2,42
385,vs 1,3.285021692699048,0.9714,2YPV,3RAJ,2,42
386,vs 1,2.896740479087033,0.943,3RAJ,5E94,2,42
387,vs 1,3.8742631270266794,0.9828,1H0D,1NSN,2,42
388,vs 1,4.124484187496733,0.9731,3VRL,1ADQ,2,42
389,vs 1,2.982723138946873,0.9833,5E94,2YPV,2,42
390,vs 1,4.750259143857204,0.9942,1H0D,1OB1,3,42
391,vs 1,4.750259143857204,0.9942,1OB1,1H0D,3,42
392,vs 1,3.0418102677184433,0.972,1ADQ,2YPV,3,42
393,vs 1,4.05306891486875,0.9877,1NSN,1WEJ,3,42
394,vs 1,3.4768791526825122,0.9701,3RAJ,1FBI,3,42
395,vs 1,3.5552421108358034,0.9732,1WEJ,1ADQ,3,42
396,vs 1,3.9402196925086876,0.9735,1OB1,1NSN,3,42
397,vs 1,4.124484187496733,0.9728,1ADQ,3VRL,3,42
398,vs 1,3.2064729488458386,0.9775,1H0D,1ADQ,3,42
399,vs 1,3.6887863071613625,0.9918,3VRL,1NSN,3,42
400,vs 1,4.529891593769374,0.9927,3VRL,1H0D,3,42
401,vs 1,4.0763554513763856,0.9855,2YPV,1FBI,3,42
402,vs 1,3.6045991941852202,0.9804,1WEJ,1OB1,3,42
403,vs 1,3.873642899905951,0.9805,1ADQ,1FBI,3,42
404,vs 1,3.6045991941852202,0.9811,1OB1,1WEJ,3,42
405,vs 1,5.067362240009063,0.9952,1FBI,3VRL,3,42
406,vs 1,3.8742631270266794,0.9841,1NSN,1H0D,3,42
407,vs 1,2.896740479087033,0.9447,5E94,3RAJ,3,42
408,vs 1,3.285021692699048,0.9693,3RAJ,2YPV,3,42
409,vs 1,4.621036974488788,0.993,2YPV,3VRL,3,42
410,vs 1,4.0763554513763856,0.9855,1FBI,2YPV,3,42
411,vs 1,3.756917651182522,0.9734,3RAJ,3VRL,3,42
412,vs 1,3.435891669853482,0.9854,3VRL,1WEJ,3,42
413,vs 1,4.682928960997365,0.9931,1FBI,1OB1,3,42
414,vs 1,3.756917651182522,0.9715,3VRL,3RAJ,3,42
415,vs 1,4.290610302588908,0.9877,1WEJ,1FBI,3,42
416,vs 1,2.0537190999870125,0.9525,3RAJ,1ADQ,3,42
417,vs 1,4.322922072501658,0.9888,2YPV,1OB1,3,42
418,vs 1,4.93882808409679,0.9857,3VRL,5E94,3,42
419,vs 1,3.873642899905951,0.9839,1FBI,1ADQ,3,42
420,vs 1,4.1307472460760915,0.9769,5E94,1WEJ,3,42
421,vs 1,3.4268395757420462,0.9741,1OB1,5E94,3,42
422,vs 1,3.911317919215552,0.9914,1H0D,1FBI,3,42
423,vs 1,2.664556098235485,0.9733,3RAJ,1OB1,3,42
424,vs 1,3.0418102677184433,0.9723,2YPV,1ADQ,3,42
425,vs 1,2.664556098235485,0.9736,1OB1,3RAJ,3,42
426,vs 1,4.529891593769374,0.9932,1H0D,3VRL,3,42
427,vs 1,4.026072952703993,0.9876,1WEJ,2YPV,3,42
428,vs 1,3.4495256105612944,0.9793,1NSN,3RAJ,3,42
429,vs 1,3.5284657038892817,0.9823,5E94,1H0D,3,42
430,vs 1,3.4780048290456835,0.959,1H0D,2YPV,3,42
431,vs 1,3.20997792112678,0.9793,1ADQ,1OB1,3,42
432,vs 1,3.435891669853482,0.9835,1WEJ,3VRL,3,42
433,vs 1,4.061132045275165,0.9848,5E94,1NSN,3,42
434,vs 1,4.061132045275165,0.9845,1NSN,5E94,3,42
435,vs 1,3.4572557128455608,0.9741,1ADQ,1NSN,3,42
436,vs 1,4.872897715003348,0.9926,1NSN,1FBI,3,42
437,vs 1,2.9727133334434632,0.9551,3RAJ,1WEJ,3,42
438,vs 1,3.4268395757420462,0.9746,5E94,1OB1,3,42
439,vs 1,3.2064729488458386,0.9803,1ADQ,1H0D,3,42
440,vs 1,4.322922072501658,0.9891,1OB1,2YPV,3,42
441,vs 1,4.026072952703993,0.9871,2YPV,1WEJ,3,42
442,vs 1,4.621036974488788,0.9929,3VRL,2YPV,3,42
443,vs 1,3.155704478320734,0.9713,5E94,1ADQ,3,42
444,vs 1,4.277304287873081,0.9905,1OB1,3VRL,3,42
445,vs 1,4.290610302588908,0.9881,1FBI,1WEJ,3,42
446,vs 1,4.082082209673199,0.9848,1NSN,2YPV,3,42
447,vs 1,3.3908447909261037,0.9782,1H0D,3RAJ,3,42
448,vs 1,3.3908447909261037,0.9787,3RAJ,1H0D,3,42
449,vs 1,3.4495256105612944,0.9797,3RAJ,1NSN,3,42
450,vs 1,4.682928960997365,0.9924,1OB1,1FBI,3,42
451,vs 1,3.5284657038892817,0.9826,1H0D,5E94,3,42
452,vs 1,3.5552421108358034,0.9712,1ADQ,1WEJ,3,42
453,vs 1,3.4780048290456835,0.9576,2YPV,1H0D,3,42
454,vs 1,4.1307472460760915,0.9743,1WEJ,5E94,3,42
455,vs 1,4.872897715003348,0.9924,1FBI,1NSN,3,42
456,vs 1,5.067362240009063,0.9946,3VRL,1FBI,3,42
457,vs 1,3.6887863071613625,0.9917,1NSN,3VRL,3,42
458,vs 1,2.9727133334434632,0.9544,1WEJ,3RAJ,3,42
459,vs 1,3.911317919215552,0.9929,1FBI,1H0D,3,42
460,vs 1,4.082082209673199,0.987,2YPV,1NSN,3,42
461,vs 1,3.4572557128455608,0.9755,1NSN,1ADQ,3,42
462,vs 1,3.9402196925086876,0.9722,1NSN,1OB1,3,42
463,vs 1,2.0537190999870125,0.9497,1ADQ,3RAJ,3,42
464,vs 1,4.273464393552524,0.9865,1H0D,1WEJ,3,42
465,vs 1,3.155704478320734,0.9708,1ADQ,5E94,3,42
466,vs 1,4.415536873614149,0.9877,5E94,1FBI,3,42
467,vs 1,3.4768791526825122,0.973,1FBI,3RAJ,3,42
468,vs 1,4.277304287873081,0.9904,3VRL,1OB1,3,42
469,vs 1,4.273464393552524,0.9883,1WEJ,1H0D,3,42
470,vs 1,2.982723138946873,0.9826,2YPV,5E94,3,42
471,vs 1,4.05306891486875,0.9866,1WEJ,1NSN,3,42
472,vs 1,4.415536873614149,0.9875,1FBI,5E94,3,42
473,vs 1,4.93882808409679,0.9859,5E94,3VRL,3,42
474,vs 1,3.20997792112678,0.9805,1OB1,1ADQ,3,42
475,vs 1,3.285021692699048,0.9723,2YPV,3RAJ,3,42
476,vs 1,2.896740479087033,0.9453,3RAJ,5E94,3,42
477,vs 1,3.8742631270266794,0.9848,1H0D,1NSN,3,42
478,vs 1,4.124484187496733,0.9729,3VRL,1ADQ,3,42
479,vs 1,2.982723138946873,0.9848,5E94,2YPV,3,42
480,vs 1,4.750259143857204,0.9929,1H0D,1OB1,1,42
481,vs 1,4.750259143857204,0.9941,1OB1,1H0D,1,42
482,vs 1,3.0418102677184433,0.9745,1ADQ,2YPV,1,42
483,vs 1,4.05306891486875,0.9879,1NSN,1WEJ,1,42
484,vs 1,3.4768791526825122,0.9725,3RAJ,1FBI,1,42
485,vs 1,3.5552421108358034,0.9746,1WEJ,1ADQ,1,42
486,vs 1,3.9402196925086876,0.9745,1OB1,1NSN,1,42
487,vs 1,4.124484187496733,0.9733,1ADQ,3VRL,1,42
488,vs 1,3.2064729488458386,0.9766,1H0D,1ADQ,1,42
489,vs 1,3.6887863071613625,0.9918,3VRL,1NSN,1,42
490,vs 1,4.529891593769374,0.9927,3VRL,1H0D,1,42
491,vs 1,4.0763554513763856,0.9851,2YPV,1FBI,1,42
492,vs 1,3.6045991941852202,0.9806,1WEJ,1OB1,1,42
493,vs 1,3.873642899905951,0.9821,1ADQ,1FBI,1,42
494,vs 1,3.6045991941852202,0.9806,1OB1,1WEJ,1,42
495,vs 1,5.067362240009063,0.9947,1FBI,3VRL,1,42
496,vs 1,3.8742631270266794,0.9861,1NSN,1H0D,1,42
497,vs 1,2.896740479087033,0.9449,5E94,3RAJ,1,42
498,vs 1,3.285021692699048,0.9707,3RAJ,2YPV,1,42
499,vs 1,4.621036974488788,0.9919,2YPV,3VRL,1,42
500,vs 1,4.0763554513763856,0.9883,1FBI,2YPV,1,42
501,vs 1,3.756917651182522,0.9727,3RAJ,3VRL,1,42
502,vs 1,3.435891669853482,0.9823,3VRL,1WEJ,1,42
503,vs 1,4.682928960997365,0.9932,1FBI,1OB1,1,42
504,vs 1,3.756917651182522,0.9733,3VRL,3RAJ,1,42
505,vs 1,4.290610302588908,0.9881,1WEJ,1FBI,1,42
506,vs 1,2.0537190999870125,0.9526,3RAJ,1ADQ,1,42
507,vs 1,4.322922072501658,0.9886,2YPV,1OB1,1,42
508,vs 1,4.93882808409679,0.9838,3VRL,5E94,1,42
509,vs 1,3.873642899905951,0.9803,1FBI,1ADQ,1,42
510,vs 1,4.1307472460760915,0.9741,5E94,1WEJ,1,42
511,vs 1,3.4268395757420462,0.9768,1OB1,5E94,1,42
512,vs 1,3.911317919215552,0.9896,1H0D,1FBI,1,42
513,vs 1,2.664556098235485,0.9736,3RAJ,1OB1,1,42
514,vs 1,3.0418102677184433,0.9721,2YPV,1ADQ,1,42
515,vs 1,2.664556098235485,0.9784,1OB1,3RAJ,1,42
516,vs 1,4.529891593769374,0.9935,1H0D,3VRL,1,42
517,vs 1,4.026072952703993,0.9876,1WEJ,2YPV,1,42
518,vs 1,3.4495256105612944,0.9799,1NSN,3RAJ,1,42
519,vs 1,3.5284657038892817,0.9808,5E94,1H0D,1,42
520,vs 1,3.4780048290456835,0.9604,1H0D,2YPV,1,42
521,vs 1,3.20997792112678,0.9796,1ADQ,1OB1,1,42
522,vs 1,3.435891669853482,0.9841,1WEJ,3VRL,1,42
523,vs 1,4.061132045275165,0.9863,5E94,1NSN,1,42
524,vs 1,4.061132045275165,0.985,1NSN,5E94,1,42
525,vs 1,3.4572557128455608,0.9747,1ADQ,1NSN,1,42
526,vs 1,4.872897715003348,0.9906,1NSN,1FBI,1,42
527,vs 1,2.9727133334434632,0.9526,3RAJ,1WEJ,1,42
528,vs 1,3.4268395757420462,0.9742,5E94,1OB1,1,42
529,vs 1,3.2064729488458386,0.9788,1ADQ,1H0D,1,42
530,vs 1,4.322922072501658,0.9885,1OB1,2YPV,1,42
531,vs 1,4.026072952703993,0.9876,2YPV,1WEJ,1,42
532,vs 1,4.621036974488788,0.9927,3VRL,2YPV,1,42
533,vs 1,3.155704478320734,0.9681,5E94,1ADQ,1,42
534,vs 1,4.277304287873081,0.9887,1OB1,3VRL,1,42
535,vs 1,4.290610302588908,0.9876,1FBI,1WEJ,1,42
536,vs 1,4.082082209673199,0.9864,1NSN,2YPV,1,42
537,vs 1,3.3908447909261037,0.9757,1H0D,3RAJ,1,42
538,vs 1,3.3908447909261037,0.9786,3RAJ,1H0D,1,42
539,vs 1,3.4495256105612944,0.9808,3RAJ,1NSN,1,42
540,vs 1,4.682928960997365,0.9929,1OB1,1FBI,1,42
541,vs 1,3.5284657038892817,0.9808,1H0D,5E94,1,42
542,vs 1,3.5552421108358034,0.9761,1ADQ,1WEJ,1,42
543,vs 1,3.4780048290456835,0.9533,2YPV,1H0D,1,42
544,vs 1,4.1307472460760915,0.9749,1WEJ,5E94,1,42
545,vs 1,4.872897715003348,0.9919,1FBI,1NSN,1,42
546,vs 1,5.067362240009063,0.9941,3VRL,1FBI,1,42
547,vs 1,3.6887863071613625,0.9914,1NSN,3VRL,1,42
548,vs 1,2.9727133334434632,0.9559,1WEJ,3RAJ,1,42
549,vs 1,3.911317919215552,0.9937,1FBI,1H0D,1,42
550,vs 1,4.082082209673199,0.988,2YPV,1NSN,1,42
551,vs 1,3.4572557128455608,0.9745,1NSN,1ADQ,1,42
552,vs 1,3.9402196925086876,0.9717,1NSN,1OB1,1,42
553,vs 1,2.0537190999870125,0.947,1ADQ,3RAJ,1,42
554,vs 1,4.273464393552524,0.9866,1H0D,1WEJ,1,42
555,vs 1,3.155704478320734,0.9698,1ADQ,5E94,1,42
556,vs 1,4.415536873614149,0.987,5E94,1FBI,1,42
557,vs 1,3.4768791526825122,0.9719,1FBI,3RAJ,1,42
558,vs 1,4.277304287873081,0.991,3VRL,1OB1,1,42
559,vs 1,4.273464393552524,0.9875,1WEJ,1H0D,1,42
560,vs 1,2.982723138946873,0.9828,2YPV,5E94,1,42
561,vs 1,4.05306891486875,0.9875,1WEJ,1NSN,1,42
562,vs 1,4.415536873614149,0.9886,1FBI,5E94,1,42
563,vs 1,4.93882808409679,0.9844,5E94,3VRL,1,42
564,vs 1,3.20997792112678,0.9815,1OB1,1ADQ,1,42
565,vs 1,3.285021692699048,0.9697,2YPV,3RAJ,1,42
566,vs 1,2.896740479087033,0.9424,3RAJ,5E94,1,42
567,vs 1,3.8742631270266794,0.9839,1H0D,1NSN,1,42
568,vs 1,4.124484187496733,0.9757,3VRL,1ADQ,1,42
569,vs 1,2.982723138946873,0.9835,5E94,2YPV,1,42
570,vs 1,4.778740885169569,0.9922,1H0D,1OB1,0,4
571,vs 1,4.778740885169569,0.9927,1OB1,1H0D,0,4
572,vs 1,3.0698406988343865,0.9763,1ADQ,2YPV,0,4
573,vs 1,4.0654832146989515,0.986,1NSN,1WEJ,0,4
574,vs 1,3.4137458428981695,0.972,3RAJ,1FBI,0,4
575,vs 1,3.567409203475985,0.9666,1WEJ,1ADQ,0,4
576,vs 1,3.9511246838144944,0.9733,1OB1,1NSN,0,4
577,vs 1,4.257072831493303,0.9727,1ADQ,3VRL,0,4
578,vs 1,3.2310260899838856,0.9771,1H0D,1ADQ,0,4
579,vs 1,3.6806739667052635,0.9916,3VRL,1NSN,0,4
580,vs 1,4.54671524712436,0.9902,3VRL,1H0D,0,4
581,vs 1,4.054772274013248,0.9855,2YPV,1FBI,0,4
582,vs 1,3.5853359350150127,0.9775,1WEJ,1OB1,0,4
583,vs 1,3.8787243736085086,0.9795,1ADQ,1FBI,0,4
584,vs 1,3.5853359350150127,0.9807,1OB1,1WEJ,0,4
585,vs 1,5.0544079281909005,0.9941,1FBI,3VRL,0,4
586,vs 1,3.832155997948444,0.9829,1NSN,1H0D,0,4
587,vs 1,2.930044661724083,0.9459,5E94,3RAJ,0,4
588,vs 1,3.255396103642303,0.9694,3RAJ,2YPV,0,4
589,vs 1,4.651487003848044,0.9903,2YPV,3VRL,0,4
590,vs 1,4.054772274013248,0.9853,1FBI,2YPV,0,4
591,vs 1,3.7567726357909232,0.9739,3RAJ,3VRL,0,4
592,vs 1,3.4538176553770255,0.9813,3VRL,1WEJ,0,4
593,vs 1,4.719506972900065,0.9924,1FBI,1OB1,0,4
594,vs 1,3.7567726357909232,0.9727,3VRL,3RAJ,0,4
595,vs 1,4.289100575092563,0.986,1WEJ,1FBI,0,4
596,vs 1,2.162128881219973,0.9502,3RAJ,1ADQ,0,4
597,vs 1,4.353615815216271,0.988,2YPV,1OB1,0,4
598,vs 1,4.911659007733019,0.9821,3VRL,5E94,0,4
599,vs 1,3.8787243736085086,0.9747,1FBI,1ADQ,0,4
600,vs 1,4.075012551621638,0.9721,5E94,1WEJ,0,4
601,vs 1,3.5079686744361784,0.9764,1OB1,5E94,0,4
602,vs 1,3.8923996732264503,0.989,1H0D,1FBI,0,4
603,vs 1,2.646108745468386,0.9674,3RAJ,1OB1,0,4
604,vs 1,3.0698406988343865,0.9716,2YPV,1ADQ,0,4
605,vs 1,2.646108745468386,0.974,1OB1,3RAJ,0,4
606,vs 1,4.54671524712436,0.9911,1H0D,3VRL,0,4
607,vs 1,3.962225403274113,0.9881,1WEJ,2YPV,0,4
608,vs 1,3.4490986320677757,0.9805,1NSN,3RAJ,0,4
609,vs 1,3.5223303330410753,0.9757,5E94,1H0D,0,4
610,vs 1,3.417477062381583,0.9579,1H0D,2YPV,0,4
611,vs 1,3.289608783218236,0.9761,1ADQ,1OB1,0,4
612,vs 1,3.4538176553770255,0.9818,1WEJ,3VRL,0,4
613,vs 1,4.058516421851136,0.985,5E94,1NSN,0,4
614,vs 1,4.058516421851136,0.9845,1NSN,5E94,0,4
615,vs 1,3.4676240831618035,0.9756,1ADQ,1NSN,0,4
616,vs 1,4.827846472589952,0.9891,1NSN,1FBI,0,4
617,vs 1,2.865081680635345,0.9514,3RAJ,1WEJ,0,4
618,vs 1,3.5079686744361784,0.9688,5E94,1OB1,0,4
619,vs 1,3.2310260899838856,0.9754,1ADQ,1H0D,0,4
620,vs 1,4.353615815216271,0.9879,1OB1,2YPV,0,4
621,vs 1,3.962225403274113,0.9868,2YPV,1WEJ,0,4
622,vs 1,4.651487003848044,0.9929,3VRL,2YPV,0,4
623,vs 1,3.1471860815728414,0.97,5E94,1ADQ,0,4
624,vs 1,4.295826394044791,0.9874,1OB1,3VRL,0,4
625,vs 1,4.289100575092563,0.9857,1FBI,1WEJ,0,4
626,vs 1,4.056445059335009,0.9874,1NSN,2YPV,0,4
627,vs 1,3.466816087002664,0.9745,1H0D,3RAJ,0,4
628,vs 1,3.466816087002664,0.9725,3RAJ,1H0D,0,4
629,vs 1,3.4490986320677757,0.9762,3RAJ,1NSN,0,4
630,vs 1,4.719506972900065,0.9911,1OB1,1FBI,0,4
631,vs 1,3.5223303330410753,0.9769,1H0D,5E94,0,4
632,vs 1,3.567409203475985,0.9671,1ADQ,1WEJ,0,4
633,vs 1,3.417477062381583,0.941,2YPV,1H0D,0,4
634,vs 1,4.075012551621638,0.9745,1WEJ,5E94,0,4
635,vs 1,4.827846472589952,0.9916,1FBI,1NSN,0,4
636,vs 1,5.0544079281909005,0.9944,3VRL,1FBI,0,4
637,vs 1,3.6806739667052635,0.9922,1NSN,3VRL,0,4
638,vs 1,2.865081680635345,0.947,1WEJ,3RAJ,0,4
639,vs 1,3.8923996732264503,0.9931,1FBI,1H0D,0,4
640,vs 1,4.056445059335009,0.9861,2YPV,1NSN,0,4
641,vs 1,3.4676240831618035,0.9789,1NSN,1ADQ,0,4
642,vs 1,3.9511246838144944,0.9713,1NSN,1OB1,0,4
643,vs 1,2.162128881219973,0.9513,1ADQ,3RAJ,0,4
644,vs 1,4.19054809063024,0.9848,1H0D,1WEJ,0,4
645,vs 1,3.1471860815728414,0.9694,1ADQ,5E94,0,4
646,vs 1,4.388996248078065,0.9865,5E94,1FBI,0,4
647,vs 1,3.4137458428981695,0.9659,1FBI,3RAJ,0,4
648,vs 1,4.295826394044791,0.9876,3VRL,1OB1,0,4
649,vs 1,4.19054809063024,0.9847,1WEJ,1H0D,0,4
650,vs 1,2.9650346018050757,0.9843,2YPV,5E94,0,4
651,vs 1,4.0654832146989515,0.9847,1WEJ,1NSN,0,4
652,vs 1,4.388996248078065,0.9881,1FBI,5E94,0,4
653,vs 1,4.911659007733019,0.9808,5E94,3VRL,0,4
654,vs 1,3.289608783218236,0.979,1OB1,1ADQ,0,4
655,vs 1,3.255396103642303,0.9736,2YPV,3RAJ,0,4
656,vs 1,2.930044661724083,0.9451,3RAJ,5E94,0,4
657,vs 1,3.832155997948444,0.9823,1H0D,1NSN,0,4
658,vs 1,4.257072831493303,0.9714,3VRL,1ADQ,0,4
659,vs 1,2.9650346018050757,0.9835,5E94,2YPV,0,4
660,vs 1,4.747944390303671,0.9929,1H0D,1OB1,0,3
661,vs 1,4.747944390303671,0.9927,1OB1,1H0D,0,3
662,vs 1,3.0695889683089925,0.9745,1ADQ,2YPV,0,3
663,vs 1,4.123215679771923,0.9906,1NSN,1WEJ,0,3
664,vs 1,3.4551577661542145,0.9685,3RAJ,1FBI,0,3
665,vs 1,3.6789341104078885,0.9728,1WEJ,1ADQ,0,3
666,vs 1,3.936202028679055,0.977,1OB1,1NSN,0,3
667,vs 1,4.240003833073459,0.974,1ADQ,3VRL,0,3
668,vs 1,3.2273427093980995,0.9745,1H0D,1ADQ,0,3
669,vs 1,3.6931954294982154,0.993,3VRL,1NSN,0,3
670,vs 1,4.523267983168762,0.9916,3VRL,1H0D,0,3
671,vs 1,4.105915441546931,0.9844,2YPV,1FBI,0,3
672,vs 1,3.5909156413014918,0.9783,1WEJ,1OB1,0,3
673,vs 1,3.899917863377607,0.9827,1ADQ,1FBI,0,3
674,vs 1,3.5909156413014918,0.9834,1OB1,1WEJ,0,3
675,vs 1,5.01748425821341,0.9955,1FBI,3VRL,0,3
676,vs 1,3.844033460559383,0.9839,1NSN,1H0D,0,3
677,vs 1,2.945197219545629,0.9491,5E94,3RAJ,0,3
678,vs 1,3.2681531120422322,0.9704,3RAJ,2YPV,0,3
679,vs 1,4.615152464136512,0.991,2YPV,3VRL,0,3
680,vs 1,4.105915441546931,0.9854,1FBI,2YPV,0,3
681,vs 1,3.7315135045350196,0.9723,3RAJ,3VRL,0,3
682,vs 1,3.4454264566101265,0.9827,3VRL,1WEJ,0,3
683,vs 1,4.724500932424482,0.9923,1FBI,1OB1,0,3
684,vs 1,3.7315135045350196,0.9722,3VRL,3RAJ,0,3
685,vs 1,4.30322574926927,0.9869,1WEJ,1FBI,0,3
686,vs 1,2.1961355853304583,0.9546,3RAJ,1ADQ,0,3
687,vs 1,4.315069428531054,0.9885,2YPV,1OB1,0,3
688,vs 1,4.877929710891492,0.9826,3VRL,5E94,0,3
689,vs 1,3.899917863377607,0.9805,1FBI,1ADQ,0,3
690,vs 1,4.069596676595365,0.9707,5E94,1WEJ,0,3
691,vs 1,3.4677252054589642,0.9748,1OB1,5E94,0,3
692,vs 1,3.900198513132122,0.9879,1H0D,1FBI,0,3
693,vs 1,2.7169751951284487,0.9698,3RAJ,1OB1,0,3
694,vs 1,3.0695889683089925,0.9772,2YPV,1ADQ,0,3
695,vs 1,2.7169751951284487,0.9778,1OB1,3RAJ,0,3
696,vs 1,4.523267983168762,0.9901,1H0D,3VRL,0,3
697,vs 1,3.996333743450826,0.986,1WEJ,2YPV,0,3
698,vs 1,3.4944327500362626,0.9809,1NSN,3RAJ,0,3
699,vs 1,3.5038786021764383,0.9766,5E94,1H0D,0,3
700,vs 1,3.4175149193129926,0.9517,1H0D,2YPV,0,3
701,vs 1,3.2734069401090613,0.9779,1ADQ,1OB1,0,3
702,vs 1,3.4454264566101265,0.9822,1WEJ,3VRL,0,3
703,vs 1,4.060136360496648,0.9861,5E94,1NSN,0,3
704,vs 1,4.060136360496648,0.987,1NSN,5E94,0,3
705,vs 1,3.5603362790829207,0.9773,1ADQ,1NSN,0,3
706,vs 1,4.833030900946741,0.9911,1NSN,1FBI,0,3
707,vs 1,2.9587001725421747,0.9511,3RAJ,1WEJ,0,3
708,vs 1,3.4677252054589642,0.9678,5E94,1OB1,0,3
709,vs 1,3.2273427093980995,0.976,1ADQ,1H0D,0,3
710,vs 1,4.315069428531054,0.9887,1OB1,2YPV,0,3
711,vs 1,3.996333743450826,0.987,2YPV,1WEJ,0,3
712,vs 1,4.615152464136512,0.9914,3VRL,2YPV,0,3
713,vs 1,3.151962133461783,0.968,5E94,1ADQ,0,3
714,vs 1,4.2267055049825615,0.9884,1OB1,3VRL,0,3
715,vs 1,4.30322574926927,0.9865,1FBI,1WEJ,0,3
716,vs 1,4.063733468373592,0.9868,1NSN,2YPV,0,3
717,vs 1,3.432911934253485,0.9735,1H0D,3RAJ,0,3
718,vs 1,3.432911934253485,0.9733,3RAJ,1H0D,0,3
719,vs 1,3.4944327500362626,0.98,3RAJ,1NSN,0,3
720,vs 1,4.724500932424482,0.9909,1OB1,1FBI,0,3
721,vs 1,3.5038786021764383,0.9816,1H0D,5E94,0,3
722,vs 1,3.6789341104078885,0.9753,1ADQ,1WEJ,0,3
723,vs 1,3.4175149193129926,0.939,2YPV,1H0D,0,3
724,vs 1,4.069596676595365,0.973,1WEJ,5E94,0,3
725,vs 1,4.833030900946741,0.9915,1FBI,1NSN,0,3
726,vs 1,5.01748425821341,0.9936,3VRL,1FBI,0,3
727,vs 1,3.6931954294982154,0.9919,1NSN,3VRL,0,3
728,vs 1,2.9587001725421747,0.9484,1WEJ,3RAJ,0,3
729,vs 1,3.900198513132122,0.9928,1FBI,1H0D,0,3
730,vs 1,4.063733468373592,0.9835,2YPV,1NSN,0,3
731,vs 1,3.5603362790829207,0.9774,1NSN,1ADQ,0,3
732,vs 1,3.936202028679055,0.9749,1NSN,1OB1,0,3
733,vs 1,2.1961355853304583,0.9551,1ADQ,3RAJ,0,3
734,vs 1,4.276254137370858,0.9855,1H0D,1WEJ,0,3
735,vs 1,3.151962133461783,0.9724,1ADQ,5E94,0,3
736,vs 1,4.407712488676152,0.9869,5E94,1FBI,0,3
737,vs 1,3.4551577661542145,0.9633,1FBI,3RAJ,0,3
738,vs 1,4.2267055049825615,0.9887,3VRL,1OB1,0,3
739,vs 1,4.276254137370858,0.9869,1WEJ,1H0D,0,3
740,vs 1,2.923517271976435,0.9828,2YPV,5E94,0,3
741,vs 1,4.123215679771923,0.9887,1WEJ,1NSN,0,3
742,vs 1,4.407712488676152,0.9901,1FBI,5E94,0,3
743,vs 1,4.877929710891492,0.9791,5E94,3VRL,0,3
744,vs 1,3.2734069401090613,0.979,1OB1,1ADQ,0,3
745,vs 1,3.2681531120422322,0.9691,2YPV,3RAJ,0,3
746,vs 1,2.945197219545629,0.9456,3RAJ,5E94,0,3
747,vs 1,3.844033460559383,0.9824,1H0D,1NSN,0,3
748,vs 1,4.240003833073459,0.9738,3VRL,1ADQ,0,3
749,vs 1,2.923517271976435,0.9838,5E94,2YPV,0,3
750,vs 1,4.750259143857204,0.9935,1H0D,1OB1,0,42
751,vs 1,4.750259143857204,0.9935,1H0D,1OB1,0,42
752,vs 1,4.750259143857204,0.9922,1OB1,1H0D,0,42
753,vs 1,4.750259143857204,0.9922,1OB1,1H0D,0,42
754,vs 1,3.0418102677184433,0.9732,1ADQ,2YPV,0,42
755,vs 1,3.0418102677184433,0.9732,1ADQ,2YPV,0,42
756,vs 1,4.05306891486875,0.9888,1NSN,1WEJ,0,42
757,vs 1,4.05306891486875,0.9888,1NSN,1WEJ,0,42
758,vs 1,3.4768791526825122,0.9698,3RAJ,1FBI,0,42
759,vs 1,3.4768791526825122,0.9698,3RAJ,1FBI,0,42
760,vs 1,3.5552421108358034,0.9723,1WEJ,1ADQ,0,42
761,vs 1,3.5552421108358034,0.9723,1WEJ,1ADQ,0,42
762,vs 1,3.9402196925086876,0.9717,1OB1,1NSN,0,42
763,vs 1,3.9402196925086876,0.9717,1OB1,1NSN,0,42
764,vs 1,4.124484187496733,0.9739,1ADQ,3VRL,0,42
765,vs 1,4.124484187496733,0.9739,1ADQ,3VRL,0,42
766,vs 1,3.2064729488458386,0.9767,1H0D,1ADQ,0,42
767,vs 1,3.2064729488458386,0.9767,1H0D,1ADQ,0,42
768,vs 1,3.6887863071613625,0.9905,3VRL,1NSN,0,42
769,vs 1,3.6887863071613625,0.9905,3VRL,1NSN,0,42
770,vs 1,4.529891593769374,0.9914,3VRL,1H0D,0,42
771,vs 1,4.529891593769374,0.9914,3VRL,1H0D,0,42
772,vs 1,4.0763554513763856,0.9855,2YPV,1FBI,0,42
773,vs 1,4.0763554513763856,0.9855,2YPV,1FBI,0,42
774,vs 1,3.6045991941852202,0.9798,1WEJ,1OB1,0,42
775,vs 1,3.6045991941852202,0.9798,1WEJ,1OB1,0,42
776,vs 1,3.873642899905951,0.9805,1ADQ,1FBI,0,42
777,vs 1,3.873642899905951,0.9805,1ADQ,1FBI,0,42
778,vs 1,3.6045991941852202,0.9818,1OB1,1WEJ,0,42
779,vs 1,3.6045991941852202,0.9818,1OB1,1WEJ,0,42
780,vs 1,5.067362240009063,0.9951,1FBI,3VRL,0,42
781,vs 1,5.067362240009063,0.9951,1FBI,3VRL,0,42
782,vs 1,3.8742631270266794,0.9824,1NSN,1H0D,0,42
783,vs 1,3.8742631270266794,0.9824,1NSN,1H0D,0,42
784,vs 1,2.896740479087033,0.9455,5E94,3RAJ,0,42
785,vs 1,2.896740479087033,0.9455,5E94,3RAJ,0,42
786,vs 1,3.285021692699048,0.9704,3RAJ,2YPV,0,42
787,vs 1,3.285021692699048,0.9704,3RAJ,2YPV,0,42
788,vs 1,4.621036974488788,0.9909,2YPV,3VRL,0,42
789,vs 1,4.621036974488788,0.9909,2YPV,3VRL,0,42
790,vs 1,4.0763554513763856,0.9869,1FBI,2YPV,0,42
791,vs 1,4.0763554513763856,0.9869,1FBI,2YPV,0,42
792,vs 1,3.756917651182522,0.9704,3RAJ,3VRL,0,42
793,vs 1,3.756917651182522,0.9704,3RAJ,3VRL,0,42
794,vs 1,3.435891669853482,0.9856,3VRL,1WEJ,0,42
795,vs 1,3.435891669853482,0.9856,3VRL,1WEJ,0,42
796,vs 1,4.682928960997365,0.9926,1FBI,1OB1,0,42
797,vs 1,4.682928960997365,0.9926,1FBI,1OB1,0,42
798,vs 1,3.756917651182522,0.9724,3VRL,3RAJ,0,42
799,vs 1,3.756917651182522,0.9724,3VRL,3RAJ,0,42
800,vs 1,4.290610302588908,0.9881,1WEJ,1FBI,0,42
801,vs 1,4.290610302588908,0.9881,1WEJ,1FBI,0,42
802,vs 1,2.0537190999870125,0.9473,3RAJ,1ADQ,0,42
803,vs 1,2.0537190999870125,0.9473,3RAJ,1ADQ,0,42
804,vs 1,4.322922072501658,0.9879,2YPV,1OB1,0,42
805,vs 1,4.322922072501658,0.9879,2YPV,1OB1,0,42
806,vs 1,4.93882808409679,0.9842,3VRL,5E94,0,42
807,vs 1,4.93882808409679,0.9842,3VRL,5E94,0,42
808,vs 1,3.873642899905951,0.9784,1FBI,1ADQ,0,42
809,vs 1,3.873642899905951,0.9784,1FBI,1ADQ,0,42
810,vs 1,4.1307472460760915,0.973,5E94,1WEJ,0,42
811,vs 1,4.1307472460760915,0.973,5E94,1WEJ,0,42
812,vs 1,3.4268395757420462,0.977,1OB1,5E94,0,42
813,vs 1,3.4268395757420462,0.977,1OB1,5E94,0,42
814,vs 1,3.911317919215552,0.9896,1H0D,1FBI,0,42
815,vs 1,3.911317919215552,0.9896,1H0D,1FBI,0,42
816,vs 1,2.664556098235485,0.9703,3RAJ,1OB1,0,42
817,vs 1,2.664556098235485,0.9703,3RAJ,1OB1,0,42
818,vs 1,3.0418102677184433,0.9711,2YPV,1ADQ,0,42
819,vs 1,3.0418102677184433,0.9711,2YPV,1ADQ,0,42
820,vs 1,2.664556098235485,0.9767,1OB1,3RAJ,0,42
821,vs 1,2.664556098235485,0.9767,1OB1,3RAJ,0,42
822,vs 1,4.529891593769374,0.9914,1H0D,3VRL,0,42
823,vs 1,4.529891593769374,0.9914,1H0D,3VRL,0,42
824,vs 1,4.026072952703993,0.988,1WEJ,2YPV,0,42
825,vs 1,4.026072952703993,0.988,1WEJ,2YPV,0,42
826,vs 1,3.4495256105612944,0.9796,1NSN,3RAJ,0,42
827,vs 1,3.4495256105612944,0.9796,1NSN,3RAJ,0,42
828,vs 1,3.5284657038892817,0.9792,5E94,1H0D,0,42
829,vs 1,3.5284657038892817,0.9792,5E94,1H0D,0,42
830,vs 1,3.4780048290456835,0.9591,1H0D,2YPV,0,42
831,vs 1,3.4780048290456835,0.9591,1H0D,2YPV,0,42
832,vs 1,3.20997792112678,0.9791,1ADQ,1OB1,0,42
833,vs 1,3.20997792112678,0.9791,1ADQ,1OB1,0,42
834,vs 1,3.435891669853482,0.9828,1WEJ,3VRL,0,42
835,vs 1,3.435891669853482,0.9828,1WEJ,3VRL,0,42
836,vs 1,4.061132045275165,0.9845,5E94,1NSN,0,42
837,vs 1,4.061132045275165,0.9845,5E94,1NSN,0,42
838,vs 1,4.061132045275165,0.9859,1NSN,5E94,0,42
839,vs 1,4.061132045275165,0.9859,1NSN,5E94,0,42
840,vs 1,3.4572557128455608,0.9755,1ADQ,1NSN,0,42
841,vs 1,3.4572557128455608,0.9755,1ADQ,1NSN,0,42
842,vs 1,4.872897715003348,0.9917,1NSN,1FBI,0,42
843,vs 1,4.872897715003348,0.9917,1NSN,1FBI,0,42
844,vs 1,2.9727133334434632,0.9522,3RAJ,1WEJ,0,42
845,vs 1,2.9727133334434632,0.9522,3RAJ,1WEJ,0,42
846,vs 1,3.4268395757420462,0.9716,5E94,1OB1,0,42
847,vs 1,3.4268395757420462,0.9716,5E94,1OB1,0,42
848,vs 1,3.2064729488458386,0.9747,1ADQ,1H0D,0,42
849,vs 1,3.2064729488458386,0.9747,1ADQ,1H0D,0,42
850,vs 1,4.322922072501658,0.9877,1OB1,2YPV,0,42
851,vs 1,4.322922072501658,0.9877,1OB1,2YPV,0,42
852,vs 1,4.026072952703993,0.9869,2YPV,1WEJ,0,42
853,vs 1,4.026072952703993,0.9869,2YPV,1WEJ,0,42
854,vs 1,4.621036974488788,0.9919,3VRL,2YPV,0,42
855,vs 1,4.621036974488788,0.9919,3VRL,2YPV,0,42
856,vs 1,3.155704478320734,0.9693,5E94,1ADQ,0,42
857,vs 1,3.155704478320734,0.9693,5E94,1ADQ,0,42
858,vs 1,4.277304287873081,0.9883,1OB1,3VRL,0,42
859,vs 1,4.277304287873081,0.9883,1OB1,3VRL,0,42
860,vs 1,4.290610302588908,0.9861,1FBI,1WEJ,0,42
861,vs 1,4.290610302588908,0.9861,1FBI,1WEJ,0,42
862,vs 1,4.082082209673199,0.9887,1NSN,2YPV,0,42
863,vs 1,4.082082209673199,0.9887,1NSN,2YPV,0,42
864,vs 1,3.3908447909261037,0.9749,1H0D,3RAJ,0,42
865,vs 1,3.3908447909261037,0.9749,1H0D,3RAJ,0,42
866,vs 1,3.3908447909261037,0.9753,3RAJ,1H0D,0,42
867,vs 1,3.3908447909261037,0.9753,3RAJ,1H0D,0,42
868,vs 1,3.4495256105612944,0.9788,3RAJ,1NSN,0,42
869,vs 1,3.4495256105612944,0.9788,3RAJ,1NSN,0,42
870,vs 1,4.682928960997365,0.9924,1OB1,1FBI,0,42
871,vs 1,4.682928960997365,0.9924,1OB1,1FBI,0,42
872,vs 1,3.5284657038892817,0.9779,1H0D,5E94,0,42
873,vs 1,3.5284657038892817,0.9779,1H0D,5E94,0,42
874,vs 1,3.5552421108358034,0.971,1ADQ,1WEJ,0,42
875,vs 1,3.5552421108358034,0.971,1ADQ,1WEJ,0,42
876,vs 1,3.4780048290456835,0.9514,2YPV,1H0D,0,42
877,vs 1,3.4780048290456835,0.9514,2YPV,1H0D,0,42
878,vs 1,4.1307472460760915,0.9752,1WEJ,5E94,0,42
879,vs 1,4.1307472460760915,0.9752,1WEJ,5E94,0,42
880,vs 1,4.872897715003348,0.9928,1FBI,1NSN,0,42
881,vs 1,4.872897715003348,0.9928,1FBI,1NSN,0,42
882,vs 1,5.067362240009063,0.9939,3VRL,1FBI,0,42
883,vs 1,5.067362240009063,0.9939,3VRL,1FBI,0,42
884,vs 1,3.6887863071613625,0.9913,1NSN,3VRL,0,42
885,vs 1,3.6887863071613625,0.9913,1NSN,3VRL,0,42
886,vs 1,2.9727133334434632,0.9527,1WEJ,3RAJ,0,42
887,vs 1,2.9727133334434632,0.9527,1WEJ,3RAJ,0,42
888,vs 1,3.911317919215552,0.993,1FBI,1H0D,0,42
889,vs 1,3.911317919215552,0.993,1FBI,1H0D,0,42
890,vs 1,4.082082209673199,0.9861,2YPV,1NSN,0,42
891,vs 1,4.082082209673199,0.9861,2YPV,1NSN,0,42
892,vs 1,3.4572557128455608,0.9755,1NSN,1ADQ,0,42
893,vs 1,3.4572557128455608,0.9755,1NSN,1ADQ,0,42
894,vs 1,3.9402196925086876,0.975,1NSN,1OB1,0,42
895,vs 1,3.9402196925086876,0.975,1NSN,1OB1,0,42
896,vs 1,2.0537190999870125,0.9472,1ADQ,3RAJ,0,42
897,vs 1,2.0537190999870125,0.9472,1ADQ,3RAJ,0,42
898,vs 1,4.273464393552524,0.9862,1H0D,1WEJ,0,42
899,vs 1,4.273464393552524,0.9862,1H0D,1WEJ,0,42
900,vs 1,3.155704478320734,0.9682,1ADQ,5E94,0,42
901,vs 1,3.155704478320734,0.9682,1ADQ,5E94,0,42
902,vs 1,4.415536873614149,0.9873,5E94,1FBI,0,42
903,vs 1,4.415536873614149,0.9873,5E94,1FBI,0,42
904,vs 1,3.4768791526825122,0.9639,1FBI,3RAJ,0,42
905,vs 1,3.4768791526825122,0.9639,1FBI,3RAJ,0,42
906,vs 1,4.277304287873081,0.9905,3VRL,1OB1,0,42
907,vs 1,4.277304287873081,0.9905,3VRL,1OB1,0,42
908,vs 1,4.273464393552524,0.9863,1WEJ,1H0D,0,42
909,vs 1,4.273464393552524,0.9863,1WEJ,1H0D,0,42
910,vs 1,2.982723138946873,0.9844,2YPV,5E94,0,42
911,vs 1,2.982723138946873,0.9844,2YPV,5E94,0,42
912,vs 1,4.05306891486875,0.9869,1WEJ,1NSN,0,42
913,vs 1,4.05306891486875,0.9869,1WEJ,1NSN,0,42
914,vs 1,4.415536873614149,0.9879,1FBI,5E94,0,42
915,vs 1,4.415536873614149,0.9879,1FBI,5E94,0,42
916,vs 1,4.93882808409679,0.9829,5E94,3VRL,0,42
917,vs 1,4.93882808409679,0.9829,5E94,3VRL,0,42
918,vs 1,3.20997792112678,0.9774,1OB1,1ADQ,0,42
919,vs 1,3.20997792112678,0.9774,1OB1,1ADQ,0,42
920,vs 1,3.285021692699048,0.9699,2YPV,3RAJ,0,42
921,vs 1,3.285021692699048,0.9699,2YPV,3RAJ,0,42
922,vs 1,2.896740479087033,0.9469,3RAJ,5E94,0,42
923,vs 1,2.896740479087033,0.9469,3RAJ,5E94,0,42
924,vs 1,3.8742631270266794,0.9807,1H0D,1NSN,0,42
925,vs 1,3.8742631270266794,0.9807,1H0D,1NSN,0,42
926,vs 1,4.124484187496733,0.9694,3VRL,1ADQ,0,42
927,vs 1,4.124484187496733,0.9694,3VRL,1ADQ,0,42
928,vs 1,2.982723138946873,0.9833,5E94,2YPV,0,42
929,vs 1,2.982723138946873,0.9833,5E94,2YPV,0,42
930,vs 1,4.723714491842572,0.9935,1H0D,1OB1,0,2
931,vs 1,4.723714491842572,0.9922,1OB1,1H0D,0,2
932,vs 1,3.031323120206494,0.9715,1ADQ,2YPV,0,2
933,vs 1,4.05071306949087,0.9891,1NSN,1WEJ,0,2
934,vs 1,3.4641857006305976,0.9756,3RAJ,1FBI,0,2
935,vs 1,3.5548020130801645,0.9704,1WEJ,1ADQ,0,2
936,vs 1,3.9673216856855262,0.9715,1OB1,1NSN,0,2
937,vs 1,4.19407119885395,0.9724,1ADQ,3VRL,0,2
938,vs 1,3.1696205659399284,0.9722,1H0D,1ADQ,0,2
939,vs 1,3.714023256710407,0.9934,3VRL,1NSN,0,2
940,vs 1,4.492929384573919,0.9909,3VRL,1H0D,0,2
941,vs 1,4.0789216229622465,0.9845,2YPV,1FBI,0,2
942,vs 1,3.542212516350671,0.9728,1WEJ,1OB1,0,2
943,vs 1,3.872195514313351,0.9824,1ADQ,1FBI,0,2
944,vs 1,3.542212516350671,0.9781,1OB1,1WEJ,0,2
945,vs 1,5.029294032629759,0.9942,1FBI,3VRL,0,2
946,vs 1,3.8375164733113087,0.9831,1NSN,1H0D,0,2
947,vs 1,2.8952456922498055,0.945,5E94,3RAJ,0,2
948,vs 1,3.265379026830897,0.9698,3RAJ,2YPV,0,2
949,vs 1,4.678382457002124,0.99,2YPV,3VRL,0,2
950,vs 1,4.0789216229622465,0.9871,1FBI,2YPV,0,2
951,vs 1,3.725658542860269,0.9723,3RAJ,3VRL,0,2
952,vs 1,3.4441424802839733,0.9843,3VRL,1WEJ,0,2
953,vs 1,4.703549691659451,0.9905,1FBI,1OB1,0,2
954,vs 1,3.725658542860269,0.9697,3VRL,3RAJ,0,2
955,vs 1,4.2924149395849005,0.9855,1WEJ,1FBI,0,2
956,vs 1,2.1379149666153903,0.9527,3RAJ,1ADQ,0,2
957,vs 1,4.314602697483243,0.9875,2YPV,1OB1,0,2
958,vs 1,4.923571029966118,0.9809,3VRL,5E94,0,2
959,vs 1,3.872195514313351,0.9751,1FBI,1ADQ,0,2
960,vs 1,4.088115847505481,0.9693,5E94,1WEJ,0,2
961,vs 1,3.4324803782167104,0.9744,1OB1,5E94,0,2
962,vs 1,3.893589625056819,0.9916,1H0D,1FBI,0,2
963,vs 1,2.63875647976808,0.968,3RAJ,1OB1,0,2
964,vs 1,3.031323120206494,0.971,2YPV,1ADQ,0,2
965,vs 1,2.63875647976808,0.974,1OB1,3RAJ,0,2
966,vs 1,4.492929384573919,0.9914,1H0D,3VRL,0,2
967,vs 1,3.9921155477864523,0.9855,1WEJ,2YPV,0,2
968,vs 1,3.45536791171857,0.9836,1NSN,3RAJ,0,2
969,vs 1,3.4855057041293893,0.9778,5E94,1H0D,0,2
970,vs 1,3.443106952191727,0.9576,1H0D,2YPV,0,2
971,vs 1,3.2395663738200984,0.9779,1ADQ,1OB1,0,2
972,vs 1,3.4441424802839733,0.9855,1WEJ,3VRL,0,2
973,vs 1,4.072485545580378,0.9855,5E94,1NSN,0,2
974,vs 1,4.072485545580378,0.9852,1NSN,5E94,0,2
975,vs 1,3.4708771220946364,0.9798,1ADQ,1NSN,0,2
976,vs 1,4.855208711445713,0.9928,1NSN,1FBI,0,2
977,vs 1,2.881851897905185,0.9519,3RAJ,1WEJ,0,2
978,vs 1,3.4324803782167104,0.9698,5E94,1OB1,0,2
979,vs 1,3.1696205659399284,0.9702,1ADQ,1H0D,0,2
980,vs 1,4.314602697483243,0.9872,1OB1,2YPV,0,2
981,vs 1,3.9921155477864523,0.9866,2YPV,1WEJ,0,2
982,vs 1,4.678382457002124,0.9916,3VRL,2YPV,0,2
983,vs 1,3.0969093444907307,0.9686,5E94,1ADQ,0,2
984,vs 1,4.286646698441292,0.9872,1OB1,3VRL,0,2
985,vs 1,4.2924149395849005,0.9847,1FBI,1WEJ,0,2
986,vs 1,4.0672352971453085,0.9877,1NSN,2YPV,0,2
987,vs 1,3.3971800674133994,0.975,1H0D,3RAJ,0,2
988,vs 1,3.3971800674133994,0.9713,3RAJ,1H0D,0,2
989,vs 1,3.45536791171857,0.9771,3RAJ,1NSN,0,2
990,vs 1,4.703549691659451,0.9916,1OB1,1FBI,0,2
991,vs 1,3.4855057041293893,0.9794,1H0D,5E94,0,2
992,vs 1,3.5548020130801645,0.9722,1ADQ,1WEJ,0,2
993,vs 1,3.443106952191727,0.9469,2YPV,1H0D,0,2
994,vs 1,4.088115847505481,0.9729,1WEJ,5E94,0,2
995,vs 1,4.855208711445713,0.9946,1FBI,1NSN,0,2
996,vs 1,5.029294032629759,0.9948,3VRL,1FBI,0,2
997,vs 1,3.714023256710407,0.9935,1NSN,3VRL,0,2
998,vs 1,2.881851897905185,0.947,1WEJ,3RAJ,0,2
999,vs 1,3.893589625056819,0.995,1FBI,1H0D,0,2
1000,vs 1,4.0672352971453085,0.9854,2YPV,1NSN,0,2
1001,vs 1,3.4708771220946364,0.98,1NSN,1ADQ,0,2
1002,vs 1,3.9673216856855262,0.9729,1NSN,1OB1,0,2
1003,vs 1,2.1379149666153903,0.9498,1ADQ,3RAJ,0,2
1004,vs 1,4.207994355888723,0.9877,1H0D,1WEJ,0,2
1005,vs 1,3.0969093444907307,0.9686,1ADQ,5E94,0,2
1006,vs 1,4.383606317399143,0.9874,5E94,1FBI,0,2
1007,vs 1,3.4641857006305976,0.9666,1FBI,3RAJ,0,2
1008,vs 1,4.286646698441292,0.988,3VRL,1OB1,0,2
1009,vs 1,4.207994355888723,0.987,1WEJ,1H0D,0,2
1010,vs 1,2.950142900789004,0.9828,2YPV,5E94,0,2
1011,vs 1,4.05071306949087,0.9878,1WEJ,1NSN,0,2
1012,vs 1,4.383606317399143,0.9868,1FBI,5E94,0,2
1013,vs 1,4.923571029966118,0.98,5E94,3VRL,0,2
1014,vs 1,3.2395663738200984,0.9755,1OB1,1ADQ,0,2
1015,vs 1,3.265379026830897,0.9673,2YPV,3RAJ,0,2
1016,vs 1,2.8952456922498055,0.9448,3RAJ,5E94,0,2
1017,vs 1,3.8375164733113087,0.9846,1H0D,1NSN,0,2
1018,vs 1,4.19407119885395,0.9726,3VRL,1ADQ,0,2
1019,vs 1,2.950142900789004,0.9851,5E94,2YPV,0,2
1020,vs 1,4.762146355940756,0.9937,1H0D,1OB1,0,0
1021,vs 1,4.762146355940756,0.9936,1OB1,1H0D,0,0
1022,vs 1,3.0307015250030336,0.971,1ADQ,2YPV,0,0
1023,vs 1,4.0693492237190325,0.9907,1NSN,1WEJ,0,0
1024,vs 1,3.3891262603838155,0.9702,3RAJ,1FBI,0,0
1025,vs 1,3.605360550632726,0.9703,1WEJ,1ADQ,0,0
1026,vs 1,3.898927906133597,0.9724,1OB1,1NSN,0,0
1027,vs 1,4.253790188066004,0.9747,1ADQ,3VRL,0,0
1028,vs 1,3.2266232653067846,0.9755,1H0D,1ADQ,0,0
1029,vs 1,3.712329891311433,0.9924,3VRL,1NSN,0,0
1030,vs 1,4.553224946916745,0.9922,3VRL,1H0D,0,0
1031,vs 1,4.009597513414619,0.9847,2YPV,1FBI,0,0
1032,vs 1,3.576660031137415,0.9785,1WEJ,1OB1,0,0
1033,vs 1,3.8593601957573846,0.9809,1ADQ,1FBI,0,0
1034,vs 1,3.576660031137415,0.9806,1OB1,1WEJ,0,0
1035,vs 1,5.060735412958599,0.995,1FBI,3VRL,0,0
1036,vs 1,3.8024257772044496,0.9843,1NSN,1H0D,0,0
1037,vs 1,2.9722176537997096,0.9462,5E94,3RAJ,0,0
1038,vs 1,3.279272150781638,0.9712,3RAJ,2YPV,0,0
1039,vs 1,4.628366420304226,0.9903,2YPV,3VRL,0,0
1040,vs 1,4.009597513414619,0.9873,1FBI,2YPV,0,0
1041,vs 1,3.8208180152776166,0.9721,3RAJ,3VRL,0,0
1042,vs 1,3.4740146189875056,0.9834,3VRL,1WEJ,0,0
1043,vs 1,4.677549363198992,0.9915,1FBI,1OB1,0,0
1044,vs 1,3.8208180152776166,0.9727,3VRL,3RAJ,0,0
1045,vs 1,4.278432718100835,0.9882,1WEJ,1FBI,0,0
1046,vs 1,2.1322873271575817,0.9532,3RAJ,1ADQ,0,0
1047,vs 1,4.3537954462575845,0.9878,2YPV,1OB1,0,0
1048,vs 1,4.966165339115657,0.9819,3VRL,5E94,0,0
1049,vs 1,3.8593601957573846,0.9764,1FBI,1ADQ,0,0
1050,vs 1,4.117235461861739,0.9719,5E94,1WEJ,0,0
1051,vs 1,3.4282548005279465,0.9749,1OB1,5E94,0,0
1052,vs 1,3.8952540078079703,0.9914,1H0D,1FBI,0,0
1053,vs 1,2.6620129651213533,0.9667,3RAJ,1OB1,0,0
1054,vs 1,3.0307015250030336,0.9723,2YPV,1ADQ,0,0
1055,vs 1,2.6620129651213533,0.9766,1OB1,3RAJ,0,0
1056,vs 1,4.553224946916745,0.9928,1H0D,3VRL,0,0
1057,vs 1,3.9771007469293203,0.9868,1WEJ,2YPV,0,0
1058,vs 1,3.4649213322308525,0.9808,1NSN,3RAJ,0,0
1059,vs 1,3.534781621197819,0.9783,5E94,1H0D,0,0
1060,vs 1,3.3821889079464715,0.9591,1H0D,2YPV,0,0
1061,vs 1,3.2716664299156863,0.9772,1ADQ,1OB1,0,0
1062,vs 1,3.4740146189875056,0.9835,1WEJ,3VRL,0,0
1063,vs 1,4.069024265022591,0.9877,5E94,1NSN,0,0
1064,vs 1,4.069024265022591,0.9847,1NSN,5E94,0,0
1065,vs 1,3.4780776242680105,0.9785,1ADQ,1NSN,0,0
1066,vs 1,4.807501375472864,0.994,1NSN,1FBI,0,0
1067,vs 1,2.943815583223151,0.9481,3RAJ,1WEJ,0,0
1068,vs 1,3.4282548005279465,0.9719,5E94,1OB1,0,0
1069,vs 1,3.2266232653067846,0.9788,1ADQ,1H0D,0,0
1070,vs 1,4.3537954462575845,0.9898,1OB1,2YPV,0,0
1071,vs 1,3.9771007469293203,0.9868,2YPV,1WEJ,0,0
1072,vs 1,4.628366420304226,0.9932,3VRL,2YPV,0,0
1073,vs 1,3.173912943195343,0.9683,5E94,1ADQ,0,0
1074,vs 1,4.292560338766947,0.9885,1OB1,3VRL,0,0
1075,vs 1,4.278432718100835,0.9858,1FBI,1WEJ,0,0
1076,vs 1,4.031471706311622,0.9865,1NSN,2YPV,0,0
1077,vs 1,3.4439831638458944,0.9769,1H0D,3RAJ,0,0
1078,vs 1,3.4439831638458944,0.9781,3RAJ,1H0D,0,0
1079,vs 1,3.4649213322308525,0.9796,3RAJ,1NSN,0,0
1080,vs 1,4.677549363198992,0.9919,1OB1,1FBI,0,0
1081,vs 1,3.534781621197819,0.9813,1H0D,5E94,0,0
1082,vs 1,3.605360550632726,0.9744,1ADQ,1WEJ,0,0
1083,vs 1,3.3821889079464715,0.9453,2YPV,1H0D,0,0
1084,vs 1,4.117235461861739,0.975,1WEJ,5E94,0,0
1085,vs 1,4.807501375472864,0.9945,1FBI,1NSN,0,0
1086,vs 1,5.060735412958599,0.9927,3VRL,1FBI,0,0
1087,vs 1,3.712329891311433,0.992,1NSN,3VRL,0,0
1088,vs 1,2.943815583223151,0.9514,1WEJ,3RAJ,0,0
1089,vs 1,3.8952540078079703,0.9937,1FBI,1H0D,0,0
1090,vs 1,4.031471706311622,0.9855,2YPV,1NSN,0,0
1091,vs 1,3.4780776242680105,0.9774,1NSN,1ADQ,0,0
1092,vs 1,3.898927906133597,0.9738,1NSN,1OB1,0,0
1093,vs 1,2.1322873271575817,0.9487,1ADQ,3RAJ,0,0
1094,vs 1,4.249269265717854,0.9856,1H0D,1WEJ,0,0
1095,vs 1,3.173912943195343,0.9701,1ADQ,5E94,0,0
1096,vs 1,4.394712509289978,0.9874,5E94,1FBI,0,0
1097,vs 1,3.3891262603838155,0.9633,1FBI,3RAJ,0,0
1098,vs 1,4.292560338766947,0.9897,3VRL,1OB1,0,0
1099,vs 1,4.249269265717854,0.9857,1WEJ,1H0D,0,0
1100,vs 1,3.002126589903571,0.9831,2YPV,5E94,0,0
1101,vs 1,4.0693492237190325,0.989,1WEJ,1NSN,0,0
1102,vs 1,4.394712509289978,0.9885,1FBI,5E94,0,0
1103,vs 1,4.966165339115657,0.9819,5E94,3VRL,0,0
1104,vs 1,3.2716664299156863,0.9783,1OB1,1ADQ,0,0
1105,vs 1,3.279272150781638,0.9696,2YPV,3RAJ,0,0
1106,vs 1,2.9722176537997096,0.9457,3RAJ,5E94,0,0
1107,vs 1,3.8024257772044496,0.9858,1H0D,1NSN,0,0
1108,vs 1,4.253790188066004,0.9741,3VRL,1ADQ,0,0
1109,vs 1,3.002126589903571,0.9827,5E94,2YPV,0,0
1110,vs 1,4.790255148862974,0.9927,1H0D,1OB1,0,1
1111,vs 1,4.790255148862974,0.9924,1OB1,1H0D,0,1
1112,vs 1,2.9937209760357923,0.9727,1ADQ,2YPV,0,1
1113,vs 1,4.082116657209153,0.9892,1NSN,1WEJ,0,1
1114,vs 1,3.455518069906712,0.9722,3RAJ,1FBI,0,1
1115,vs 1,3.6362064661284608,0.9718,1WEJ,1ADQ,0,1
1116,vs 1,3.963194252549279,0.9745,1OB1,1NSN,0,1
1117,vs 1,4.200918627080311,0.976,1ADQ,3VRL,0,1
1118,vs 1,3.2093750351499484,0.9759,1H0D,1ADQ,0,1
1119,vs 1,3.659191941060856,0.9919,3VRL,1NSN,0,1
1120,vs 1,4.495719979826668,0.9922,3VRL,1H0D,0,1
1121,vs 1,4.093714945504927,0.9826,2YPV,1FBI,0,1
1122,vs 1,3.6191099734304877,0.9768,1WEJ,1OB1,0,1
1123,vs 1,3.885106616802847,0.982,1ADQ,1FBI,0,1
1124,vs 1,3.6191099734304877,0.9803,1OB1,1WEJ,0,1
1125,vs 1,5.038929993387402,0.995,1FBI,3VRL,0,1
1126,vs 1,3.8020601363508266,0.9819,1NSN,1H0D,0,1
1127,vs 1,2.936188447796935,0.9471,5E94,3RAJ,0,1
1128,vs 1,3.2413611810014653,0.9719,3RAJ,2YPV,0,1
1129,vs 1,4.5971717057328165,0.991,2YPV,3VRL,0,1
1130,vs 1,4.093714945504927,0.9887,1FBI,2YPV,0,1
1131,vs 1,3.7204549450390534,0.9708,3RAJ,3VRL,0,1
1132,vs 1,3.417631066858217,0.9829,3VRL,1WEJ,0,1
1133,vs 1,4.764659043123078,0.9928,1FBI,1OB1,0,1
1134,vs 1,3.7204549450390534,0.974,3VRL,3RAJ,0,1
1135,vs 1,4.362552329461452,0.9882,1WEJ,1FBI,0,1
1136,vs 1,2.177877616875934,0.9551,3RAJ,1ADQ,0,1
1137,vs 1,4.3531343078674345,0.9886,2YPV,1OB1,0,1
1138,vs 1,4.8918961471040525,0.9824,3VRL,5E94,0,1
1139,vs 1,3.885106616802847,0.9771,1FBI,1ADQ,0,1
1140,vs 1,4.119339452205352,0.971,5E94,1WEJ,0,1
1141,vs 1,3.4401018236262764,0.974,1OB1,5E94,0,1
1142,vs 1,3.894417041371291,0.9895,1H0D,1FBI,0,1
1143,vs 1,2.661460916751882,0.9673,3RAJ,1OB1,0,1
1144,vs 1,2.9937209760357923,0.9721,2YPV,1ADQ,0,1
1145,vs 1,2.661460916751882,0.9756,1OB1,3RAJ,0,1
1146,vs 1,4.495719979826668,0.9913,1H0D,3VRL,0,1
1147,vs 1,3.9779730782211833,0.9875,1WEJ,2YPV,0,1
1148,vs 1,3.4204706509701723,0.9785,1NSN,3RAJ,0,1
1149,vs 1,3.54414044703267,0.974,5E94,1H0D,0,1
1150,vs 1,3.3996759007024657,0.9532,1H0D,2YPV,0,1
1151,vs 1,3.314098359212848,0.9784,1ADQ,1OB1,0,1
1152,vs 1,3.417631066858217,0.9812,1WEJ,3VRL,0,1
1153,vs 1,4.086521517195135,0.9863,5E94,1NSN,0,1
1154,vs 1,4.086521517195135,0.985,1NSN,5E94,0,1
1155,vs 1,3.5240247114859096,0.9763,1ADQ,1NSN,0,1
1156,vs 1,4.818551553388308,0.9898,1NSN,1FBI,0,1
1157,vs 1,2.9872442061970226,0.954,3RAJ,1WEJ,0,1
1158,vs 1,3.4401018236262764,0.973,5E94,1OB1,0,1
1159,vs 1,3.2093750351499484,0.9752,1ADQ,1H0D,0,1
1160,vs 1,4.3531343078674345,0.9894,1OB1,2YPV,0,1
1161,vs 1,3.9779730782211833,0.9863,2YPV,1WEJ,0,1
1162,vs 1,4.5971717057328165,0.9926,3VRL,2YPV,0,1
1163,vs 1,3.1828899278508453,0.9669,5E94,1ADQ,0,1
1164,vs 1,4.278154280454515,0.988,1OB1,3VRL,0,1
1165,vs 1,4.362552329461452,0.9876,1FBI,1WEJ,0,1
1166,vs 1,4.04521813183053,0.9881,1NSN,2YPV,0,1
1167,vs 1,3.433003138276103,0.9712,1H0D,3RAJ,0,1
1168,vs 1,3.433003138276103,0.9728,3RAJ,1H0D,0,1
1169,vs 1,3.4204706509701723,0.9788,3RAJ,1NSN,0,1
1170,vs 1,4.764659043123078,0.9908,1OB1,1FBI,0,1
1171,vs 1,3.54414044703267,0.9778,1H0D,5E94,0,1
1172,vs 1,3.6362064661284608,0.9722,1ADQ,1WEJ,0,1
1173,vs 1,3.3996759007024657,0.9435,2YPV,1H0D,0,1
1174,vs 1,4.119339452205352,0.9718,1WEJ,5E94,0,1
1175,vs 1,4.818551553388308,0.9931,1FBI,1NSN,0,1
1176,vs 1,5.038929993387402,0.9948,3VRL,1FBI,0,1
1177,vs 1,3.659191941060856,0.9912,1NSN,3VRL,0,1
1178,vs 1,2.9872442061970226,0.9463,1WEJ,3RAJ,0,1
1179,vs 1,3.894417041371291,0.9926,1FBI,1H0D,0,1
1180,vs 1,4.04521813183053,0.9866,2YPV,1NSN,0,1
1181,vs 1,3.5240247114859096,0.9751,1NSN,1ADQ,0,1
1182,vs 1,3.963194252549279,0.9727,1NSN,1OB1,0,1
1183,vs 1,2.177877616875934,0.9507,1ADQ,3RAJ,0,1
1184,vs 1,4.26660777680122,0.9863,1H0D,1WEJ,0,1
1185,vs 1,3.1828899278508453,0.9705,1ADQ,5E94,0,1
1186,vs 1,4.43400982352325,0.9883,5E94,1FBI,0,1
1187,vs 1,3.455518069906712,0.9675,1FBI,3RAJ,0,1
1188,vs 1,4.278154280454515,0.9886,3VRL,1OB1,0,1
1189,vs 1,4.26660777680122,0.9855,1WEJ,1H0D,0,1
1190,vs 1,2.9586266819257343,0.982,2YPV,5E94,0,1
1191,vs 1,4.082116657209153,0.9875,1WEJ,1NSN,0,1
1192,vs 1,4.43400982352325,0.9875,1FBI,5E94,0,1
1193,vs 1,4.8918961471040525,0.9797,5E94,3VRL,0,1
1194,vs 1,3.314098359212848,0.9762,1OB1,1ADQ,0,1
1195,vs 1,3.2413611810014653,0.9703,2YPV,3RAJ,0,1
1196,vs 1,2.936188447796935,0.9444,3RAJ,5E94,0,1
1197,vs 1,3.8020601363508266,0.9837,1H0D,1NSN,0,1
1198,vs 1,4.200918627080311,0.9708,3VRL,1ADQ,0,1
1199,vs 1,2.9586266819257343,0.984,5E94,2YPV,0,1
