ag,train_task,test_task,neg_ratio,acc,recall,precision,f1
3VRL,ONE_VS_NINE,ONE_VS_NINE,1:1,0.9729864932466233,0.975,0.9711155378486056,0.9730538922155689
3VRL,ONE_VS_NINE,ONE_VS_NINE,1:2,0.9755918639546516,0.975,0.9528928850664582,0.9638196915776986
3VRL,ONE_VS_NINE,ONE_VS_NINE,1:5,0.9779963327221204,0.975,0.9011090573012939,0.9365994236311239
3VRL,ONE_VS_NINE,ONE_VS_NINE,1:10,0.9782525684153105,0.975,0.8198789101917255,0.8907363420427554
3VRL,ONE_VS_NINE,HIGH_VS_95LOW,1:1,0.987,0.975,0.9989754098360656,0.9868421052631579
3VRL,ONE_VS_NINE,HIGH_VS_95LOW,1:2,0.9912,0.975,0.9985661614092585,0.9866423800850032
3VRL,ONE_VS_NINE,HIGH_VS_95LOW,1:5,0.9949666666666667,0.975,0.9946949602122016,0.9847490152509848
3VRL,ONE_VS_NINE,HIGH_VS_95LOW,1:10,0.9969090909090909,0.975,0.9908536585365854,0.9828629032258065
3VRL,ONE_VS_NINE,HIGH_VS_95LOW,1:15,0.9974375,0.975,0.9838546922300706,0.9794073329984931
3VRL,ONE_VS_NINE,HIGH_VS_LOOSER,1:1,0.8829,0.975,0.823340651916906,0.8927753868693344
3VRL,ONE_VS_NINE,HIGH_VS_LOOSER,1:2,0.8487333333333333,0.975,0.6945433822481835,0.8112155753390465
3VRL,ONE_VS_NINE,HIGH_VS_LOOSER,1:5,0.8154333333333333,0.975,0.47389909594634005,0.6377968208281546
3VRL,ONE_VS_NINE,HIGH_VS_LOOSER,1:10,0.7999272727272727,0.975,0.3094452202615209,0.4697889563457647
3VRL,ONE_VS_NINE,HIGH_VS_LOOSER,1:15,0.79425,0.975,0.22984441301272984,0.37199542159481114
3VRL,HIGH_VS_95LOW,ONE_VS_NINE,1:1,0.9123561780890446,0.998,0.8521174863387978,0.9193072955047901
3VRL,HIGH_VS_95LOW,ONE_VS_NINE,1:2,0.8993664554851617,0.998,0.7689936816150409,0.8686569762381409
3VRL,HIGH_VS_95LOW,ONE_VS_NINE,1:5,0.883280546757793,0.998,0.5883740124985262,0.7403011646020325
3VRL,HIGH_VS_95LOW,ONE_VS_NINE,1:10,0.8747704336757887,0.998,0.4204938063537541,0.5916879113061007
3VRL,HIGH_VS_95LOW,HIGH_VS_95LOW,1:1,0.9966,0.998,0.9952134024730754,0.9966047533453166
3VRL,HIGH_VS_95LOW,HIGH_VS_95LOW,1:2,0.9963333333333333,0.998,0.9910625620655412,0.99451918285999
3VRL,HIGH_VS_95LOW,HIGH_VS_95LOW,1:5,0.9956333333333334,0.998,0.9763255722950499,0.9870438136682821
3VRL,HIGH_VS_95LOW,HIGH_VS_95LOW,1:10,0.9961636363636364,0.998,0.961279136967829,0.9792954567755863
3VRL,HIGH_VS_95LOW,HIGH_VS_95LOW,1:15,0.9959625,0.998,0.9409768055817462,0.9686499077938465
3VRL,HIGH_VS_95LOW,HIGH_VS_LOOSER,1:1,0.7585,0.998,0.6747802569303584,0.8051633723275515
3VRL,HIGH_VS_95LOW,HIGH_VS_LOOSER,1:2,0.6763333333333333,0.998,0.507371631926792,0.6727334007414898
3VRL,HIGH_VS_95LOW,HIGH_VS_LOOSER,1:5,0.5929666666666666,0.998,0.2902681635739631,0.4497318732819611
3VRL,HIGH_VS_95LOW,HIGH_VS_LOOSER,1:10,0.5549636363636363,0.998,0.16939946362494485,0.28963635835969476
3VRL,HIGH_VS_95LOW,HIGH_VS_LOOSER,1:15,0.5400875,0.998,0.11945515045603619,0.21337096187971694
3VRL,HIGH_VS_LOOSER,ONE_VS_NINE,1:1,0.9682841420710355,0.9604,0.9758179231863442,0.9680475758492086
3VRL,HIGH_VS_LOOSER,ONE_VS_NINE,1:2,0.974324774924975,0.9604,0.9625175385848868,0.9614576033637
3VRL,HIGH_VS_LOOSER,ONE_VS_NINE,1:5,0.9808634772462077,0.9604,0.9273850907686365,0.9436038514442915
3VRL,HIGH_VS_LOOSER,ONE_VS_NINE,1:10,0.983362123829439,0.9604,0.8700851603551368,0.9130145451088507
3VRL,HIGH_VS_LOOSER,HIGH_VS_95LOW,1:1,0.9798,0.9604,0.9991677070328756,0.9794003671221702
3VRL,HIGH_VS_LOOSER,HIGH_VS_95LOW,1:2,0.9864,0.9604,0.9987520798668885,0.979200652528548
3VRL,HIGH_VS_LOOSER,HIGH_VS_95LOW,1:5,0.9927333333333334,0.9604,0.9958523434259643,0.9778049277132967
3VRL,HIGH_VS_LOOSER,HIGH_VS_95LOW,1:10,0.995890909090909,0.9604,0.9942028985507246,0.9770091556459817
3VRL,HIGH_VS_LOOSER,HIGH_VS_95LOW,1:15,0.996875,0.9604,0.9892871858261227,0.97462959204384
3VRL,HIGH_VS_LOOSER,HIGH_VS_LOOSER,1:1,0.9534,0.9604,0.9471400394477317,0.9537239324726912
3VRL,HIGH_VS_LOOSER,HIGH_VS_LOOSER,1:2,0.9494666666666667,0.9604,0.8955613577023499,0.9268480988226211
3VRL,HIGH_VS_LOOSER,HIGH_VS_LOOSER,1:5,0.9466,0.9604,0.7737673219465034,0.8570408709619847
3VRL,HIGH_VS_LOOSER,HIGH_VS_LOOSER,1:10,0.9434545454545454,0.9604,0.6225045372050817,0.7553877615227308
3VRL,HIGH_VS_LOOSER,HIGH_VS_LOOSER,1:15,0.9429,0.9604,0.5235499345835151,0.677674287327124
1NSN,ONE_VS_NINE,ONE_VS_NINE,1:1,0.9599799899949975,0.9576,0.9622186495176849,0.9599037690457097
1NSN,ONE_VS_NINE,ONE_VS_NINE,1:2,0.9567189063021007,0.9576,0.9163636363636364,0.9365281173594132
1NSN,ONE_VS_NINE,ONE_VS_NINE,1:5,0.955692615435906,0.9576,0.8108382726502964,0.8781292984869327
1NSN,ONE_VS_NINE,ONE_VS_NINE,1:10,0.9548686244204019,0.9576,0.6783791442334939,0.7941615524962681
1NSN,ONE_VS_NINE,HIGH_VS_95LOW,1:1,0.6368,0.9576,0.5833333333333334,0.725015142337977
1NSN,ONE_VS_NINE,HIGH_VS_95LOW,1:2,0.5263333333333333,0.9576,0.4098964129783409,0.5740663029794377
1NSN,ONE_VS_NINE,HIGH_VS_95LOW,1:5,0.4172,0.9576,0.2170444242973708,0.35388026607538803
1NSN,ONE_VS_NINE,HIGH_VS_95LOW,1:10,0.3678,0.9576,0.12168653264543676,0.21593343405416374
1NSN,ONE_VS_NINE,HIGH_VS_95LOW,1:15,0.3497375,0.9576,0.08459812357545453,0.15546211666152573
1NSN,ONE_VS_NINE,HIGH_VS_LOOSER,1:1,0.6802,0.9576,0.6158991510162078,0.7496477219351808
1NSN,ONE_VS_NINE,HIGH_VS_LOOSER,1:2,0.5875333333333334,0.9576,0.44485738177088174,0.6074985726067373
1NSN,ONE_VS_NINE,HIGH_VS_LOOSER,1:5,0.49156666666666665,0.9576,0.24146452166019466,0.38567803777840426
1NSN,ONE_VS_NINE,HIGH_VS_LOOSER,1:10,0.44630909090909093,0.9576,0.13668674526820634,0.239226560743461
1NSN,ONE_VS_NINE,HIGH_VS_LOOSER,1:15,0.427625,0.9576,0.09506413056426954,0.17295813315030883
1NSN,HIGH_VS_95LOW,ONE_VS_NINE,1:1,0.8287143571785893,0.9792,0.7527675276752768,0.8511821974965228
1NSN,HIGH_VS_95LOW,ONE_VS_NINE,1:2,0.782594198066022,0.9792,0.6080476900149031,0.7502298498314435
1NSN,HIGH_VS_95LOW,ONE_VS_NINE,1:5,0.74055675945991,0.9792,0.389374900588516,0.5571867531580744
1NSN,HIGH_VS_95LOW,ONE_VS_NINE,1:10,0.718356214201291,0.9792,0.24140821458507963,0.3873264506941972
1NSN,HIGH_VS_95LOW,HIGH_VS_95LOW,1:1,0.9771,0.9792,0.9751045608444533,0.9771479892226325
1NSN,HIGH_VS_95LOW,HIGH_VS_95LOW,1:2,0.9768666666666667,0.9792,0.9527145359019265,0.9657757175263832
1NSN,HIGH_VS_95LOW,HIGH_VS_95LOW,1:5,0.9761333333333333,0.9792,0.8888888888888888,0.9318614389036923
1NSN,HIGH_VS_95LOW,HIGH_VS_95LOW,1:10,0.9758909090909091,0.9792,0.8002615233736515,0.8807339449541285
1NSN,HIGH_VS_95LOW,HIGH_VS_95LOW,1:15,0.975025,0.9792,0.721060382916053,0.830534351145038
1NSN,HIGH_VS_95LOW,HIGH_VS_LOOSER,1:1,0.719,0.9792,0.6440410418310971,0.7770195207109982
1NSN,HIGH_VS_95LOW,HIGH_VS_LOOSER,1:2,0.6320666666666667,0.9792,0.47483270293860924,0.6395401998563124
1NSN,HIGH_VS_95LOW,HIGH_VS_LOOSER,1:5,0.5498333333333333,0.9792,0.2675848499754058,0.4203116281066232
1NSN,HIGH_VS_95LOW,HIGH_VS_LOOSER,1:10,0.5100545454545454,0.9792,0.1542581681842528,0.26652875690682926
1NSN,HIGH_VS_95LOW,HIGH_VS_LOOSER,1:15,0.49565,0.9792,0.10846256092157731,0.19529317909852412
1NSN,HIGH_VS_LOOSER,ONE_VS_NINE,1:1,0.9029514757378689,0.9122,0.8957187745483111,0.9038842647641695
1NSN,HIGH_VS_LOOSER,ONE_VS_NINE,1:2,0.8936978992997666,0.9122,0.7979356193142058,0.851250466592012
1NSN,HIGH_VS_LOOSER,ONE_VS_NINE,1:5,0.8867477912985497,0.9122,0.6065966218912089,0.7286524482786165
1NSN,HIGH_VS_LOOSER,ONE_VS_NINE,1:10,0.8831711973815801,0.9122,0.4324452450933915,0.5867369910593684
1NSN,HIGH_VS_LOOSER,HIGH_VS_95LOW,1:1,0.9452,0.9122,0.976659528907923,0.9433298862461221
1NSN,HIGH_VS_LOOSER,HIGH_VS_95LOW,1:2,0.9576,0.9122,0.9585960487599832,0.9348227095716336
1NSN,HIGH_VS_LOOSER,HIGH_VS_95LOW,1:5,0.9691666666666666,0.9122,0.9037051713889439,0.9079327162337016
1NSN,HIGH_VS_LOOSER,HIGH_VS_95LOW,1:10,0.9750909090909091,0.9122,0.8304806991988347,0.8694243232939382
1NSN,HIGH_VS_LOOSER,HIGH_VS_95LOW,1:15,0.9769875,0.9122,0.7648834479288948,0.8320715132719145
1NSN,HIGH_VS_LOOSER,HIGH_VS_LOOSER,1:1,0.9072,0.9122,0.9031683168316832,0.9076616915422885
1NSN,HIGH_VS_LOOSER,HIGH_VS_LOOSER,1:2,0.9062666666666667,0.9122,0.8250723589001447,0.8664513677811551
1NSN,HIGH_VS_LOOSER,HIGH_VS_LOOSER,1:5,0.9086666666666666,0.9122,0.6646750218595162,0.7690102849435172
1NSN,HIGH_VS_LOOSER,HIGH_VS_LOOSER,1:10,0.9069818181818182,0.9122,0.4937215847586058,0.6406798707683664
1NSN,HIGH_VS_LOOSER,HIGH_VS_LOOSER,1:15,0.9069125,0.9122,0.3942432362347653,0.5505462007363148
3RAJ,ONE_VS_NINE,ONE_VS_NINE,1:1,0.9050525262631316,0.9028,0.9069720715290336,0.9048812268216899
3RAJ,ONE_VS_NINE,ONE_VS_NINE,1:2,0.9137712570856952,0.9028,0.8483367788009772,0.8747214417207635
3RAJ,ONE_VS_NINE,ONE_VS_NINE,1:5,0.9200866811135189,0.9028,0.702568093385214,0.7901969365426695
3RAJ,ONE_VS_NINE,ONE_VS_NINE,1:10,0.9232475679607237,0.9028,0.5472178445872227,0.68140991772964
3RAJ,ONE_VS_NINE,HIGH_VS_95LOW,1:1,0.9495,0.9028,0.9958085153320098,0.9470261197943984
3RAJ,ONE_VS_NINE,HIGH_VS_95LOW,1:2,0.9649333333333333,0.9028,0.9912165129556434,0.9449445258530459
3RAJ,ONE_VS_NINE,HIGH_VS_95LOW,1:5,0.9802,0.9028,0.9766334919948074,0.9382664726668052
3RAJ,ONE_VS_NINE,HIGH_VS_95LOW,1:10,0.9875272727272727,0.9028,0.9575731862537123,0.9293802758904673
3RAJ,ONE_VS_NINE,HIGH_VS_95LOW,1:15,0.9903375,0.9028,0.9402207873359717,0.9211304968880728
3RAJ,ONE_VS_NINE,HIGH_VS_LOOSER,1:1,0.8004,0.9028,0.74933598937583,0.8189404934687954
3RAJ,ONE_VS_NINE,HIGH_VS_LOOSER,1:2,0.7622,0.9028,0.5943383805134957,0.7167923779277491
3RAJ,ONE_VS_NINE,HIGH_VS_LOOSER,1:5,0.7304,0.9028,0.37256520303730606,0.5274596868427203
3RAJ,ONE_VS_NINE,HIGH_VS_LOOSER,1:10,0.7173090909090909,0.9028,0.23058847568451166,0.3673502604166667
3RAJ,ONE_VS_NINE,HIGH_VS_LOOSER,1:15,0.711825,0.9028,0.16667897496492134,0.28140390249984415
3RAJ,HIGH_VS_95LOW,ONE_VS_NINE,1:1,0.7412706353176588,0.997,0.6597406034939122,0.7940426887543803
3RAJ,HIGH_VS_95LOW,ONE_VS_NINE,1:2,0.6855618539513171,0.997,0.514713474445018,0.6789240721824991
3RAJ,HIGH_VS_95LOW,ONE_VS_NINE,1:5,0.625937656276046,0.997,0.30790611488573194,0.4705049551675318
3RAJ,HIGH_VS_95LOW,ONE_VS_NINE,1:10,0.5990362760250932,0.997,0.18448614040931127,0.31135817120014986
3RAJ,HIGH_VS_95LOW,HIGH_VS_95LOW,1:1,0.9922,0.997,0.9875198098256736,0.9922372611464969
3RAJ,HIGH_VS_95LOW,HIGH_VS_95LOW,1:2,0.9911333333333333,0.997,0.9768763472467176,0.9868355933881026
3RAJ,HIGH_VS_95LOW,HIGH_VS_95LOW,1:5,0.9896,0.997,0.9437712987504733,0.9696557090060299
3RAJ,HIGH_VS_95LOW,HIGH_VS_95LOW,1:10,0.9894181818181819,0.997,0.8978746397694525,0.9448445792266869
3RAJ,HIGH_VS_95LOW,HIGH_VS_95LOW,1:15,0.9894625,0.997,0.857560639944951,0.9220382872468326
3RAJ,HIGH_VS_95LOW,HIGH_VS_LOOSER,1:1,0.7056,0.997,0.6298963861511246,0.772030354653864
3RAJ,HIGH_VS_95LOW,HIGH_VS_LOOSER,1:2,0.6027333333333333,0.997,0.4561259035593375,0.6259024420867599
3RAJ,HIGH_VS_95LOW,HIGH_VS_LOOSER,1:5,0.5018666666666667,0.997,0.25032640353520136,0.40017660752990286
3RAJ,HIGH_VS_95LOW,HIGH_VS_LOOSER,1:10,0.4556545454545455,0.997,0.14279985104127876,0.24981833671602896
3RAJ,HIGH_VS_95LOW,HIGH_VS_LOOSER,1:15,0.4379625,0.997,0.09983377726153045,0.18149381974405185
3RAJ,HIGH_VS_LOOSER,ONE_VS_NINE,1:1,0.8574287143571786,0.8838,0.8396351890556717,0.8611517100263081
3RAJ,HIGH_VS_LOOSER,ONE_VS_NINE,1:2,0.8619539846615538,0.8838,0.747968855788761,0.8102310231023102
3RAJ,HIGH_VS_LOOSER,ONE_VS_NINE,1:5,0.8686114352392066,0.8838,0.5680678750482067,0.6916034118475624
3RAJ,HIGH_VS_LOOSER,ONE_VS_NINE,1:10,0.8711701063733067,0.8838,0.40455918703652843,0.5550461596432833
3RAJ,HIGH_VS_LOOSER,HIGH_VS_95LOW,1:1,0.9414,0.8838,0.9988698010849909,0.9378183361629882
3RAJ,HIGH_VS_LOOSER,HIGH_VS_95LOW,1:2,0.9599333333333333,0.8838,0.9954944807389051,0.9363280008475474
3RAJ,HIGH_VS_LOOSER,HIGH_VS_95LOW,1:5,0.9788666666666667,0.8838,0.9881484794275492,0.9330658783783784
3RAJ,HIGH_VS_LOOSER,HIGH_VS_95LOW,1:10,0.9877636363636364,0.8838,0.9796054090002216,0.9292398275680791
3RAJ,HIGH_VS_LOOSER,HIGH_VS_95LOW,1:15,0.9909625,0.8838,0.9688664766498575,0.9243802949482273
3RAJ,HIGH_VS_LOOSER,HIGH_VS_LOOSER,1:1,0.8787,0.8838,0.8748762621263116,0.8793154909959208
3RAJ,HIGH_VS_LOOSER,HIGH_VS_LOOSER,1:2,0.8734666666666666,0.8838,0.770397489539749,0.8232116244411326
3RAJ,HIGH_VS_LOOSER,HIGH_VS_LOOSER,1:5,0.8703666666666666,0.8838,0.571890772615504,0.6944291663392785
3RAJ,HIGH_VS_LOOSER,HIGH_VS_LOOSER,1:10,0.8712545454545455,0.8838,0.4047073907867021,0.5551856272378919
3RAJ,HIGH_VS_LOOSER,HIGH_VS_LOOSER,1:15,0.8708875,0.8838,0.31192207242182535,0.46110502426044764
5E94,ONE_VS_NINE,ONE_VS_NINE,1:1,0.9443721860930465,0.949,0.9403487911216806,0.9446545888911009
5E94,ONE_VS_NINE,ONE_VS_NINE,1:2,0.945515171723908,0.949,0.8941021292632373,0.920733482099544
5E94,ONE_VS_NINE,ONE_VS_NINE,1:5,0.9451575262543758,0.949,0.7734311328443357,0.8522676246070947
5E94,ONE_VS_NINE,ONE_VS_NINE,1:10,0.9449404491317392,0.949,0.6311519021016228,0.7581083240134208
5E94,ONE_VS_NINE,HIGH_VS_95LOW,1:1,0.9734,0.949,0.9976871320437343,0.9727347273472735
5E94,ONE_VS_NINE,HIGH_VS_95LOW,1:2,0.9819333333333333,0.949,0.9966393614786809,0.9722364511832804
5E94,ONE_VS_NINE,HIGH_VS_95LOW,1:5,0.9899,0.949,0.9899853953682454,0.9690595323190033
5E94,ONE_VS_NINE,HIGH_VS_95LOW,1:10,0.9937272727272727,0.949,0.9813857290589452,0.9649211997966447
5E94,ONE_VS_NINE,HIGH_VS_95LOW,1:15,0.9951125,0.949,0.9721368572013932,0.9604291063657524
5E94,ONE_VS_NINE,HIGH_VS_LOOSER,1:1,0.8569,0.949,0.8013849011991218,0.8689680432194854
5E94,ONE_VS_NINE,HIGH_VS_LOOSER,1:2,0.8294666666666667,0.949,0.6732406356413166,0.7876826029216467
5E94,ONE_VS_NINE,HIGH_VS_LOOSER,1:5,0.7918,0.949,0.44197093889716843,0.6030757498729029
5E94,ONE_VS_NINE,HIGH_VS_LOOSER,1:10,0.7776727272727273,0.949,0.2838258164852255,0.4369647297172851
5E94,ONE_VS_NINE,HIGH_VS_LOOSER,1:15,0.772375,0.949,0.20903083700440528,0.34259927797833933
5E94,HIGH_VS_95LOW,ONE_VS_NINE,1:1,0.8089044522261131,0.9972,0.7244986922406277,0.8392526510688436
5E94,HIGH_VS_95LOW,ONE_VS_NINE,1:2,0.7576525508502834,0.9972,0.5793632349523589,0.732911950610025
5E94,HIGH_VS_95LOW,ONE_VS_NINE,1:5,0.7044840806801134,0.9972,0.3603642671292281,0.5294117647058824
5E94,HIGH_VS_95LOW,ONE_VS_NINE,1:10,0.6830802800254568,0.9972,0.22257934913619928,0.3639283237838035
5E94,HIGH_VS_95LOW,HIGH_VS_95LOW,1:1,0.9951,0.9972,0.993029277036447,0.9951102684362838
5E94,HIGH_VS_95LOW,HIGH_VS_95LOW,1:2,0.9938666666666667,0.9972,0.9845971563981043,0.9908585055643879
5E94,HIGH_VS_95LOW,HIGH_VS_95LOW,1:5,0.9924333333333333,0.9972,0.9590305828043855,0.9777429159721541
5E94,HIGH_VS_95LOW,HIGH_VS_95LOW,1:10,0.9922181818181818,0.9972,0.9233333333333333,0.9588461538461539
5E94,HIGH_VS_95LOW,HIGH_VS_95LOW,1:15,0.9921,0.9972,0.8897216274089935,0.940399849113542
5E94,HIGH_VS_95LOW,HIGH_VS_LOOSER,1:1,0.7142,0.9972,0.6367816091954023,0.777240841777085
5E94,HIGH_VS_95LOW,HIGH_VS_LOOSER,1:2,0.6214,0.9972,0.46812505867993615,0.6371477860839564
5E94,HIGH_VS_95LOW,HIGH_VS_LOOSER,1:5,0.5213666666666666,0.9972,0.2579276809270084,0.40984751962516947
5E94,HIGH_VS_95LOW,HIGH_VS_LOOSER,1:10,0.4792363636363636,0.9972,0.14833105253763312,0.2582483037240379
5E94,HIGH_VS_95LOW,HIGH_VS_LOOSER,1:15,0.4645125,0.9972,0.10428562464704776,0.18882429796822633
5E94,HIGH_VS_LOOSER,ONE_VS_NINE,1:1,0.9314657328664332,0.9094,0.9514542791378949,0.9299519378259536
5E94,HIGH_VS_LOOSER,ONE_VS_NINE,1:2,0.9427142380793598,0.9094,0.9180294770845951,0.9136943635084899
5E94,HIGH_VS_LOOSER,ONE_VS_NINE,1:5,0.9527254542423738,0.9094,0.8249274310595065,0.8651065449010654
5E94,HIGH_VS_LOOSER,ONE_VS_NINE,1:10,0.9559778161651059,0.9094,0.6979278587874137,0.7897524967433782
5E94,HIGH_VS_LOOSER,HIGH_VS_95LOW,1:1,0.9543,0.9094,0.999121072291804,0.9521516071615538
5E94,HIGH_VS_LOOSER,HIGH_VS_95LOW,1:2,0.9692666666666667,0.9094,0.9982436882546653,0.9517530088958661
5E94,HIGH_VS_LOOSER,HIGH_VS_95LOW,1:5,0.9845333333333334,0.9094,0.9975866608161474,0.9514542791378949
5E94,HIGH_VS_LOOSER,HIGH_VS_95LOW,1:10,0.9912181818181818,0.9094,0.9934454883111208,0.9495666701472276
5E94,HIGH_VS_LOOSER,HIGH_VS_95LOW,1:15,0.9937375,0.9094,0.9895538628944505,0.9477853048462741
5E94,HIGH_VS_LOOSER,HIGH_VS_LOOSER,1:1,0.9201,0.9094,0.929286736153689,0.9192358233094107
5E94,HIGH_VS_LOOSER,HIGH_VS_LOOSER,1:2,0.925,0.9094,0.8712397010921632,0.8899109501908209
5E94,HIGH_VS_LOOSER,HIGH_VS_LOOSER,1:5,0.9268666666666666,0.9094,0.7231234096692112,0.8056343019135365
5E94,HIGH_VS_LOOSER,HIGH_VS_LOOSER,1:10,0.9281636363636364,0.9094,0.5651957737725295,0.6971253353775393
5E94,HIGH_VS_LOOSER,HIGH_VS_LOOSER,1:15,0.9281,0.9094,0.46181190331098926,0.6125555705240469
1H0D,ONE_VS_NINE,ONE_VS_NINE,1:1,0.9429714857428715,0.9458,0.940533015115354,0.9431591543677703
1H0D,ONE_VS_NINE,ONE_VS_NINE,1:2,0.9407802600866956,0.9458,0.8845866068088291,0.9141697274308912
1H0D,ONE_VS_NINE,ONE_VS_NINE,1:5,0.9335555925987664,0.9458,0.7330646411409084,0.8259540651471488
1H0D,ONE_VS_NINE,ONE_VS_NINE,1:10,0.9316301481952904,0.9458,0.5754441469944025,0.7155394159479498
1H0D,ONE_VS_NINE,HIGH_VS_95LOW,1:1,0.6774,0.9458,0.6154346694429984,0.7456638284452853
1H0D,ONE_VS_NINE,HIGH_VS_95LOW,1:2,0.5895333333333334,0.9458,0.4455016486104569,0.6056996477745757
1H0D,ONE_VS_NINE,HIGH_VS_95LOW,1:5,0.5011666666666666,0.9458,0.24347423158111517,0.38725791262334686
1H0D,ONE_VS_NINE,HIGH_VS_95LOW,1:10,0.46043636363636364,0.9458,0.13854221597234428,0.2416824244902131
1H0D,ONE_VS_NINE,HIGH_VS_95LOW,1:15,0.4445875,0.9458,0.09672536867726167,0.17550240299864545
1H0D,ONE_VS_NINE,HIGH_VS_LOOSER,1:1,0.5768,0.9458,0.5441887226697353,0.6908692476260043
1H0D,ONE_VS_NINE,HIGH_VS_LOOSER,1:2,0.4538,0.9458,0.37380444233657417,0.5358336638150812
1H0D,ONE_VS_NINE,HIGH_VS_LOOSER,1:5,0.3285,0.9458,0.1922123318294517,0.3194946458129243
1H0D,ONE_VS_NINE,HIGH_VS_LOOSER,1:10,0.2731090909090909,0.9458,0.10642032540450526,0.1913141978679936
1H0D,ONE_VS_NINE,HIGH_VS_LOOSER,1:15,0.25075,0.9458,0.07343395757632225,0.13628634830974953
1H0D,HIGH_VS_95LOW,ONE_VS_NINE,1:1,0.8205102551275638,0.9844,0.7414884001205182,0.8458498023715414
1H0D,HIGH_VS_95LOW,ONE_VS_NINE,1:2,0.7779926642214071,0.9844,0.6022268444879482,0.7472861155393608
1H0D,HIGH_VS_95LOW,ONE_VS_NINE,1:5,0.7319886647774629,0.9844,0.38205386944034775,0.5504669238942012
1H0D,HIGH_VS_95LOW,ONE_VS_NINE,1:10,0.7104464042185653,0.9844,0.23699922958397535,0.3820242160819622
1H0D,HIGH_VS_95LOW,HIGH_VS_95LOW,1:1,0.9817,0.9844,0.9791127909289835,0.981749276952229
1H0D,HIGH_VS_95LOW,HIGH_VS_95LOW,1:2,0.9791333333333333,0.9844,0.9544308706612371,0.969183814118342
1H0D,HIGH_VS_95LOW,HIGH_VS_95LOW,1:5,0.9765,0.9844,0.8870066678680844,0.9331690207602618
1H0D,HIGH_VS_95LOW,HIGH_VS_95LOW,1:10,0.9762727272727273,0.9844,0.8004553585948935,0.8829491434209346
1H0D,HIGH_VS_95LOW,HIGH_VS_95LOW,1:15,0.975825,0.9844,0.7261729123635291,0.8357955510273392
1H0D,HIGH_VS_95LOW,HIGH_VS_LOOSER,1:1,0.7264,0.9844,0.6493403693931399,0.7825119236883943
1H0D,HIGH_VS_95LOW,HIGH_VS_LOOSER,1:2,0.6414,0.9844,0.4814633669177345,0.6466530907179925
1H0D,HIGH_VS_95LOW,HIGH_VS_LOOSER,1:5,0.5577666666666666,0.9844,0.27176853845729115,0.42594435550170917
1H0D,HIGH_VS_95LOW,HIGH_VS_LOOSER,1:10,0.5168909090909091,0.9844,0.15667674677701734,0.2703281614719209
1H0D,HIGH_VS_95LOW,HIGH_VS_LOOSER,1:15,0.5032375,0.9844,0.1103958730514747,0.19852778057880405
1H0D,HIGH_VS_LOOSER,ONE_VS_NINE,1:1,0.8213106553276638,0.9016,0.7769734574284729,0.8346602481022033
1H0D,HIGH_VS_LOOSER,ONE_VS_NINE,1:2,0.8071357119039679,0.9016,0.6525767226404169,0.757138058448102
1H0D,HIGH_VS_LOOSER,ONE_VS_NINE,1:5,0.7972328721453575,0.9016,0.4464250346603288,0.5971651874420453
1H0D,HIGH_VS_LOOSER,ONE_VS_NINE,1:10,0.7904536776070552,0.9016,0.29009009009009007,0.43894839337877317
1H0D,HIGH_VS_LOOSER,HIGH_VS_95LOW,1:1,0.9446,0.9016,0.9864332603938731,0.942110762800418
1H0D,HIGH_VS_LOOSER,HIGH_VS_95LOW,1:2,0.958,0.9016,0.9702970297029703,0.934687953555878
1H0D,HIGH_VS_LOOSER,HIGH_VS_95LOW,1:5,0.9709666666666666,0.9016,0.9224473091876407,0.9119045210882978
1H0D,HIGH_VS_LOOSER,HIGH_VS_95LOW,1:10,0.9774363636363637,0.9016,0.8575233022636485,0.8790094569562249
1H0D,HIGH_VS_LOOSER,HIGH_VS_95LOW,1:15,0.9795,0.9016,0.7970297029702971,0.846096096096096
1H0D,HIGH_VS_LOOSER,HIGH_VS_LOOSER,1:1,0.8937,0.9016,0.8875762945461705,0.8945331878162516
1H0D,HIGH_VS_LOOSER,HIGH_VS_LOOSER,1:2,0.8876,0.9016,0.7905997895475272,0.8424593533918894
1H0D,HIGH_VS_LOOSER,HIGH_VS_LOOSER,1:5,0.8844666666666666,0.9016,0.6025126971398022,0.7223201410030444
1H0D,HIGH_VS_LOOSER,HIGH_VS_LOOSER,1:10,0.8839636363636364,0.9016,0.43354491248316984,0.5855305883881023
1H0D,HIGH_VS_LOOSER,HIGH_VS_LOOSER,1:15,0.8838125,0.9016,0.33866726767335287,0.49238162852929934
1WEJ,ONE_VS_NINE,ONE_VS_NINE,1:1,0.9374687343671836,0.9342,0.94040668411516,0.937293067121501
1WEJ,ONE_VS_NINE,ONE_VS_NINE,1:2,0.944648216072024,0.9342,0.9031322505800464,0.9184034604797484
1WEJ,ONE_VS_NINE,ONE_VS_NINE,1:5,0.9484247374562427,0.9342,0.7931737137035151,0.8579300211222336
1WEJ,ONE_VS_NINE,ONE_VS_NINE,1:10,0.9509591781071006,0.9342,0.6635885779230004,0.7759780712683778
1WEJ,ONE_VS_NINE,HIGH_VS_95LOW,1:1,0.8586,0.9342,0.811501042390549,0.8685384901450354
1WEJ,ONE_VS_NINE,HIGH_VS_95LOW,1:2,0.8327333333333333,0.9342,0.6817982776237046,0.7882879081934013
1WEJ,ONE_VS_NINE,HIGH_VS_95LOW,1:5,0.8093333333333333,0.9342,0.46422182468694095,0.6202363563935732
1WEJ,ONE_VS_NINE,HIGH_VS_95LOW,1:10,0.7986363636363636,0.9342,0.30297723292469353,0.4575598765734437
1WEJ,ONE_VS_NINE,HIGH_VS_95LOW,1:15,0.794275,0.9342,0.2245673076923077,0.36209302325581394
1WEJ,ONE_VS_NINE,HIGH_VS_LOOSER,1:1,0.6778,0.9342,0.617530407191962,0.7435530085959886
1WEJ,ONE_VS_NINE,HIGH_VS_LOOSER,1:2,0.5918666666666667,0.9342,0.4463876146788991,0.6041127780651836
1WEJ,ONE_VS_NINE,HIGH_VS_LOOSER,1:5,0.5037666666666667,0.9342,0.24291434812002705,0.3855710099467581
1WEJ,ONE_VS_NINE,HIGH_VS_LOOSER,1:10,0.46596363636363636,0.9342,0.13854778430325682,0.24130805393397736
1WEJ,ONE_VS_NINE,HIGH_VS_LOOSER,1:15,0.45145,0.9342,0.09685646746568241,0.1755157253973622
1WEJ,HIGH_VS_95LOW,ONE_VS_NINE,1:1,0.7981990995497749,0.9862,0.7168193051315598,0.8302045626736256
1WEJ,HIGH_VS_95LOW,ONE_VS_NINE,1:2,0.7611203734578192,0.9862,0.5839649455234486,0.7335614400476048
1WEJ,HIGH_VS_95LOW,ONE_VS_NINE,1:5,0.7215869311551926,0.9862,0.37319306743358815,0.5414813594685115
1WEJ,HIGH_VS_95LOW,ONE_VS_NINE,1:10,0.7065187744340394,0.9862,0.2347871631273212,0.37927851703715093
1WEJ,HIGH_VS_95LOW,HIGH_VS_95LOW,1:1,0.9863,0.9862,0.9863972794558912,0.9862986298629862
1WEJ,HIGH_VS_95LOW,HIGH_VS_95LOW,1:2,0.9859333333333333,0.9862,0.9720086733688152,0.9790529137297725
1WEJ,HIGH_VS_95LOW,HIGH_VS_95LOW,1:5,0.9859,0.9862,0.9330179754020813,0.9588721438988819
1WEJ,HIGH_VS_95LOW,HIGH_VS_95LOW,1:10,0.9852363636363637,0.9862,0.8690518152978498,0.9239272999812629
1WEJ,HIGH_VS_95LOW,HIGH_VS_95LOW,1:15,0.98505,0.9862,0.8139650049521294,0.8918430095858202
1WEJ,HIGH_VS_95LOW,HIGH_VS_LOOSER,1:1,0.769,0.9862,0.6875348577802566,0.8102201774564574
1WEJ,HIGH_VS_95LOW,HIGH_VS_LOOSER,1:2,0.6949333333333333,0.9862,0.5224623860987497,0.6830585953733205
1WEJ,HIGH_VS_95LOW,HIGH_VS_LOOSER,1:5,0.6242,0.9862,0.3055899851264254,0.46659727479182433
1WEJ,HIGH_VS_95LOW,HIGH_VS_LOOSER,1:10,0.5941818181818181,0.9862,0.18140681333235228,0.30644459635821264
1WEJ,HIGH_VS_95LOW,HIGH_VS_LOOSER,1:15,0.583125,0.9862,0.12904323249241076,0.2282236415810423
1WEJ,HIGH_VS_LOOSER,ONE_VS_NINE,1:1,0.903151575787894,0.9198,0.8902439024390244,0.9047806413535314
1WEJ,HIGH_VS_LOOSER,ONE_VS_NINE,1:2,0.905301767255752,0.9198,0.8186187255250978,0.86626483330194
1WEJ,HIGH_VS_LOOSER,ONE_VS_NINE,1:5,0.9039173195532588,0.9198,0.6495762711864407,0.7614238410596027
1WEJ,HIGH_VS_LOOSER,ONE_VS_NINE,1:10,0.9037185198654423,0.9198,0.48446223533129673,0.6346512109294141
1WEJ,HIGH_VS_LOOSER,HIGH_VS_95LOW,1:1,0.9571,0.9198,0.9939485627836612,0.9554378311000312
1WEJ,HIGH_VS_LOOSER,HIGH_VS_95LOW,1:2,0.9696,0.9198,0.9881822088525999,0.9527656929770044
1WEJ,HIGH_VS_LOOSER,HIGH_VS_95LOW,1:5,0.9824333333333334,0.9198,0.9733333333333334,0.9458097686375321
1WEJ,HIGH_VS_LOOSER,HIGH_VS_95LOW,1:10,0.987909090909091,0.9198,0.945712523133868,0.9325762952448545
1WEJ,HIGH_VS_LOOSER,HIGH_VS_95LOW,1:15,0.9897625,0.9198,0.9166832768586805,0.9182389937106918
1WEJ,HIGH_VS_LOOSER,HIGH_VS_LOOSER,1:1,0.9184,0.9198,0.9172317510969286,0.9185140802875973
1WEJ,HIGH_VS_LOOSER,HIGH_VS_LOOSER,1:2,0.916,0.9198,0.8426163429827775,0.8795180722891566
1WEJ,HIGH_VS_LOOSER,HIGH_VS_LOOSER,1:5,0.9136666666666666,0.9198,0.6775191514437242,0.7802850356294536
1WEJ,HIGH_VS_LOOSER,HIGH_VS_LOOSER,1:10,0.9130909090909091,0.9198,0.5122521719759412,0.6580340535126628
1WEJ,HIGH_VS_LOOSER,HIGH_VS_LOOSER,1:15,0.9128875,0.9198,0.411838452583505,0.5689367229541659
1ADQ,ONE_VS_NINE,ONE_VS_NINE,1:1,0.9169584792396198,0.9166,0.9173338670936749,0.9169667867146859
1ADQ,ONE_VS_NINE,ONE_VS_NINE,1:2,0.9176392130710237,0.9166,0.8485465654508424,0.8812614171714258
1ADQ,ONE_VS_NINE,ONE_VS_NINE,1:5,0.9177196199366561,0.9166,0.6908350919505577,0.7878631597043149
1ADQ,ONE_VS_NINE,ONE_VS_NINE,1:10,0.9212292026547868,0.9166,0.5393033654977641,0.6790635649725885
1ADQ,ONE_VS_NINE,HIGH_VS_95LOW,1:1,0.802,0.9166,0.7456882525219655,0.8223577965189306
1ADQ,ONE_VS_NINE,HIGH_VS_95LOW,1:2,0.7683333333333333,0.9166,0.5997906033241722,0.7251008622735543
1ADQ,ONE_VS_NINE,HIGH_VS_95LOW,1:5,0.7300333333333333,0.9166,0.37366490012229925,0.5309006660874602
1ADQ,ONE_VS_NINE,HIGH_VS_95LOW,1:10,0.7133090909090909,0.9166,0.22990869870572891,0.36761049169808296
1ADQ,ONE_VS_NINE,HIGH_VS_95LOW,1:15,0.7051625,0.9166,0.1651353006882139,0.2798522272768907
1ADQ,ONE_VS_NINE,HIGH_VS_LOOSER,1:1,0.7114,0.9166,0.6498865570051049,0.7605376700962494
1ADQ,ONE_VS_NINE,HIGH_VS_LOOSER,1:2,0.6385333333333333,0.9166,0.4779933249895703,0.628324650397587
1ADQ,ONE_VS_NINE,HIGH_VS_LOOSER,1:5,0.5698666666666666,0.9166,0.26848271821909786,0.41531490711372904
1ADQ,ONE_VS_NINE,HIGH_VS_LOOSER,1:10,0.5388,0.9166,0.1551875931193282,0.2654349588787212
1ADQ,ONE_VS_NINE,HIGH_VS_LOOSER,1:15,0.5262125,0.9166,0.10894007463928308,0.19473538847224287
1ADQ,HIGH_VS_95LOW,ONE_VS_NINE,1:1,0.6858429214607303,0.9748,0.6179006085192698,0.7563625077591557
1ADQ,HIGH_VS_95LOW,ONE_VS_NINE,1:2,0.6102034011337112,0.9748,0.4601151703955442,0.6251523119348426
1ADQ,HIGH_VS_95LOW,ONE_VS_NINE,1:5,0.5328221370228371,0.9748,0.25979425403763123,0.41025209376709726
1ADQ,HIGH_VS_95LOW,ONE_VS_NINE,1:10,0.5023729429948177,0.9748,0.1517670870309824,0.26264313619830254
1ADQ,HIGH_VS_95LOW,HIGH_VS_95LOW,1:1,0.9737,0.9748,0.9726601476751148,0.9737288982119668
1ADQ,HIGH_VS_95LOW,HIGH_VS_95LOW,1:2,0.9718666666666667,0.9748,0.9427466150870406,0.9585054080629302
1ADQ,HIGH_VS_95LOW,HIGH_VS_95LOW,1:5,0.9703333333333334,0.9748,0.8644909542390918,0.9163376574544088
1ADQ,HIGH_VS_95LOW,HIGH_VS_95LOW,1:10,0.97,0.9748,0.7618005626758362,0.8552377610107035
1ADQ,HIGH_VS_95LOW,HIGH_VS_95LOW,1:15,0.969625,0.9748,0.679019225410978,0.8004598456232551
1ADQ,HIGH_VS_95LOW,HIGH_VS_LOOSER,1:1,0.6844,0.9748,0.6166497975708503,0.7554246745195289
1ADQ,HIGH_VS_95LOW,HIGH_VS_LOOSER,1:2,0.5854,0.9748,0.44442418163581654,0.610509175173796
1ADQ,HIGH_VS_95LOW,HIGH_VS_LOOSER,1:5,0.4861333333333333,0.9748,0.24171791311247767,0.387378795104117
1ADQ,HIGH_VS_95LOW,HIGH_VS_LOOSER,1:10,0.43945454545454543,0.9748,0.13699477205014335,0.2402286953521613
1ADQ,HIGH_VS_95LOW,HIGH_VS_LOOSER,1:15,0.422075,0.9748,0.0956023694637323,0.17412739809224392
1ADQ,HIGH_VS_LOOSER,ONE_VS_NINE,1:1,0.8428214107053527,0.857,0.8334954289048824,0.845084311211912
1ADQ,HIGH_VS_LOOSER,ONE_VS_NINE,1:2,0.8466822274091363,0.857,0.7301073436701312,0.7884810010120527
1ADQ,HIGH_VS_LOOSER,ONE_VS_NINE,1:5,0.847574595765961,0.857,0.5262834684352738,0.6521077461573581
1ADQ,HIGH_VS_LOOSER,ONE_VS_NINE,1:10,0.8532230202745704,0.857,0.36806390654526716,0.5149621439730803
1ADQ,HIGH_VS_LOOSER,HIGH_VS_95LOW,1:1,0.9237,0.857,0.988922224786522,0.9182470802528662
1ADQ,HIGH_VS_LOOSER,HIGH_VS_95LOW,1:2,0.9452666666666667,0.857,0.9758597130494193,0.9125758705143222
1ADQ,HIGH_VS_LOOSER,HIGH_VS_95LOW,1:5,0.9685,0.857,0.9490586932447398,0.9006831318970047
1ADQ,HIGH_VS_LOOSER,HIGH_VS_95LOW,1:10,0.9783272727272727,0.857,0.8998320033599329,0.8778938742061052
1ADQ,HIGH_VS_LOOSER,HIGH_VS_95LOW,1:15,0.982025,0.857,0.8556309904153354,0.8563149480415667
1ADQ,HIGH_VS_LOOSER,HIGH_VS_LOOSER,1:1,0.8559,0.857,0.8551187387746957,0.8560583358305863
1ADQ,HIGH_VS_LOOSER,HIGH_VS_LOOSER,1:2,0.8517333333333333,0.857,0.7395581636175353,0.7939596071891791
1ADQ,HIGH_VS_LOOSER,HIGH_VS_LOOSER,1:5,0.8486666666666667,0.857,0.5283600493218249,0.6536994660564456
1ADQ,HIGH_VS_LOOSER,HIGH_VS_LOOSER,1:10,0.8450545454545455,0.857,0.3543665233212041,0.5014041656915517
1ADQ,HIGH_VS_LOOSER,HIGH_VS_LOOSER,1:15,0.8435,0.857,0.2663144810441268,0.4063537221431958
1FBI,ONE_VS_NINE,ONE_VS_NINE,1:1,0.966983491745873,0.961,0.9726720647773279,0.9668008048289738
1FBI,ONE_VS_NINE,ONE_VS_NINE,1:2,0.9711237079026342,0.961,0.9528058695221099,0.956885392810913
1FBI,ONE_VS_NINE,ONE_VS_NINE,1:5,0.9735955992665444,0.961,0.8894853757867457,0.9238607960007691
1FBI,ONE_VS_NINE,ONE_VS_NINE,1:10,0.9747067915265024,0.961,0.8006998833527745,0.8735569493682392
1FBI,ONE_VS_NINE,HIGH_VS_95LOW,1:1,0.9706,0.961,0.9798123980424144,0.9703150242326333
1FBI,ONE_VS_NINE,HIGH_VS_95LOW,1:2,0.9742,0.961,0.9615769461677006,0.9612883865159548
1FBI,ONE_VS_NINE,HIGH_VS_95LOW,1:5,0.9767333333333333,0.961,0.9052373775433308,0.9322856034148235
1FBI,ONE_VS_NINE,HIGH_VS_95LOW,1:10,0.978,0.961,0.8256013745704467,0.888170055452865
1FBI,ONE_VS_NINE,HIGH_VS_95LOW,1:15,0.9781,0.961,0.7552656397359321,0.845801795458546
1FBI,ONE_VS_NINE,HIGH_VS_LOOSER,1:1,0.7133,0.961,0.6426374214257055,0.7702171996473511
1FBI,ONE_VS_NINE,HIGH_VS_LOOSER,1:2,0.6339333333333333,0.961,0.4756954756954757,0.6363816965763857
1FBI,ONE_VS_NINE,HIGH_VS_LOOSER,1:5,0.5487,0.961,0.2647528789464984,0.4151367229685947
1FBI,ONE_VS_NINE,HIGH_VS_LOOSER,1:10,0.5122545454545454,0.961,0.15285023539890571,0.2637501372269184
1FBI,ONE_VS_NINE,HIGH_VS_LOOSER,1:15,0.4985375,0.961,0.10742951684664744,0.19325517324592276
1FBI,HIGH_VS_95LOW,ONE_VS_NINE,1:1,0.9304652326163082,0.9996,0.8782287822878229,0.934992049387335
1FBI,HIGH_VS_95LOW,ONE_VS_NINE,1:2,0.9175058352784261,0.9996,0.8018610620888817,0.889878037923974
1FBI,HIGH_VS_95LOW,ONE_VS_NINE,1:5,0.9047507917986332,0.9996,0.6364446708264357,0.777717264451879
1FBI,HIGH_VS_95LOW,ONE_VS_NINE,1:10,0.8988817165196836,0.9996,0.47342995169082125,0.6425403355402713
1FBI,HIGH_VS_95LOW,HIGH_VS_95LOW,1:1,0.998,0.9996,0.9964114832535885,0.998003194888179
1FBI,HIGH_VS_95LOW,HIGH_VS_95LOW,1:2,0.9972,0.9996,0.9920603414053196,0.9958158995815901
1FBI,HIGH_VS_95LOW,HIGH_VS_95LOW,1:5,0.9958666666666667,0.9996,0.976171875,0.9877470355731226
1FBI,HIGH_VS_95LOW,HIGH_VS_95LOW,1:10,0.9951454545454546,0.9996,0.9496484894546836,0.9739842151417715
1FBI,HIGH_VS_95LOW,HIGH_VS_95LOW,1:15,0.9951125,0.9996,0.9277891219602747,0.9623567921440261
1FBI,HIGH_VS_95LOW,HIGH_VS_LOOSER,1:1,0.7831,0.9996,0.6975575715282624,0.8217016029593096
1FBI,HIGH_VS_95LOW,HIGH_VS_LOOSER,1:2,0.7072666666666667,0.9996,0.5324384787472036,0.694793911169806
1FBI,HIGH_VS_95LOW,HIGH_VS_LOOSER,1:5,0.6319666666666667,0.9996,0.3116542994325622,0.47516280838522607
1FBI,HIGH_VS_95LOW,HIGH_VS_LOOSER,1:10,0.6004363636363637,0.9996,0.1853032774729349,0.3126485674965595
1FBI,HIGH_VS_95LOW,HIGH_VS_LOOSER,1:15,0.58775,0.9996,0.13160943753949864,0.23259493670886075
1FBI,HIGH_VS_LOOSER,ONE_VS_NINE,1:1,0.9738869434717359,0.991,0.9582285824792109,0.9743388064103825
1FBI,HIGH_VS_LOOSER,ONE_VS_NINE,1:2,0.9733244414804935,0.991,0.9331450094161958,0.9612027158098932
1FBI,HIGH_VS_LOOSER,ONE_VS_NINE,1:5,0.9728288048008001,0.991,0.8655021834061135,0.924009324009324
1FBI,HIGH_VS_LOOSER,ONE_VS_NINE,1:10,0.9715428675334121,0.991,0.7652509652509653,0.8636165577342048
1FBI,HIGH_VS_LOOSER,HIGH_VS_95LOW,1:1,0.9942,0.991,0.9973832528180354,0.9941813804173355
1FBI,HIGH_VS_LOOSER,HIGH_VS_95LOW,1:2,0.9949333333333333,0.991,0.9937825912555155,0.9923893450831164
1FBI,HIGH_VS_LOOSER,HIGH_VS_95LOW,1:5,0.9961,0.991,0.985677342351303,0.988331504936671
1FBI,HIGH_VS_LOOSER,HIGH_VS_95LOW,1:10,0.9968,0.991,0.974243020055053,0.982550069403133
1FBI,HIGH_VS_LOOSER,HIGH_VS_95LOW,1:15,0.99705,0.991,0.962883793237466,0.9767396018135226
1FBI,HIGH_VS_LOOSER,HIGH_VS_LOOSER,1:1,0.975,0.991,0.9602713178294574,0.9753937007874016
1FBI,HIGH_VS_LOOSER,HIGH_VS_LOOSER,1:2,0.9726,0.991,0.9312159368539749,0.9601782772987113
1FBI,HIGH_VS_LOOSER,HIGH_VS_LOOSER,1:5,0.9678333333333333,0.991,0.843404255319149,0.911264367816092
1FBI,HIGH_VS_LOOSER,HIGH_VS_LOOSER,1:10,0.9666363636363636,0.991,0.7346182357301705,0.8437633035334186
1FBI,HIGH_VS_LOOSER,HIGH_VS_LOOSER,1:15,0.965975,0.991,0.6492400419287212,0.7845155161494616
2YPV,ONE_VS_NINE,ONE_VS_NINE,1:1,0.9473736868434217,0.9434,0.9510080645161291,0.9471887550200803
2YPV,ONE_VS_NINE,ONE_VS_NINE,1:2,0.9443147715905301,0.9434,0.8952362877206301,0.9186873113253482
2YPV,ONE_VS_NINE,ONE_VS_NINE,1:5,0.939489914985831,0.9434,0.7548407745239238,0.8386523246510801
2YPV,ONE_VS_NINE,ONE_VS_NINE,1:10,0.9383580325484135,0.9434,0.6028885480572597,0.7356519026824703
2YPV,ONE_VS_NINE,HIGH_VS_95LOW,1:1,0.8137,0.9434,0.7490868667619501,0.8350889616712401
2YPV,ONE_VS_NINE,HIGH_VS_95LOW,1:2,0.7744,0.9434,0.6033512407265286,0.7359962552660322
2YPV,ONE_VS_NINE,HIGH_VS_95LOW,1:5,0.7268333333333333,0.9434,0.3735054240240716,0.5351409609166714
2YPV,ONE_VS_NINE,HIGH_VS_95LOW,1:10,0.7093818181818182,0.9434,0.23102164756587326,0.3711543001022897
2YPV,ONE_VS_NINE,HIGH_VS_95LOW,1:15,0.701375,0.9434,0.16653721225815563,0.2830992677949826
2YPV,ONE_VS_NINE,HIGH_VS_LOOSER,1:1,0.6267,0.9434,0.5775682625198971,0.7164881901724006
2YPV,ONE_VS_NINE,HIGH_VS_LOOSER,1:2,0.5191333333333333,0.9434,0.40499699493431784,0.5667087162852166
2YPV,ONE_VS_NINE,HIGH_VS_LOOSER,1:5,0.4063,0.9434,0.2120476511575635,0.34626536979262246
2YPV,ONE_VS_NINE,HIGH_VS_LOOSER,1:10,0.35596363636363637,0.9434,0.11835106382978723,0.2103174603174603
2YPV,ONE_VS_NINE,HIGH_VS_LOOSER,1:15,0.337225,0.9434,0.08209760512392092,0.15105033943896506
2YPV,HIGH_VS_95LOW,ONE_VS_NINE,1:1,0.8066033016508254,0.9936,0.7232493812782065,0.8371387648496081
2YPV,HIGH_VS_95LOW,ONE_VS_NINE,1:2,0.7533844614871624,0.9936,0.5753995830437804,0.7287663194953792
2YPV,HIGH_VS_95LOW,ONE_VS_NINE,1:5,0.7011835305884314,0.9936,0.357435786747248,0.5257421027567596
2YPV,HIGH_VS_95LOW,ONE_VS_NINE,1:10,0.678570779161742,0.9936,0.21969663467916686,0.35983051461268245
2YPV,HIGH_VS_95LOW,HIGH_VS_95LOW,1:1,0.9889,0.9936,0.9843471369130177,0.9889519259480442
2YPV,HIGH_VS_95LOW,HIGH_VS_95LOW,1:2,0.9874,0.9936,0.9693658536585366,0.9813333333333333
2YPV,HIGH_VS_95LOW,HIGH_VS_95LOW,1:5,0.9849,0.9936,0.9218778994247542,0.9563961882760612
2YPV,HIGH_VS_95LOW,HIGH_VS_95LOW,1:10,0.9838545454545454,0.9936,0.853021978021978,0.917960088691796
2YPV,HIGH_VS_95LOW,HIGH_VS_95LOW,1:15,0.983425,0.9936,0.7933567550303418,0.8822589238145978
2YPV,HIGH_VS_95LOW,HIGH_VS_LOOSER,1:1,0.7619,0.9936,0.6789667896678967,0.8066899407323214
2YPV,HIGH_VS_95LOW,HIGH_VS_LOOSER,1:2,0.6884,0.9936,0.5169614984391259,0.680082135523614
2YPV,HIGH_VS_95LOW,HIGH_VS_LOOSER,1:5,0.6126333333333334,0.9936,0.3000543576734916,0.46091756737950557
2YPV,HIGH_VS_95LOW,HIGH_VS_LOOSER,1:10,0.577709090909091,0.9936,0.1764079255734678,0.2996200470417948
2YPV,HIGH_VS_95LOW,HIGH_VS_LOOSER,1:15,0.5635375,0.9936,0.12465811858580282,0.2215236439034178
2YPV,HIGH_VS_LOOSER,ONE_VS_NINE,1:1,0.8681340670335168,0.9488,0.8170857733379263,0.878030723672034
2YPV,HIGH_VS_LOOSER,ONE_VS_NINE,1:2,0.8540180060020006,0.9488,0.7104987269731916,0.8125374668151066
2YPV,HIGH_VS_LOOSER,ONE_VS_NINE,1:5,0.8423737289548258,0.9488,0.5147569444444444,0.6674169949352841
2YPV,HIGH_VS_LOOSER,ONE_VS_NINE,1:10,0.8372215655968724,0.9488,0.3529761904761905,0.514533622559653
2YPV,HIGH_VS_LOOSER,HIGH_VS_95LOW,1:1,0.9671,0.9488,0.9848453394228773,0.9664867067332179
2YPV,HIGH_VS_LOOSER,HIGH_VS_95LOW,1:2,0.9742666666666666,0.9488,0.9733278621255642,0.9609074336641684
2YPV,HIGH_VS_LOOSER,HIGH_VS_95LOW,1:5,0.9807333333333333,0.9488,0.9364390051322542,0.9425789787403139
2YPV,HIGH_VS_LOOSER,HIGH_VS_95LOW,1:10,0.9842,0.9488,0.8855702818741833,0.9160953944192334
2YPV,HIGH_VS_LOOSER,HIGH_VS_95LOW,1:15,0.9852375,0.9488,0.8368318927500441,0.889305464429656
2YPV,HIGH_VS_LOOSER,HIGH_VS_LOOSER,1:1,0.943,0.9488,0.9379201265322262,0.9433286935772519
2YPV,HIGH_VS_LOOSER,HIGH_VS_LOOSER,1:2,0.9403333333333334,0.9488,0.8812929593163663,0.9138014061446594
2YPV,HIGH_VS_LOOSER,HIGH_VS_LOOSER,1:5,0.935,0.9488,0.736874805840323,0.829515649589089
2YPV,HIGH_VS_LOOSER,HIGH_VS_LOOSER,1:10,0.9353636363636364,0.9488,0.5898296655476812,0.7274400061335582
2YPV,HIGH_VS_LOOSER,HIGH_VS_LOOSER,1:15,0.9345875,0.9488,0.4880156362514145,0.644521431967937
1OB1,ONE_VS_NINE,ONE_VS_NINE,1:1,0.9472736368184093,0.948,0.9466746554823248,0.9473368641950635
1OB1,ONE_VS_NINE,ONE_VS_NINE,1:2,0.9488496165388463,0.948,0.9033733562035449,0.9251488240460622
1OB1,ONE_VS_NINE,ONE_VS_NINE,1:5,0.9521586931155193,0.948,0.801352493660186,0.8685295464956482
1OB1,ONE_VS_NINE,ONE_VS_NINE,1:10,0.9528320756432402,0.948,0.6700593723494487,0.7851581911545469
1OB1,ONE_VS_NINE,HIGH_VS_95LOW,1:1,0.9451,0.948,0.9425333068204415,0.9452587496260842
1OB1,ONE_VS_NINE,HIGH_VS_95LOW,1:2,0.9453333333333334,0.948,0.8943396226415095,0.9203883495145632
1OB1,ONE_VS_NINE,HIGH_VS_95LOW,1:5,0.9432666666666667,0.948,0.7667421546425105,0.8477910928277588
1OB1,ONE_VS_NINE,HIGH_VS_95LOW,1:10,0.9431636363636363,0.948,0.6231922166710492,0.752022846263684
1OB1,ONE_VS_NINE,HIGH_VS_95LOW,1:15,0.9423,0.948,0.521108179419525,0.6725312145289444
1OB1,ONE_VS_NINE,HIGH_VS_LOOSER,1:1,0.7288,0.948,0.6590656284760845,0.7775590551181103
1OB1,ONE_VS_NINE,HIGH_VS_LOOSER,1:2,0.6539333333333334,0.948,0.4901251163271637,0.6461727216958626
1OB1,ONE_VS_NINE,HIGH_VS_LOOSER,1:5,0.5838666666666666,0.948,0.27941523225654324,0.43161537060644684
1OB1,ONE_VS_NINE,HIGH_VS_LOOSER,1:10,0.5523454545454546,0.948,0.16288100065289854,0.27799771267704765
1OB1,ONE_VS_NINE,HIGH_VS_LOOSER,1:15,0.539375,0.948,0.11468666827969998,0.2046190373408159
1OB1,HIGH_VS_95LOW,ONE_VS_NINE,1:1,0.8094047023511756,0.9964,0.7252875236570098,0.8394978515460443
1OB1,HIGH_VS_95LOW,ONE_VS_NINE,1:2,0.7737912637545848,0.9964,0.5962182862613691,0.7460317460317459
1OB1,HIGH_VS_95LOW,ONE_VS_NINE,1:5,0.7424237372895482,0.9964,0.3925925925925926,0.563256076879593
1OB1,HIGH_VS_95LOW,ONE_VS_NINE,1:10,0.724447677061551,0.9964,0.24763893031116413,0.39668763436579346
1OB1,HIGH_VS_95LOW,HIGH_VS_95LOW,1:1,0.9876,0.9964,0.9791666666666666,0.9877081681205393
1OB1,HIGH_VS_95LOW,HIGH_VS_95LOW,1:2,0.9847333333333333,0.9964,0.959368380512228,0.9775336014912194
1OB1,HIGH_VS_95LOW,HIGH_VS_95LOW,1:5,0.9820666666666666,0.9964,0.9054889131225009,0.9487716625404685
1OB1,HIGH_VS_95LOW,HIGH_VS_95LOW,1:10,0.9813454545454545,0.9964,0.8317195325542571,0.9066424021838033
1OB1,HIGH_VS_95LOW,HIGH_VS_95LOW,1:15,0.980675,0.9964,0.765284178187404,0.8656820156385752
1OB1,HIGH_VS_95LOW,HIGH_VS_LOOSER,1:1,0.7023,0.9964,0.6273769046719557,0.7699559539448265
1OB1,HIGH_VS_95LOW,HIGH_VS_LOOSER,1:2,0.6040666666666666,0.9964,0.4569384573053288,0.6265484499779915
1OB1,HIGH_VS_95LOW,HIGH_VS_LOOSER,1:5,0.5076666666666667,0.9964,0.25245768724029594,0.402846284466726
1OB1,HIGH_VS_95LOW,HIGH_VS_LOOSER,1:10,0.4638181818181818,0.9964,0.1445985952284205,0.25254727023875906
1OB1,HIGH_VS_95LOW,HIGH_VS_LOOSER,1:15,0.4480125,0.9964,0.10141888728294282,0.1840991814940044
1OB1,HIGH_VS_LOOSER,ONE_VS_NINE,1:1,0.9194597298649325,0.9302,0.9107107891129822,0.9203522311269418
1OB1,HIGH_VS_LOOSER,ONE_VS_NINE,1:2,0.9179059686562188,0.9302,0.8405928067955901,0.883129212949777
1OB1,HIGH_VS_LOOSER,ONE_VS_NINE,1:5,0.9207534589098183,0.9302,0.6963617307980237,0.7964723007106774
1OB1,HIGH_VS_LOOSER,ONE_VS_NINE,1:10,0.9203745795072279,0.9302,0.535767768690243,0.6799210584021635
1OB1,HIGH_VS_LOOSER,HIGH_VS_95LOW,1:1,0.9619,0.9302,0.9931667734358317,0.9606526902819373
1OB1,HIGH_VS_LOOSER,HIGH_VS_95LOW,1:2,0.9729333333333333,0.9302,0.987892948173322,0.9581788215904408
1OB1,HIGH_VS_LOOSER,HIGH_VS_95LOW,1:5,0.9847333333333333,0.9302,0.9771008403361344,0.9530737704918033
1OB1,HIGH_VS_LOOSER,HIGH_VS_95LOW,1:10,0.9900181818181818,0.9302,0.9587713873428159,0.9442696172977364
1OB1,HIGH_VS_LOOSER,HIGH_VS_95LOW,1:15,0.9920375,0.9302,0.9416886009313626,0.935909045175571
1OB1,HIGH_VS_LOOSER,HIGH_VS_LOOSER,1:1,0.9114,0.9302,0.8964919043947571,0.9130349430702788
1OB1,HIGH_VS_LOOSER,HIGH_VS_LOOSER,1:2,0.9094,0.9302,0.8215862921745275,0.8725260294531471
1OB1,HIGH_VS_LOOSER,HIGH_VS_LOOSER,1:5,0.9048333333333334,0.9302,0.64985329048484,0.7651558772723532
1OB1,HIGH_VS_LOOSER,HIGH_VS_LOOSER,1:10,0.9022727272727272,0.9302,0.48062416038028316,0.633780745383934
1OB1,HIGH_VS_LOOSER,HIGH_VS_LOOSER,1:15,0.9009625,0.9302,0.38044989775051125,0.5400290275761974
