task_type	ag_pos	ag_neg	seed_id	split_id	r	p	r2	r_pos	r_pos2	p_pos	slope	intercept	slope_pos	intercept_pos	logits_mean	logits_std	Energy_mean	Energy_std	logits_pos_mean	logits_pos_std	Energy_pos_mean	Energy_pos_std	logits_neg_mean	logits_neg_std	Energy_neg_mean	Energy_neg_std
1v1	3VRL	3RAJ	0	42	0.03920340120668877	0.005563235093813545	0.0015369066661726064	0.02551453695849012	0.0006509915962061583	0.19862863407403192	0.1676599344267294	-98.31341517122996	0.11469382604645897	-98.33330366176658	0.023542722019553184	0.39244887543078977	-98.30946800000001	1.678373577171933	0.01998233751459854	0.38134132764856565	-98.33101181102363	1.7142186812477862	0.027218891386457576	0.40364176505212007	-98.28722357723578	1.640592828835181
1v1	3VRL	5E94	0	42	0.01750021518450448	0.21599895207675046	0.00030625753150396117	0.0250616361224067	0.0006280856051319204	0.20671741524386114	0.06945717054172204	-98.31126369888523	0.10171610252042186	-98.33403959508347	0.025853326174616813	0.4228778473330009	-98.30946800000001	1.678373577171933	0.029767008219647596	0.42236306503232734	-98.33101181102363	1.7142186812477862	0.021812369916739502	0.4234566213582298	-98.28722357723578	1.640592828835181
1v1	3VRL	1H0D	0	42	0.012668962921884915	0.37044350696614464	0.00016050262151609475	0.015375354738279765	0.00023640153332794202	0.43860098804004	0.047989006624131636	-98.31154444884082	0.06126209549054118	-98.3337591395104	0.04326926075145602	0.4430859089208073	-98.30946800000001	1.678373577171933	0.044845486671377825	0.4302288407230634	-98.33101181102363	1.7142186812477862	0.04164177545202457	0.45606283413428506	-98.28722357723578	1.640592828835181
1v1	3VRL	1WEJ	0	42	-0.007642912784326876	0.5889844270697308	5.84141158288272e-05	-0.013932818699726011	0.0001941234369194348	0.4827537734854474	-0.02786842816410565	-98.30859267848595	-0.05126863797521951	-98.32909632309125	0.03140907369665802	0.4602937343398979	-98.30946800000001	1.678373577171933	0.0373617870117149	0.465857862442886	-98.33101181102363	1.7142186812477862	0.02526277620875375	0.45449005469307396	-98.28722357723578	1.640592828835181
1v1	3VRL	1FBI	0	42	0.0002734817029432469	0.9845752656535044	7.479224184473835e-08	0.012438276897759285	0.00015471073218533234	0.5309312507677555	0.001190992436003251	-98.30949802402617	0.055436703800970044	-98.3327891351441	0.025209250065684318	0.3853966240000804	-98.30946800000001	1.678373577171933	0.03206042204140209	0.38461750354481533	-98.33101181102363	1.7142186812477862	0.0181352757492928	0.38615005654043527	-98.28722357723578	1.640592828835181
1v1	3VRL	2YPV	0	42	0.022751622701410117	0.1077063223846685	0.0005176363355473202	0.01900946715117004	0.0003613598413714128	0.3382332693570558	0.08716757079602505	-98.3115257967239	0.07655613853534547	-98.33299345666231	0.023607365733385087	0.43807257711917996	-98.30946800000001	1.678373577171933	0.025884869281114557	0.4256534398747193	-98.33101181102363	1.7142186812477862	0.021255797029631894	0.45061119201819355	-98.28722357723578	1.640592828835181
1v1	3VRL	1OB1	0	42	-0.017067255471383325	0.227577232984075	0.000291291209325464	-0.008586570644250007	7.372919542869598e-05	0.6653457252617087	-0.06731898190018668	-98.30923658187305	-0.03482851940499911	-98.33040415815056	0.0034376355726271866	0.42551491138822484	-98.30946800000001	1.678373577171933	0.017446991242468356	0.42262088821667365	-98.33101181102363	1.7142186812477862	-0.011027308899485241	0.4280874968456738	-98.28722357723578	1.640592828835181
1v1	1NSN	3VRL	0	42	-0.005576974580711463	0.6933919555616719	3.1102645473901794e-05	-0.017310252032855782	0.00029964482544098776	0.38318375968501023	-0.019392104871663665	-91.75855209477491	-0.05903922831356787	-91.72079515777035	0.04589007903188467	0.4865567982440927	-91.759442	1.6918421127820733	0.04661453753181799	0.4825098024637987	-91.72354724409449	1.6456725377034194	0.045142060905937254	0.49079740089510204	-91.79650406504066	1.7377840796562891
1v1	1NSN	5E94	0	42	0.004356738012592402	0.7580881648574449	1.898116611036759e-05	0.02547640924355838	0.0006490474279452669	0.19930054463287855	0.015511299554540895	-91.76011384544175	0.08912348584427744	-91.72683556849104	0.04331329166963697	0.47519634432559626	-91.759442	1.6918421127820733	0.03689627223831462	0.4704240038891376	-91.72354724409449	1.6456725377034194	0.049938994659701495	0.4800797686999369	-91.79650406504066	1.7377840796562891
1v1	1NSN	1H0D	0	42	0.018919325345750575	0.18103223137336052	0.0003579408715383601	0.009318850324047816	8.684097136200609e-05	0.6387592542363384	0.06459050083956398	-91.76150093908913	0.031331157699384875	-91.72498406423479	0.0318768094740808	0.49556066216109995	-91.759442	1.6918421127820733	0.04585914615923026	0.4894736481939663	-91.72354724409449	1.6456725377034194	0.017439762652828927	0.5014586395367558	-91.79650406504066	1.7377840796562891
1v1	1NSN	1WEJ	0	42	0.018043489289120224	0.20207849308858306	0.00032556750572659626	0.012520766493776467	0.00015676959359167545	0.5282099753265985	0.06750476450384081	-91.76068003475963	0.04563383355275657	-91.72449942257059	0.018339961168169976	0.4522160067549251	-91.759442	1.6918421127820733	0.020865625390914952	0.4515308043536538	-91.72354724409449	1.6456725377034194	0.015732161523547113	0.4529994301930977	-91.79650406504066	1.7377840796562891
1v1	1NSN	1ADQ	0	42	-0.008886159957381973	0.5298718210076666	7.896383878817879e-05	0.0041089055655761045	1.6883104946822287e-05	0.8360244952584099	-0.034308599110354235	-91.75822495722969	0.015279778510232838	-91.7242245514808	0.03547340322583914	0.4381985865545271	-91.759442	1.6918421127820733	0.04432704216382635	0.44253999131857613	-91.72354724409449	1.6456725377034194	0.026331841070356406	0.4335706154976841	-91.79650406504066	1.7377840796562891
1v1	1NSN	2YPV	0	42	-0.01210339345280508	0.3921878010129952	0.00014649213307340488	0.005296152799249134	2.8049234472994438e-05	0.7896322567723751	-0.04098950950552878	-91.75819149871494	0.0177579007478642	-91.7241791233927	0.0305078372515738	0.49956759663770206	-91.759442	1.6918421127820733	0.03558299526366897	0.49080875836224186	-91.72354724409449	1.6456725377034194	0.02526763345046741	0.508499713587862	-91.79650406504066	1.7377840796562891
1v1	1NSN	1OB1	0	42	0.0021141174473948776	0.881195823802746	4.469492581379433e-06	0.02141140099704519	0.0004584480926562678	0.2807245619917949	0.007626175504476418	-91.75959749597469	0.07731599231161126	-91.72483677397113	0.020389771335572005	0.4690100466191268	-91.759442	1.6918421127820733	0.016678695286822132	0.455742124767446	-91.72354724409449	1.6456725377034194	0.024221532784281224	0.48238954816670315	-91.79650406504066	1.7377840796562891
1v1	3RAJ	3VRL	0	42	0.030679489017222884	0.030057208370774084	0.0009412310463578996	0.04178572730431715	0.0017460470063507558	0.03522021492056827	0.08248043184712979	-101.78763739251401	0.10896281886476422	-101.76860442960715	0.06003111772313714	0.5158403196597647	-101.782686	1.3868135908589736	0.062273829183944564	0.5241504503754251	-101.76181889763781	1.3668042718557691	0.057715472556287194	0.5072132269478298	-101.80423170731707	1.4071284341617298
1v1	3RAJ	1NSN	0	42	0.03907421982651803	0.005721506204709949	0.0015267946550510546	0.049482152005534075	0.0024484833670987798	0.012626906160015747	0.10255170422217695	-101.78798077333589	0.12723700491291384	-101.76919596135458	0.05163028129041195	0.5284033017164182	-101.782686	1.3868135908589736	0.05797891676073938	0.5315467523624483	-101.76181889763781	1.3668042718557691	0.04507518612999257	0.5251653802574611	-101.80423170731707	1.4071284341617298
1v1	3RAJ	1H0D	0	42	0.027774644332899997	0.049547289788197994	0.000771430867819094	0.06898424963914798	0.004758826698276288	0.0005030438145893156	0.07695206364934576	-101.78431844584662	0.18955721809726858	-101.76370156839356	0.02121380206272006	0.5005486846676223	-101.782686	1.3868135908589736	0.009931939150991402	0.4974116419515861	-101.76181889763781	1.3668042718557691	0.032862554825236645	0.5036031669540981	-101.80423170731707	1.4071284341617298
1v1	3RAJ	1WEJ	0	42	0.02451014363009505	0.08310351419220523	0.000600747140767889	0.036552062948310746	0.0013360533057772711	0.06549348886599636	0.06329934394088997	-101.78524732407715	0.09348193224059059	-101.76514848358678	0.040463674940913914	0.5369881926714497	-101.782686	1.3868135908589736	0.035617427552837554	0.5344296441619952	-101.76181889763781	1.3668042718557691	0.04546752387006593	0.5396802147724006	-101.80423170731707	1.4071284341617298
1v1	3RAJ	1ADQ	0	42	0.042971482450353246	0.002372177776484086	0.001846548303981017	0.05611292456452102	0.003148660303183627	0.004671717030345764	0.12203866931749308	-101.78560927581452	0.15695858027914444	-101.765319088678	0.023953684769570827	0.48831600848163137	-101.782686	1.3868135908589736	0.02230009365474849	0.48863454845683246	-101.76181889763781	1.3668042718557691	0.025661051205200392	0.4880803546381268	-101.80423170731707	1.4071284341617298
1v1	3RAJ	1FBI	0	42	0.028433279863683332	0.04438461442966279	0.00080845140380654	0.055872441393931244	0.0031217297073182814	0.004852033775630305	0.08026011107848433	-101.7847856178095	0.15636474376419235	-101.76609972661053	0.026160165756195782	0.49129833509791104	-101.782686	1.3868135908589736	0.02737720070157464	0.4883881733047114	-101.76181889763781	1.3668042718557691	0.024903552438609484	0.4943813353325733	-101.80423170731707	1.4071284341617298
1v1	3RAJ	1OB1	0	42	0.06747985606333419	1.7899656184300465e-06	0.0045535309743283	0.07009668196690645	0.004913544822769628	0.0004072018819774925	0.1780976643089506	-101.78939279402239	0.1772229789667058	-101.77013455599878	0.037657956090569496	0.5254531656039949	-101.782686	1.3868135908589736	0.046922009828405116	0.5406096033024282	-101.76181889763781	1.3668042718557691	0.02809263231247906	0.5092639266649392	-101.80423170731707	1.4071284341617298
1v1	5E94	3VRL	0	42	-0.006882009348281453	0.6266016215335313	4.736205266983331e-05	-0.01580265450317292	0.00024972388934665137	0.4259818319506873	-0.017111827692015906	-97.70415126680645	-0.03924761456287172	-97.70486746697846	0.0324181147351861	0.5060287253379868	-97.704706	1.25821920851628	0.03226670724757778	0.5139890504184467	-97.7061338582677	1.2765478189954478	0.032574446043529645	0.49778039504037286	-97.70323170731707	1.2392678786778686
1v1	5E94	1NSN	0	42	-0.04253168782179064	0.002629267332544434	0.0018089444689702544	-0.045615415969301035	0.002080766174052364	0.021504392881377978	-0.11507971716102634	-97.70435593502164	-0.12478876744766546	-97.70588296136266	0.0030419346429407597	0.4650184055728498	-97.704706	1.25821920851628	0.0020105728278244574	0.4666306187581478	-97.7061338582677	1.2765478189954478	0.004106836679686861	0.4634403311797644	-97.70323170731707	1.2392678786778686
1v1	5E94	3RAJ	0	42	-0.003238797193690899	0.8188993175854238	1.0489807261860044e-05	0.011884792303796285	0.0001412482881043754	0.5493723087414578	-0.009021757650671177	-97.70443420378251	0.03314512855408607	-97.70721619114356	0.030126747807115318	0.4516987708355027	-97.704706	1.25821920851628	0.03265435745807614	0.4577295776622939	-97.7061338582677	1.2765478189954478	0.02751693946831837	0.44546416259125804	-97.70323170731707	1.2392678786778686
1v1	5E94	1WEJ	0	42	0.006140894907554493	0.6641995841404558	3.771059026562871e-05	-0.0020393453313910306	4.1589293806663925e-06	0.9181778326243374	0.01543915094773928	-97.70491953034681	-0.005231450142713903	-97.70608782714393	0.013830446221679449	0.5004544586874032	-97.704706	1.25821920851628	0.00879892238129781	0.49762910167353264	-97.7061338582677	1.2765478189954478	0.019025596853618213	0.5034034682713564	-97.70323170731707	1.2392678786778686
1v1	5E94	1ADQ	0	42	-0.0024226488429472774	0.8640157440797568	5.869227416233782e-06	0.015709100993391373	0.00024677585402056983	0.42872643587780535	-0.006869020483072347	-97.70450230307435	0.04350899262375461	-97.70749065912014	0.029654435615986584	0.4437638986815399	-97.704706	1.25821920851628	0.031184377541076246	0.46090284794469566	-97.7061338582677	1.2765478189954478	0.02807473948195092	0.4254316584858764	-97.70323170731707	1.2392678786778686
1v1	5E94	1FBI	0	42	-0.010140745416471838	0.473436955289006	0.00010283471760169458	-0.016005891188224937	0.0002561885527292967	0.4200548544105838	-0.02767696167656997	-97.7038001462001	-0.04378213487264677	-97.70469241079282	0.03272952466756105	0.4610072745985395	-97.704706	1.25821920851628	0.032923188397851515	0.4666808858645182	-97.7061338582677	1.2765478189954478	0.03252956292978147	0.45516972636745645	-97.70323170731707	1.2392678786778686
1v1	5E94	2YPV	0	42	-0.002523887632595905	0.8583919903519146	6.370008781970563e-06	-0.013821227808047227	0.00019102633812193793	0.486267070520253	-0.006580563210690814	-97.70431432731932	-0.03650094390182123	-97.70388159426177	0.05951962895989418	0.4825732688540335	-97.704706	1.25821920851628	0.06170426748516991	0.48336991672533985	-97.7061338582677	1.2765478189954478	0.05726394527932493	0.4818372048901064	-97.70323170731707	1.2392678786778686
1v1	1H0D	3VRL	0	42	0.01737142280562075	0.21939793564339338	0.00030176633029164074	0.03444933961962164	0.0011867570002280334	0.08258989722561005	0.04242372616354937	-83.50133295483255	0.08298949889714201	-83.47782669980462	0.012326942487061024	0.5285664750056377	-83.50081	1.290841840982733	0.008111345489311406	0.5295772818657211	-83.47715354330708	1.2757676557695465	0.016679632070103312	0.5275930708290695	-83.52523577235772	1.306033541891855
1v1	1H0D	1NSN	0	42	0.017987378464734357	0.20348520770588663	0.0003235457840335893	0.007903953282462552	6.247247749135054e-05	0.6905145804398239	0.04706082630587265	-83.50258148788481	0.02076787321140793	-83.47771037642957	0.037642515523731705	0.4933797928019849	-83.50081	1.290841840982733	0.026812236228092447	0.4855387861740136	-83.47715354330708	1.2757676557695465	0.0488249990241072	0.5012003396679812	-83.52523577235772	1.306033541891855
1v1	1H0D	3RAJ	0	42	0.04272322846569067	0.002514320255018901	0.0018252742505316015	0.019799364199449533	0.00039201482270244387	0.3185397690671936	0.1190969063335033	-83.50307440411108	0.05386495293977387	-83.47819249086015	0.019013122849166394	0.46305930677128454	-83.50081	1.290841840982733	0.019288006325171688	0.4689392094840251	-83.47715354330708	1.2757676557695465	0.018729300073128407	0.4570039563957246	-83.52523577235772	1.306033541891855
1v1	1H0D	5E94	0	42	0.010827361646701852	0.44400893037184935	0.00011723176022847025	0.03608042442722634	0.001301797026848791	0.069049923024614	0.02760745018715057	-83.50169620565529	0.09121332536537026	-83.47978226035148	0.032100235598534345	0.5062550632621585	-83.50081	1.290841840982733	0.02881944095202553	0.5046437930675344	-83.47715354330708	1.2757676557695465	0.035487722753872714	0.5079937411331115	-83.52523577235772	1.306033541891855
1v1	1H0D	1ADQ	0	42	0.025989347003951353	0.06612502175628027	0.0006754461576917952	0.017483787655289677	0.0003056828307752597	0.37843218265540696	0.07768219581994779	-83.5016880213138	0.05029151355365169	-83.47754508946028	0.011302735517546535	0.4318639062452705	-83.50081	1.290841840982733	0.007785531305744657	0.44351917878085884	-83.47715354330708	1.2757676557695465	0.014934320354122456	0.41954921680409435	-83.52523577235772	1.306033541891855
1v1	1H0D	1FBI	0	42	0.02334368360260619	0.09884891405381085	0.0005449275641385852	0.038511215838143556	0.0014831137453320791	0.05229848058992202	0.06361852670442351	-83.50294721879051	0.10131212423523757	-83.48051781291699	0.03359428300559521	0.47365138864185674	-83.50081	1.290841840982733	0.03320697927627507	0.4849504826944152	-83.47715354330708	1.2757676557695465	0.033994181978145264	0.46179307392393204	-83.52523577235772	1.306033541891855
1v1	1H0D	2YPV	0	42	0.03730095119420662	0.008343741033790486	0.0013913609599925845	0.025542592841667315	0.0006524240490751944	0.19813527378772075	0.09799096291017964	-83.5017991645082	0.06511232809422303	-83.47843360042233	0.010094446251541376	0.4913680515015792	-83.50081	1.290841840982733	0.019659212819762586	0.5004645778403796	-83.47715354330708	1.2757676557695465	0.00021863036402841894	0.4816979580402822	-83.52523577235772	1.306033541891855
1v1	1H0D	1OB1	0	42	0.014523242152178232	0.3045402333909185	0.0002109245626108066	0.011038680491688166	0.00012185246699757689	0.5781595379710206	0.03929982187096855	-83.50105102071309	0.029550026358887472	-83.47723167634405	0.00613287037089467	0.4770303717485703	-83.50081	1.290841840982733	0.0026440936456045764	0.47657458449040185	-83.47715354330708	1.2757676557695465	0.009735103249852734	0.47757066909310647	-83.52523577235772	1.306033541891855
1v1	1WEJ	1NSN	0	42	0.05489085247581689	0.00010303698046177364	0.003013005685521893	0.04254567191625977	0.0018101341988060152	0.032020893690803603	0.14254017120008006	-74.4505794653721	0.10872304493454435	-74.43618383395845	0.027174552545323968	0.4377395260287321	-74.446706	1.1367188550891139	0.03330335196796951	0.43906174590646874	-74.43256299212598	1.1219973214472831	0.020846442572348488	0.4363690126663993	-74.46130894308943	1.1517677036226863
1v1	1WEJ	3RAJ	0	42	0.039310888797591974	0.005434565103919217	0.0015453459780566422	0.016043252352872087	0.00025738594605793577	0.4189705867172499	0.10116041630142027	-74.44884522251931	0.041802793100083835	-74.43333596573979	0.021146833885461094	0.44172839674158804	-74.446706	1.1367188550891139	0.018490956141430093	0.43060486709872453	-74.43256299212598	1.1219973214472831	0.023889081637428058	0.4529984880739608	-74.46130894308943	1.1517677036226863
1v1	1WEJ	5E94	0	42	0.05350958434524597	0.00015342143940077823	0.0028632756168009924	0.05284490291417957	0.0027925837640090647	0.007725209712615453	0.1298900657405273	-74.45143665158326	0.12399072309746548	-74.43724179167039	0.03642042642980814	0.4682833371932584	-74.446706	1.1367188550891139	0.037735077492364745	0.4781957717533126	-74.43256299212598	1.1219973214472831	0.03506302248716839	0.45791668942490205	-74.46130894308943	1.1517677036226863
1v1	1WEJ	1H0D	0	42	0.03881147334350013	0.006056005217280024	0.0015063304630932213	0.006242169832108391	3.8964684212884106e-05	0.7531841015711682	0.09177356920723892	-74.44924541935437	0.014391309630015831	-74.43295263241056	0.027670487007498742	0.4807237413175074	-74.446706	1.1367188550891139	0.027074692615373867	0.48666160424035804	-74.43256299212598	1.1219973214472831	0.02828565682700979	0.4746129673290889	-74.46130894308943	1.1517677036226863
1v1	1WEJ	1FBI	0	42	0.049889735582764244	0.0004170502723484851	0.0024889857165181326	0.019918194002755817	0.0003967344523314178	0.31564341786329936	0.12750634455097015	-74.45144190697961	0.05072125582751148	-74.43427251928196	0.03714252021163702	0.44476691189013273	-74.446706	1.1367188550891139	0.03370435388656113	0.4406073933808434	-74.43256299212598	1.1219973214472831	0.04069249682370725	0.44908326350540456	-74.46130894308943	1.1517677036226863
1v1	1WEJ	2YPV	0	42	0.042658495355105436	0.0025526433318692828	0.001819747225961552	0.03065830136434751	0.0009399314425471523	0.12241104065925948	0.10480650681989322	-74.45285609791955	0.07374241478884141	-74.43702289800594	0.05868049710094929	0.4626689455761593	-74.446706	1.1367188550891139	0.06047952040501936	0.4664687494898136	-74.43256299212598	1.1219973214472831	0.056822968973982625	0.4587999660984991	-74.46130894308943	1.1517677036226863
1v1	1WEJ	1OB1	0	42	0.03439379825290382	0.015010723080498962	0.0011829333582614497	0.023931757674080366	0.0005727290253709045	0.2279325794000724	0.08596734827999972	-74.44867259511358	0.060044088197258746	-74.43318586862482	0.02287607042565942	0.4547782356258372	-74.446706	1.1367188550891139	0.010373652386149084	0.44719420036211743	-74.43256299212598	1.1219973214472831	0.035785071165641634	0.4622145847084812	-74.46130894308943	1.1517677036226863
1v1	1ADQ	3VRL	0	42	0.018636954678618575	0.18763201406872781	0.0003473360796928828	0.030476033348916142	0.0009287886086842489	0.12465018074655196	0.05670679475048405	-95.92973278982558	0.0949797756728326	-95.9364826305029	0.03193250180315226	0.5341595097320492	-95.92792200000001	1.6252909450455917	0.028501224944617334	0.5320798498446034	-95.93377559055118	1.6582481125309159	0.03547536490098914	0.5363834938588896	-95.92187804878048	1.5908601957525084
1v1	1ADQ	3RAJ	0	42	0.011668740387389666	0.4094134181810747	0.00013615950222829873	0.002903947028112725	8.432908342084727e-06	0.8836983107252607	0.03974118096180637	-95.92881809324224	0.009961263513803113	-95.93407616951482	0.02254822882786393	0.4772152621715758	-95.92792200000001	1.6252909450455917	0.03017478286780006	0.48341906341344665	-95.93377559055118	1.6582481125309159	0.014673656770368903	0.4706925045327247	-95.92187804878048	1.5908601957525084
1v1	1ADQ	5E94	0	42	-0.0041944362636934865	0.7668340795739595	1.7593295570186974e-05	-0.012405142145135325	0.00015388755164101264	0.5320263414986712	-0.012871494203258702	-95.92737393078482	-0.038826420105715576	-95.93222352691748	0.042580077064037325	0.5296338693311811	-95.92792200000001	1.6252909450455917	0.03997442023901958	0.5298145822317006	-95.93377559055118	1.6582481125309159	0.04527047069637272	0.5295414735379346	-95.92187804878048	1.5908601957525084
1v1	1ADQ	1H0D	0	42	-0.002534828404387594	0.8577846616792242	6.425355039690156e-06	-0.017252300881304777	0.0002976418856990696	0.3847786193982666	-0.007712307690436244	-95.92783846080232	-0.053531831321637496	-95.9328946623894	0.010831932674348354	0.5341894823522509	-95.92792200000001	1.6252909450455917	0.01645615589768281	0.5344221310370505	-95.93377559055118	1.6582481125309159	0.005024807882775378	0.5339956367160743	-95.92187804878048	1.5908601957525084
1v1	1ADQ	1WEJ	0	42	-0.017784055693997818	0.20864225681371346	0.0003162726369272162	-0.03159787103463198	0.0009984254539212344	0.11136309290524007	-0.05382992342776342	-95.92567709506604	-0.09642287158601097	-95.92969642487176	0.04170366203486919	0.5369553372005613	-95.92792200000001	1.6252909450455917	0.042304959522164245	0.5434095577254053	-95.93377559055118	1.6582481125309159	0.04108281015774341	0.530318545308297	-95.92187804878048	1.5908601957525084
1v1	1ADQ	2YPV	0	42	-0.007298614539606654	0.6058768865370492	5.326977419775765e-05	-0.020310244205599473	0.00041250601969108696	0.3062105755267147	-0.02343797341827786	-95.92689727779373	-0.06676418005399248	-95.93131915796499	0.04372059767823666	0.5061176540690451	-95.92792200000001	1.6252909450455917	0.03679267212154534	0.5044534972457334	-95.93377559055118	1.6582481125309159	0.05087382162701551	0.5078335807602897	-95.92187804878048	1.5908601957525084
1v1	1ADQ	1OB1	0	42	0.0036579930656763905	0.7959474613308489	1.3380913268536558e-05	-0.00396870812387401	1.575064417250356e-05	0.8415439920251025	0.011944623816789937	-95.92804700089245	-0.013269095093315798	-95.93367904521061	0.01046503384616226	0.4977388235796773	-95.92792200000001	1.6252909450455917	0.007275955136278717	0.4959722354327874	-95.93377559055118	1.6582481125309159	0.013757822432789982	0.4996357917407282	-95.92187804878048	1.5908601957525084
1v1	1FBI	3VRL	0	42	0.020324551798432386	0.15073165418315965	0.0004130874058071611	0.01461943748469601	0.00021372795236893478	0.4614428203915168	0.05404541868624075	-91.61036409751544	0.03886726824658607	-91.58543653356485	0.0581750977575779	0.5259506346916708	-91.60722	1.3985657613561735	0.06228339789713931	0.5234875475890447	-91.58301574803149	1.3917451309062923	0.05393319436144538	0.5285547102787	-91.63221138211382	1.4054189799426815
1v1	1FBI	1NSN	0	42	0.005357807845155842	0.7048644449136992	2.870610490561349e-05	-0.011277533369193102	0.00012718275889326392	0.5699615867375575	0.014111311994626754	-91.60771104886774	-0.02972402445208145	-91.58191621594587	0.03479824327528477	0.531009916797305	-91.60722	1.3985657613561735	0.036991359880120735	0.5280392693962023	-91.58301574803149	1.3917451309062923	0.03253380580525088	0.5341577643697192	-91.63221138211382	1.4054189799426815
1v1	1FBI	5E94	0	42	0.026182584005825134	0.06413464418725609	0.0006855277052220902	0.021244597258444818	0.0004513329126735211	0.2844898165846039	0.06962142018612077	-91.6085259834858	0.056290183797506235	-91.58416902163991	0.018758357447385788	0.525959761184047	-91.60722	1.3985657613561735	0.020488005732809466	0.5252614718558853	-91.58301574803149	1.3917451309062923	0.016972460437232887	0.5267806240809669	-91.63221138211382	1.4054189799426815
1v1	1FBI	1H0D	0	42	-0.01938967572797605	0.17042384796373897	0.00037595952483606354	-0.0009745808223503034	9.498077792929936e-07	0.9608450537748666	-0.05709148600425437	-91.60603366537661	-0.002854556487027267	-91.58292313148293	0.020779536607116462	0.47498740171036746	-91.60722	1.3985657613561735	0.03244516231471629	0.475158967903338	-91.58301574803149	1.3917451309062923	0.008734540957806071	0.47460589422635	-91.63221138211382	1.4054189799426815
1v1	1FBI	1WEJ	0	42	0.024364057897228737	0.084956542835603	0.000593607317219514	0.020897451830069944	0.00043670349299009366	0.29243498652468364	0.06350520095905432	-91.60862681830613	0.05640916729576172	-91.58441258857891	0.02215280457288027	0.5365660870003894	-91.60722	1.3985657613561735	0.024762651432804237	0.5155886574315215	-91.58301574803149	1.3917451309062923	0.019458084644340887	0.5574903706365731	-91.63221138211382	1.4054189799426815
1v1	1FBI	1ADQ	0	42	0.0174896906782979	0.21627527586612147	0.0003058892800225404	0.015435933945473098	0.00023826805676900869	0.43679898800297	0.05108051784428122	-91.60883033422427	0.04677210581126855	-91.58419611900237	0.03152540914416313	0.47886128785835635	-91.60722	1.3985657613561735	0.0252366437305381	0.45930978597141675	-91.58301574803149	1.3917451309062923	0.03801868725416622	0.49825471362449525	-91.63221138211382	1.4054189799426815
1v1	1FBI	1OB1	0	42	0.004712895427101356	0.7390055402791705	2.2211383306792873e-05	-0.0053813604853055275	2.895904067280774e-05	0.7863291279088048	0.013778629699993043	-91.60750977177932	-0.01581862387802544	-91.58269683139484	0.021030522313714026	0.47837080498699147	-91.60722	1.3985657613561735	0.020160833146335103	0.4734597845454595	-91.58301574803149	1.3917451309062923	0.02192849405564186	0.483483853934469	-91.63221138211382	1.4054189799426815
1v1	2YPV	3VRL	0	42	0.012187266346242481	0.3889151602207962	0.00014852946099425457	0.022391363742494164	0.0005013731702486823	0.25928819233754646	0.03803182815206741	-96.84761860451448	0.06916167187283119	-96.84900684820207	0.02457427265122533	0.47316451344012395	-96.84668400000001	1.4765666845689016	0.025942834062633785	0.477771314690124	-96.8472125984252	1.4757235547093255	0.023161205177657247	0.46845328171119227	-96.84613821138211	1.4777365710185957
1v1	2YPV	1NSN	0	42	-0.004736098814540844	0.7377677349451929	2.2430631981095186e-05	-0.004267703150625376	1.8213290181857764e-05	0.8297824670131542	-0.013901247972012752	-96.8459917957236	-0.012381061469209167	-96.84658213894664	0.049794398155808446	0.5030602819582374	-96.84668400000001	1.4765666845689016	0.050921278443979465	0.5086761001494479	-96.8472125984252	1.4757235547093255	0.04863087135420097	0.4972960110208014	-96.84613821138211	1.4777365710185957
1v1	2YPV	3RAJ	0	42	0.03704405492749485	0.008801891658015669	0.0013722620054712556	0.02592389118334732	0.0006720481340860329	0.19151877838712453	0.12187287302373931	-96.84972260678956	0.0855674448558601	-96.84982879969782	0.024932593400031327	0.44881207778405374	-96.84668400000001	1.4765666845689016	0.03057472707014384	0.4470917287928525	-96.8472125984252	1.4757235547093255	0.01910697570812654	0.450598239794446	-96.84613821138211	1.4777365710185957
1v1	2YPV	1H0D	0	42	0.015471166546508186	0.2740564752885232	0.000239356994309794	0.015508954336120156	0.00024052766459986018	0.4346325852893478	0.04972679816215508	-96.84810728780703	0.04819738138330141	-96.84859018494922	0.02862214861214161	0.45939432938089747	-96.84668400000001	1.4765666845689016	0.02858218609641387	0.4748583546631626	-96.8472125984252	1.4757235547093255	0.028663410721876757	0.44295783318826143	-96.84613821138211	1.4777365710185957
1v1	2YPV	1WEJ	0	42	-0.001642202516719246	0.9075793927176654	2.696829105919026e-06	0.009848102919697364	9.698513111695175e-05	0.6198263477836571	-0.005060657425206755	-96.84646618912289	0.03089024630165501	-96.84858903449557	0.043040035858750346	0.4791514860209207	-96.84668400000001	1.4765666845689016	0.044558921834732604	0.47047463804271233	-96.8472125984252	1.4757235547093255	0.04147175521688248	0.4880394440089591	-96.84613821138211	1.4777365710185957
1v1	2YPV	1ADQ	0	42	-0.03536292692917856	0.012395042136012802	0.0012505366009984225	-0.05149875525828754	0.0026521217931529985	0.009434338393435557	-0.11846759902711856	-96.84340488518424	-0.16979096228914697	-96.8431774176487	0.02767942325770855	0.4407595004986651	-96.84668400000001	1.4765666845689016	0.023765580464653144	0.447597004859586	-96.8472125984252	1.4757235547093255	0.03172054549118852	0.4336404335185158	-96.84613821138211	1.4777365710185957
1v1	2YPV	1FBI	0	42	0.006172107016346239	0.6625981114912395	3.8094905021230475e-05	0.019653325683518866	0.0003862532104224623	0.3221230536307034	0.020389972680493963	-96.84762390997933	0.06209464726393779	-96.85033176600737	0.04609667673707008	0.4469612459393903	-96.84668400000001	1.4765666845689016	0.05023247123013918	0.46707529420790306	-96.8472125984252	1.4757235547093255	0.04182638486211256	0.42524884814201147	-96.84613821138211	1.4777365710185957
1v1	1OB1	3VRL	0	42	0.027466733189628455	0.05212837278516483	0.0007544214321102374	0.0349295443708344	0.0012200730699540889	0.07839693536955643	0.0840577732166032	-94.4091871225921	0.10922431523478006	-94.39502221243043	0.02242651119530201	0.5444442853242472	-94.407302	1.6661892023679796	0.03343700239742835	0.5359927221184065	-94.39137007874015	1.6760435642294491	0.011057955238634978	0.5529141539124969	-94.42375203252033	1.6561326834296726
1v1	1OB1	1NSN	0	42	0.022027658993818353	0.11937786894902969	0.00048521776074794654	0.023980502005736197	0.0005750644764471178	0.22698647229556015	0.07057684121345756	-94.40985815328946	0.07706832831134969	-94.39493141954993	0.03621801777333021	0.520032448858806	-94.407302	1.6661892023679796	0.04621017333266773	0.5215159967055228	-94.39137007874015	1.6760435642294491	0.025900914065721557	0.5184000864915158	-94.42375203252033	1.6561326834296726
1v1	1OB1	3RAJ	0	42	0.009391884196619895	0.5067190510040881	8.820748876271853e-05	0.014093835765996324	0.0001986362065988772	0.4777087423399444	0.0358522321893709	-94.40901270119011	0.053147536909239484	-94.3939129483183	0.04771533278822899	0.43647647810719964	-94.407302	1.6661892023679796	0.04784548308436326	0.44445865424098524	-94.39137007874015	1.6760435642294491	0.04758094996213913	0.4281689006944981	-94.42375203252033	1.6561326834296726
1v1	1OB1	5E94	0	42	0.0068183347278031985	0.6297959097272886	4.648968846036711e-05	0.01467093063461242	0.0002152362056856092	0.4598660515058966	0.02392186418877769	-94.40733448612829	0.05138523058192383	-94.39137657872726	0.001358009894937277	0.4749059526438149	-94.407302	1.6661892023679796	0.00012649524164950755	0.47852502738531316	-94.39137007874015	1.6760435642294491	0.0026295738052425346	0.4712339142694615	-94.42375203252033	1.6561326834296726
1v1	1OB1	1WEJ	0	42	-0.020343777236833928	0.15034570437495873	0.0004138692722619223	-0.01757925581309684	0.000309030234942299	0.37583369879563167	-0.06715067113220219	-94.40536291383762	-0.05874013812015722	-94.389404614905	0.028876646051555873	0.5047839641193647	-94.407302	1.6661892023679796	0.033460320284458125	0.5015922589286119	-94.39137007874015	1.6760435642294491	0.02414390924197387	0.5081170321196992	-94.42375203252033	1.6561326834296726
1v1	1OB1	1ADQ	0	42	-0.027226705497393318	0.05421756235196662	0.0007412934922417876	-0.041627505648444946	0.0017328492265113158	0.03591956341817857	-0.10027497468603597	-94.40498726438783	-0.15542145031620486	-94.38779906820129	0.023083881291747092	0.45240442949852966	-94.407302	1.6661892023679796	0.02297630431057196	0.4489053010061176	-94.39137007874015	1.6760435642294491	0.023194956711334425	0.45608045264243824	-94.42375203252033	1.6561326834296726
1v1	1OB1	1FBI	0	42	0.011460797474838927	0.41781101810592086	0.0001313498787592743	0.016633539003698086	0.00027667461978754553	0.4020591872758803	0.038136549565866124	-94.40872169198124	0.05608389449892593	-94.39395612657415	0.037226545068994164	0.5007232489690672	-94.407302	1.6661892023679796	0.04611034695513722	0.4970863069799117	-94.39137007874015	1.6760435642294491	0.02805383905647247	0.5043878252609502	-94.42375203252033	1.6561326834296726
1v1	1OB1	2YPV	0	42	0.015051351863586842	0.2872899853023897	0.0002265431929214991	0.012880216287421841	0.0001658999716107669	0.5164354410837831	0.051316968677846506	-94.40899240878075	0.04463431579901268	-94.39281959038514	0.03294054236523807	0.48869605127311305	-94.407302	1.6661892023679796	0.032475274215327705	0.48365933761898955	-94.39137007874015	1.6760435642294491	0.033420941186690235	0.49394058986969774	-94.42375203252033	1.6561326834296726
1v9	3VRL	auto	0	42	0.01777587201542346	0.20907966441775613	0.0003159816259087149	0.007980200873680957	6.368360598429831e-05	0.6915625275776313	0.07407357498631602	-98.30852136772785	0.032243392612019285	-98.28194145854202	-0.01896166343081582	0.40284950621696514	-98.30992592592592	1.6787082558349382	-0.023527992475196637	0.4042985798109468	-98.28270008084075	1.6335375572215052	-0.014480466264692009	0.4014520669013861	-98.33664418881396	1.7217908738948298
high_vs_95low	3VRL	auto	0	42	0.006962176818562776	0.4863417310458201	4.84719060529329e-05	-0.002864952038736681	8.207950184261465e-06	0.8395004804577166	0.12052546649386146	-90.34781919364782	-0.04981917745613779	-90.20312472664416	0.02604174652174115	0.5118297550735554	-90.3446805	8.860521874596834	0.020780619207024575	0.510949383230598	-90.20416000000002	8.884992715444994	0.03130287383645773	0.5127057231578998	-90.485201	8.834636677059349
high_vs_looser	3VRL	auto	0	42	0.01589703713304765	0.11192377307205019	0.0002527157896094958	0.023650444545881204	0.000559343527217802	0.09449381900201616	0.07980525271069944	-96.20658396037098	0.11670022989263172	-96.16463465467139	0.028105422822758554	0.5033210297103357	-96.20434100000001	2.5267388906773043	0.02961137843988836	0.5066607774269863	-96.161179	2.500055721515254	0.026599467205628752	0.5000051143233821	-96.24750300000001	2.5526634537542545
1v9	1NSN	auto	0	42	-0.003912320472886225	0.7822129544314819	1.5306251482564698e-05	0.0012780152069501553	1.6333228691958484e-06	0.9493400845877806	-0.014896320457524672	-91.76013859141622	0.00501947029107829	-91.78893885643122	0.007495732542809781	0.4444243762031211	-91.76025025025025	1.6921640169646135	0.00038095878809088165	0.43504676770957706	-91.7889369442199	1.7086684993007728	0.01447786275668307	0.45341642623209094	-91.73209837366124	1.675670749329967
high_vs_95low	1NSN	auto	0	42	0.019021040336756133	0.05716614559663928	0.0003617999754925039	0.035628292546069536	0.001269375229748314	0.011753142958066395	0.3454521320819288	-83.18565263969333	0.6413719019625709	-83.09225407331417	0.0211769996881485	0.5170930601764907	-83.178337	9.391226608018291	0.02485776702314615	0.521781982504021	-83.076311	9.392993001156944	0.017496232353150846	0.5123869775150659	-83.28036300000001	9.389290530629266
high_vs_looser	1NSN	auto	0	42	0.01475307270032597	0.14015794225494352	0.0002176531541011034	7.220186624570801e-05	5.21310948936311e-09	0.9959274821178714	0.08450046722696693	-89.44998867497519	0.00041167687602851533	-89.42531076606613	-0.010155624613910914	0.4781541848981211	-89.45084682999999	2.7387008015984566	-0.0021714453395456075	0.48089193490913495	-89.42531165999999	2.741924824898582	-0.01813980388827622	0.475314644947107	-89.476382	2.735508812226411
1v9	3RAJ	auto	0	42	0.012739758481256972	0.3680150976004207	0.00016230144616075895	0.02700427449545796	0.0007292308410260413	0.17935607648401775	0.03584453177605924	-101.78340865397827	0.0777370946544578	-101.76547153818206	0.007295585076909165	0.4930380354084035	-101.78314714714715	1.3872097774054275	0.0014381406071355676	0.47829496084945916	-101.76535974130962	1.3768657495517884	0.013043826892942438	0.5071188971087633	-101.80060293534312	1.3973394622755955
high_vs_95low	3RAJ	auto	0	42	0.02057717535452466	0.03962103915956256	0.00042342014557085705	0.014600837558822037	0.00021318445741910828	0.3019634454629623	0.3442615020806855	-93.97168221991231	0.2423477991996927	-93.88896423465725	0.030461494674906133	0.525907379788408	-93.96119549999999	8.79856741277414	0.031232941591739654	0.5292462753257213	-93.88139500000001	8.784541951316182	0.029690047758072616	0.5225989481109248	-94.04099599999999	8.812726423042157
high_vs_looser	3RAJ	auto	0	42	0.018318189747701646	0.06698962007839816	0.0003355560756328017	0.027205634157982245	0.0007401465299379703	0.05440425530323635	0.084140330701075	-99.870440575839	0.1251244974479233	-99.86317686471051	0.029065441252291203	0.49449449564469367	-99.867995	2.2713450928531493	0.02775527399778366	0.4925135423432657	-99.859704	2.265174526501457	0.030375608506798744	0.4965133472881242	-99.876286	2.277695310042379
1v9	5E94	auto	0	42	-0.00808598823249677	0.567765080540091	6.538320569607625e-05	0.01395508631128117	0.00019474443395530708	0.4878079534572716	-0.025021741600845374	-97.70526906263947	0.04168157393658767	-97.68105781906102	-0.011033190685782108	0.4067318337726217	-97.704992992993	1.2586141053994786	-0.015641507923018817	0.41352088161966766	-97.68170978172999	1.2351196414760477	-0.006510788129287218	0.39998781101285263	-97.72784212614043	1.281085393788046
high_vs_95low	5E94	auto	0	42	0.016844157114934616	0.09211894795707255	0.00028372562891260247	0.015483726854561933	0.00023974579730668238	0.2736670679637094	0.28799917513232587	-89.89915175395495	0.2612621739692662	-89.77143367588312	0.009629381590336562	0.5029318989005238	-89.8963785	8.5990632266588	0.003604333029687405	0.5095953536858422	-89.77049199999999	8.598575213782658	0.015654430150985717	0.49615677627146576	-90.022265	8.598567998166814
high_vs_looser	5E94	auto	0	42	0.05536929729367582	3.016301463082935e-08	0.003065759082795456	0.06073176498227929	0.0036883472778628055	1.7290878280417705e-05	0.26086705140921834	-95.72628598990248	0.2769952822213194	-95.68514509083754	0.005075343533977866	0.4900479217898357	-95.724962	2.308813054434678	0.005224243625998497	0.5026994155234409	-95.68369799999999	2.292793013936698	0.0049264434419572355	0.47711133248233123	-95.766226	2.324219407907791
1v9	1H0D	auto	0	42	-0.019435312089827253	0.169633402045033	0.0003777313560289854	-0.020080034045714925	0.0004032077672770705	0.3181032950841381	-0.05312588804284874	-83.5008231113467	-0.05713715854686953	-83.50402487050827	0.005044240280016287	0.47239278699109016	-83.50109109109108	1.2912726174894	1.7476012883594948e-05	0.45557169737973185	-83.504025869038	1.2963161438560524	0.009977288592942222	0.48837751131302304	-83.49821102737009	1.2865545892053474
high_vs_95low	1H0D	auto	0	42	0.04209713618960956	2.5418193883862808e-05	0.0017721688753665346	0.02928356555141965	0.0008575272114042917	0.038397401726585914	0.6532406520695196	-76.7420599857632	0.45337705365355896	-76.62663230442521	0.020044658460468052	0.48307643732932287	-76.72896599999999	7.496119581605032	0.01906427410840988	0.48476666236855726	-76.617989	7.505304663402883	0.021025042812526228	0.48142676584853195	-76.83994299999999	7.486028544323382
high_vs_looser	1H0D	auto	0	42	0.05324639272797849	9.943516594563071e-08	0.0028351783385421204	0.05679125523331724	0.003225246670975783	5.8697441371220704e-05	0.22507798525376432	-81.72805877352911	0.24088076768601413	-81.68300192202956	0.026525355300493537	0.4983258639356531	-81.7220885	2.1064747433217015	0.0295163540776819	0.4939413738665101	-81.675892	2.0950580655427253	0.023534356523305176	0.5027037223447305	-81.76828499999999	2.1170313951759523
1v9	1WEJ	auto	0	42	-0.022062915175898454	0.11897201378317337	0.0004867722260588903	-0.029436346676353684	0.0008664985056504786	0.1432701646356408	-0.06070606968443672	-74.44669970890389	-0.08138933447455822	-74.4419165189251	-0.003050673357001296	0.4132008957823765	-74.4465145145145	1.1369214889806918	-0.0010005493084437056	0.422263234950786	-74.44183508488278	1.167526800916847	-0.0050625761321427	0.404183754355657	-74.451106703689	1.1062765757361506
high_vs_95low	1WEJ	auto	0	42	0.025736381239875202	0.010060506683816445	0.0006623613193242002	0.027960682018238345	0.0007817997389250372	0.04804039237546542	0.3504072856201809	-68.41453706601482	0.38278324407480885	-68.28494518868196	0.0317209044188261	0.49898909057846297	-68.40342183	6.793861621569989	0.026392296001315117	0.5012138616238052	-68.27484266000002	6.861644784004089	0.03704951283633709	0.49674731850072695	-68.532001	6.723622807812122
high_vs_looser	1WEJ	auto	0	42	0.004849770648379757	0.6277335979719488	2.3520275341885805e-05	0.012717482235951899	0.0001617343544217521	0.3686136152086446	0.017764606227307824	-72.98763845325813	0.04671752287454928	-72.99018505053559	0.01618123444020748	0.4792595228604378	-72.987351	1.7555173886718256	0.016440309509634973	0.48170362294799607	-72.98941699999999	1.7695326485458882	0.015922159370779992	0.47685093373553167	-72.985285	1.7415638841936116
1v9	1ADQ	auto	0	42	-0.0046076652274386985	0.7447509150298367	2.1230578848147713e-05	0.005743763279110392	3.299081660645696e-05	0.7752236788858067	-0.015354474407896916	-95.9278519443769	0.019721820444500375	-95.93000301162601	-0.007698774963497996	0.487860657815189	-95.92773373373375	1.6257352944037755	-0.0023067252004252583	0.47917365599579587	-95.93004850444625	1.6452935725340543	-0.012990298610400795	0.4962759965029585	-95.92546211820707	1.6066334820017316
high_vs_95low	1ADQ	auto	0	42	0.009341036167818402	0.3503001676557656	8.72549566884915e-05	0.01117081050775519	0.00012478700740017377	0.42968971523574584	0.15637475138735085	-87.97861548375943	0.18498498511440553	-87.80649519487265	0.004044666762650013	0.5242512789247963	-87.97798299999998	8.776292258539044	0.0016660534501075745	0.5313036807007435	-87.806187	8.798215975236152	0.006423280075192451	0.5171449185602784	-88.14977900000001	8.751821265956762
high_vs_looser	1ADQ	auto	0	42	0.018513472234281802	0.06413008138486505	0.0003427486541695232	0.029388536710763403	0.0008636860899998882	0.03770819981334349	0.09567471240345486	-93.76112214732434	0.15168921773516963	-93.71671733234565	0.007093277913704514	0.49979023473536754	-93.7604435	2.582837317886836	0.002500720561295748	0.49702654839816357	-93.71633800000001	2.5654073580502845	0.011685835266113281	0.5025464596492906	-93.804549	2.599658711577801
1v9	1FBI	auto	0	42	0.026615314501980573	0.05998442212710239	0.0007083749660393374	0.03774847864656125	0.0014249476401298907	0.0604764590082895	0.08198230824223651	-91.60642235151013	0.11307778115393377	-91.62715023306255	-0.0045673913634694495	0.45404256124863135	-91.60679679679679	1.3985728858698234	-0.0043621235975066595	0.46620637720357444	-91.62764349232013	1.3965485387525496	-0.004768832241292513	0.4418726131541962	-91.5863387544625	1.4005319435423158
high_vs_95low	1FBI	auto	0	42	0.01738692250137043	0.08210403565128811	0.00030230507406866136	0.012878987563295105	0.00016586832065551	0.3625630960443017	0.32990544870182614	-82.96025395206553	0.2479501747040692	-82.87052153566289	0.020813393936306237	0.4977129360219169	-82.9533875	9.44377646303281	0.018590572353452444	0.49041233695920367	-82.865912	9.44156705086244	0.023036215519160033	0.5049472673666238	-83.040863	9.44611946541129
high_vs_looser	1FBI	auto	0	42	0.021039702989553453	0.0353836674937851	0.0004426691018886245	0.03242956398247541	0.0010516766200934662	0.02183958802232504	0.11492829723211095	-89.49915834946316	0.18162294058605835	-89.4835285742281	0.005197583863139153	0.4527240034007233	-89.498561	2.4729816220686605	-0.0008007015600800515	0.4436083805208477	-89.483674	2.4844447055273697	0.011195869286358356	0.4616261236065285	-89.513448	2.4616236002780605
1v9	2YPV	auto	0	42	0.0002316547779320794	0.9869406676449357	5.3663936138761026e-08	0.00526706981018076	2.774202438531759e-05	0.7934371725911189	0.0007714465188414037	-96.84774546311249	0.01647133347114826	-96.80559320475767	0.00482388692754167	0.44349460847689554	-96.84774174174174	1.4769061742664866	0.0043579932805165806	0.4568396733602251	-96.80552142279709	1.4286422762481341	0.005281094735054589	0.43008623129986584	-96.8891749305831	1.5219289248593864
high_vs_95low	2YPV	auto	0	42	0.03950035767316422	7.779804358181467e-05	0.0015602782563079033	0.044427327999121115	0.001973787473141491	0.0016765339702268763	0.7217234207110417	-89.01450333730368	0.8084353185093586	-88.98493059912765	0.016429891234636305	0.4745583775652071	-89.0026455	8.6708049182082	0.026352880236506462	0.4726797404669328	-88.963626	8.601259939487543	0.006506902232766151	0.4762701436284913	-89.04166500000001	8.740482666319014
high_vs_looser	2YPV	auto	0	42	0.004259495468151775	0.670182003360433	1.8143301643205506e-05	0.007178884623140622	5.153638443236488e-05	0.6118016386078047	0.022420298404770632	-94.78037242485472	0.037254589949900024	-94.74504807815755	-0.007117440742254257	0.4646349679447875	-94.780532	2.44565458714267	-0.009339032931625843	0.4699611686693004	-94.745396	2.438848310043057	-0.0048958485528826715	0.45928326734885394	-94.815668	2.452182406242783
1v9	1OB1	auto	0	42	-0.0067485860724420975	0.6334728580351544	4.554341397715945e-05	-0.011296836077873294	0.00012761850537033968	0.5743675210171852	-0.024855281654774485	-94.4080450848288	-0.041802265731185215	-94.4150360064395	0.007932214013434148	0.45249739716295434	-94.40824224224225	1.6665639489237756	0.002136169218291847	0.45572940278484597	-94.41512530315279	1.6863590358756664	0.013620200853252495	0.4493207677700994	-94.40148750495835	1.647213366189256
high_vs_95low	1OB1	auto	0	42	0.05794540353641525	6.683561545839993e-09	0.003357669790998005	0.07914214785110757	0.00626347956648657	2.099613196566611e-08	1.013643611350827	-86.14153949639422	1.393007156239469	-86.01663346539787	0.02325373151898384	0.5195607073541822	-86.1179685	9.088717302443097	0.02482001994252205	0.5194215840962999	-85.98205899999999	9.142511334322684	0.02168744309544563	0.5197470223030763	-86.253878	9.033472477188095
high_vs_looser	1OB1	auto	0	42	-0.002057715402459039	0.8369892969449206	4.234192677517165e-06	-0.017918382374700118	0.00032106842692596386	0.2052247123645361	-0.01145769638745328	-92.08569825848528	-0.09943693864952316	-92.06107272078769	0.009010669436305761	0.4924983134084385	-92.08580149999999	2.7423112737634177	0.013649648015201092	0.49520069139834766	-92.06242999999999	2.7480851641668496	0.004371690857410431	0.48978661111395794	-92.10917300000001	2.7366004197621674
